2026-07-08 08:29:48.586 +03:00 [WRN] The 'StaffStatus' property 'Status' on entity type 'Staff' is configured with a database-generated default, but has no configured sentinel value. The database-generated default will always be used for inserts when the property has the value 'Inactive', since this is the CLR default for the 'StaffStatus' type. Consider using a nullable type, using a nullable backing field, or setting the sentinel value for the property to ensure the database default is used when, and only when, appropriate. See https://aka.ms/efcore-docs-default-values for more information.
2026-07-08 08:29:50.238 +03:00 [INF] QR token expiry sweep started (interval 5s).
2026-07-08 08:29:50.320 +03:00 [INF] Now listening on: http://localhost:5080
2026-07-08 08:29:50.321 +03:00 [INF] Application started. Press Ctrl+C to shut down.
2026-07-08 08:29:50.321 +03:00 [INF] Hosting environment: Development
2026-07-08 08:29:50.321 +03:00 [INF] Content root path: C:\PROJECTS\employer\src\Attendance.Api
2026-07-08 08:29:55.620 +03:00 [INF] Expired 1 stale QR token(s); a replacement was pushed to the kiosk.
2026-07-08 08:30:03.712 +03:00 [INF] HTTP GET /swagger/index.html responded 200 in 101.9393 ms
2026-07-08 08:30:15.295 +03:00 [INF] Expired 1 stale QR token(s); a replacement was pushed to the kiosk.
2026-07-08 08:30:35.264 +03:00 [INF] Expired 1 stale QR token(s); a replacement was pushed to the kiosk.
2026-07-08 08:30:55.265 +03:00 [INF] Expired 1 stale QR token(s); a replacement was pushed to the kiosk.
2026-07-08 08:31:15.276 +03:00 [INF] Expired 1 stale QR token(s); a replacement was pushed to the kiosk.
2026-07-08 08:31:35.261 +03:00 [INF] Expired 1 stale QR token(s); a replacement was pushed to the kiosk.
2026-07-08 08:31:50.287 +03:00 [INF] Expired 1 stale QR token(s); a replacement was pushed to the kiosk.
2026-07-08 08:32:10.265 +03:00 [INF] Expired 1 stale QR token(s); a replacement was pushed to the kiosk.
2026-07-08 08:32:30.255 +03:00 [INF] Expired 1 stale QR token(s); a replacement was pushed to the kiosk.
2026-07-08 08:32:50.253 +03:00 [INF] Expired 1 stale QR token(s); a replacement was pushed to the kiosk.
2026-07-08 08:33:05.267 +03:00 [INF] Expired 1 stale QR token(s); a replacement was pushed to the kiosk.
2026-07-08 08:33:25.252 +03:00 [INF] Expired 1 stale QR token(s); a replacement was pushed to the kiosk.
2026-07-08 08:33:40.259 +03:00 [INF] Expired 1 stale QR token(s); a replacement was pushed to the kiosk.
2026-07-08 08:34:00.259 +03:00 [INF] Expired 1 stale QR token(s); a replacement was pushed to the kiosk.
2026-07-08 08:34:20.264 +03:00 [INF] Expired 1 stale QR token(s); a replacement was pushed to the kiosk.
2026-07-08 08:34:40.267 +03:00 [INF] Expired 1 stale QR token(s); a replacement was pushed to the kiosk.
2026-07-08 08:35:00.255 +03:00 [INF] Expired 1 stale QR token(s); a replacement was pushed to the kiosk.
2026-07-08 08:35:15.264 +03:00 [INF] Expired 1 stale QR token(s); a replacement was pushed to the kiosk.
2026-07-08 08:35:35.253 +03:00 [INF] Expired 1 stale QR token(s); a replacement was pushed to the kiosk.
2026-07-08 08:35:50.262 +03:00 [INF] Expired 1 stale QR token(s); a replacement was pushed to the kiosk.
2026-07-08 08:36:10.262 +03:00 [INF] Expired 1 stale QR token(s); a replacement was pushed to the kiosk.
2026-07-08 08:36:30.258 +03:00 [INF] Expired 1 stale QR token(s); a replacement was pushed to the kiosk.
2026-07-08 08:36:45.261 +03:00 [INF] Expired 1 stale QR token(s); a replacement was pushed to the kiosk.
2026-07-08 08:37:05.261 +03:00 [INF] Expired 1 stale QR token(s); a replacement was pushed to the kiosk.
2026-07-08 08:37:25.266 +03:00 [INF] Expired 1 stale QR token(s); a replacement was pushed to the kiosk.
2026-07-08 08:37:45.256 +03:00 [INF] Expired 1 stale QR token(s); a replacement was pushed to the kiosk.
2026-07-08 08:38:00.266 +03:00 [INF] Expired 1 stale QR token(s); a replacement was pushed to the kiosk.
2026-07-08 08:38:20.266 +03:00 [INF] Expired 1 stale QR token(s); a replacement was pushed to the kiosk.
2026-07-08 08:38:40.253 +03:00 [INF] Expired 1 stale QR token(s); a replacement was pushed to the kiosk.
2026-07-08 08:38:55.263 +03:00 [INF] Expired 1 stale QR token(s); a replacement was pushed to the kiosk.
2026-07-08 08:39:15.373 +03:00 [INF] Expired 1 stale QR token(s); a replacement was pushed to the kiosk.
2026-07-08 08:39:35.268 +03:00 [INF] Expired 1 stale QR token(s); a replacement was pushed to the kiosk.
2026-07-08 08:39:55.275 +03:00 [INF] Expired 1 stale QR token(s); a replacement was pushed to the kiosk.
2026-07-08 08:40:15.261 +03:00 [INF] Expired 1 stale QR token(s); a replacement was pushed to the kiosk.
2026-07-08 08:40:35.254 +03:00 [INF] Expired 1 stale QR token(s); a replacement was pushed to the kiosk.
2026-07-08 08:40:55.255 +03:00 [INF] Expired 1 stale QR token(s); a replacement was pushed to the kiosk.
2026-07-08 08:41:15.255 +03:00 [INF] Expired 1 stale QR token(s); a replacement was pushed to the kiosk.
2026-07-08 08:41:35.263 +03:00 [INF] Expired 1 stale QR token(s); a replacement was pushed to the kiosk.
2026-07-08 08:41:55.257 +03:00 [INF] Expired 1 stale QR token(s); a replacement was pushed to the kiosk.
2026-07-08 08:42:10.261 +03:00 [INF] Expired 1 stale QR token(s); a replacement was pushed to the kiosk.
2026-07-08 08:42:30.255 +03:00 [INF] Expired 1 stale QR token(s); a replacement was pushed to the kiosk.
2026-07-08 08:42:45.265 +03:00 [INF] Expired 1 stale QR token(s); a replacement was pushed to the kiosk.
2026-07-08 08:43:05.264 +03:00 [INF] Expired 1 stale QR token(s); a replacement was pushed to the kiosk.
2026-07-08 08:43:25.258 +03:00 [INF] Expired 1 stale QR token(s); a replacement was pushed to the kiosk.
2026-07-08 08:43:45.253 +03:00 [INF] Expired 1 stale QR token(s); a replacement was pushed to the kiosk.
2026-07-08 08:44:00.263 +03:00 [INF] Expired 1 stale QR token(s); a replacement was pushed to the kiosk.
2026-07-08 08:44:20.250 +03:00 [INF] Expired 1 stale QR token(s); a replacement was pushed to the kiosk.
2026-07-08 08:44:35.258 +03:00 [INF] Expired 1 stale QR token(s); a replacement was pushed to the kiosk.
2026-07-08 08:44:55.257 +03:00 [INF] Expired 1 stale QR token(s); a replacement was pushed to the kiosk.
2026-07-08 08:45:10.274 +03:00 [INF] Expired 1 stale QR token(s); a replacement was pushed to the kiosk.
2026-07-08 08:45:30.262 +03:00 [INF] Expired 1 stale QR token(s); a replacement was pushed to the kiosk.
2026-07-08 08:45:50.260 +03:00 [INF] Expired 1 stale QR token(s); a replacement was pushed to the kiosk.
2026-07-08 08:46:10.265 +03:00 [INF] Expired 1 stale QR token(s); a replacement was pushed to the kiosk.
2026-07-08 08:46:30.250 +03:00 [INF] Expired 1 stale QR token(s); a replacement was pushed to the kiosk.
2026-07-08 08:46:50.258 +03:00 [INF] Expired 1 stale QR token(s); a replacement was pushed to the kiosk.
2026-07-08 08:47:10.257 +03:00 [INF] Expired 1 stale QR token(s); a replacement was pushed to the kiosk.
2026-07-08 08:47:30.256 +03:00 [INF] Expired 1 stale QR token(s); a replacement was pushed to the kiosk.
2026-07-08 08:47:50.258 +03:00 [INF] Expired 1 stale QR token(s); a replacement was pushed to the kiosk.
2026-07-08 08:48:05.262 +03:00 [INF] Expired 1 stale QR token(s); a replacement was pushed to the kiosk.
2026-07-08 08:48:25.267 +03:00 [INF] Expired 1 stale QR token(s); a replacement was pushed to the kiosk.
2026-07-08 08:48:45.257 +03:00 [INF] Expired 1 stale QR token(s); a replacement was pushed to the kiosk.
2026-07-08 08:48:57.354 +03:00 [INF] HTTP GET /swagger/index.html responded 200 in 2.4911 ms
2026-07-08 08:49:05.254 +03:00 [INF] Expired 1 stale QR token(s); a replacement was pushed to the kiosk.
2026-07-08 08:49:25.271 +03:00 [INF] Expired 1 stale QR token(s); a replacement was pushed to the kiosk.
2026-07-08 08:49:45.263 +03:00 [INF] Expired 1 stale QR token(s); a replacement was pushed to the kiosk.
2026-07-08 08:50:05.260 +03:00 [INF] Expired 1 stale QR token(s); a replacement was pushed to the kiosk.
2026-07-08 08:50:15.320 +03:00 [WRN] Failed to determine the https port for redirect.
2026-07-08 08:50:15.325 +03:00 [INF] HTTP OPTIONS /api/auth/login responded 204 in 10.0818 ms
2026-07-08 08:50:15.701 +03:00 [INF] HTTP POST /api/auth/login responded 200 in 370.8443 ms
2026-07-08 08:50:15.749 +03:00 [INF] HTTP OPTIONS /api/staff responded 204 in 0.7051 ms
2026-07-08 08:50:16.020 +03:00 [INF] HTTP GET /api/staff responded 200 in 269.4167 ms
2026-07-08 08:50:17.116 +03:00 [INF] HTTP OPTIONS /api/slots responded 204 in 0.1540 ms
2026-07-08 08:50:17.173 +03:00 [INF] HTTP GET /api/slots responded 200 in 55.7138 ms
2026-07-08 08:50:18.917 +03:00 [INF] HTTP OPTIONS /api/reports/daily responded 204 in 0.1401 ms
2026-07-08 08:50:19.012 +03:00 [INF] HTTP GET /api/reports/daily responded 200 in 92.8897 ms
2026-07-08 08:50:25.257 +03:00 [INF] Expired 1 stale QR token(s); a replacement was pushed to the kiosk.
2026-07-08 08:50:45.262 +03:00 [INF] Expired 1 stale QR token(s); a replacement was pushed to the kiosk.
2026-07-08 08:51:05.257 +03:00 [INF] Expired 1 stale QR token(s); a replacement was pushed to the kiosk.
2026-07-08 08:51:25.251 +03:00 [INF] Expired 1 stale QR token(s); a replacement was pushed to the kiosk.
2026-07-08 08:51:40.257 +03:00 [INF] Expired 1 stale QR token(s); a replacement was pushed to the kiosk.
2026-07-08 08:51:42.874 +03:00 [INF] HTTP OPTIONS /api/auth/login responded 204 in 0.1065 ms
2026-07-08 08:51:42.985 +03:00 [INF] HTTP POST /api/auth/login responded 200 in 109.7957 ms
2026-07-08 08:51:43.028 +03:00 [INF] HTTP OPTIONS /api/staff responded 204 in 0.1478 ms
2026-07-08 08:51:43.040 +03:00 [INF] HTTP GET /api/staff responded 200 in 10.8320 ms
2026-07-08 08:51:43.313 +03:00 [INF] HTTP OPTIONS /hubs/attendance/negotiate responded 204 in 0.1127 ms
2026-07-08 08:51:43.321 +03:00 [INF] HTTP POST /hubs/attendance/negotiate responded 200 in 6.0495 ms
2026-07-08 08:51:55.278 +03:00 [INF] Expired 1 stale QR token(s); a replacement was pushed to the kiosk.
2026-07-08 08:51:55.488 +03:00 [INF] HTTP GET /hubs/attendance responded 101 in 12160.4294 ms
2026-07-08 08:52:15.253 +03:00 [INF] Expired 1 stale QR token(s); a replacement was pushed to the kiosk.
2026-07-08 08:52:35.252 +03:00 [INF] Expired 1 stale QR token(s); a replacement was pushed to the kiosk.
2026-07-08 09:25:19.746 +03:00 [WRN] The 'StaffStatus' property 'Status' on entity type 'Staff' is configured with a database-generated default, but has no configured sentinel value. The database-generated default will always be used for inserts when the property has the value 'Inactive', since this is the CLR default for the 'StaffStatus' type. Consider using a nullable type, using a nullable backing field, or setting the sentinel value for the property to ensure the database default is used when, and only when, appropriate. See https://aka.ms/efcore-docs-default-values for more information.
2026-07-08 09:25:21.387 +03:00 [INF] QR token expiry sweep started (interval 5s).
2026-07-08 09:25:21.451 +03:00 [INF] Now listening on: http://localhost:5080
2026-07-08 09:25:21.452 +03:00 [INF] Application started. Press Ctrl+C to shut down.
2026-07-08 09:25:21.452 +03:00 [INF] Hosting environment: Development
2026-07-08 09:25:21.452 +03:00 [INF] Content root path: C:\PROJECTS\employer\src\Attendance.Api
2026-07-08 09:25:27.167 +03:00 [INF] Expired 1 stale QR token(s); a replacement was pushed to the kiosk.
2026-07-08 09:25:46.441 +03:00 [INF] Expired 1 stale QR token(s); a replacement was pushed to the kiosk.
2026-07-08 09:26:01.445 +03:00 [INF] Expired 1 stale QR token(s); a replacement was pushed to the kiosk.
2026-07-08 09:26:03.885 +03:00 [INF] HTTP GET /swagger/index.html responded 200 in 128.6863 ms
2026-07-08 09:26:21.408 +03:00 [INF] Expired 1 stale QR token(s); a replacement was pushed to the kiosk.
2026-07-08 09:26:32.101 +03:00 [WRN] Failed to determine the https port for redirect.
2026-07-08 09:26:32.398 +03:00 [INF] HTTP POST /api/auth/login responded 200 in 302.3256 ms
2026-07-08 09:26:41.400 +03:00 [INF] Expired 1 stale QR token(s); a replacement was pushed to the kiosk.
2026-07-08 09:26:56.408 +03:00 [INF] Expired 1 stale QR token(s); a replacement was pushed to the kiosk.
2026-07-08 09:27:16.431 +03:00 [INF] Expired 1 stale QR token(s); a replacement was pushed to the kiosk.
2026-07-08 09:27:36.404 +03:00 [INF] Expired 1 stale QR token(s); a replacement was pushed to the kiosk.
2026-07-08 09:27:56.398 +03:00 [INF] Expired 1 stale QR token(s); a replacement was pushed to the kiosk.
2026-07-08 09:28:06.686 +03:00 [INF] HTTP GET /swagger/index.html responded 200 in 1.9926 ms
2026-07-08 09:28:06.856 +03:00 [INF] HTTP POST /api/auth/login responded 200 in 100.1213 ms
2026-07-08 09:28:11.418 +03:00 [INF] Expired 1 stale QR token(s); a replacement was pushed to the kiosk.
2026-07-08 09:28:31.399 +03:00 [INF] Expired 1 stale QR token(s); a replacement was pushed to the kiosk.
2026-07-08 09:28:46.405 +03:00 [INF] Expired 1 stale QR token(s); a replacement was pushed to the kiosk.
2026-07-08 09:29:06.401 +03:00 [INF] Expired 1 stale QR token(s); a replacement was pushed to the kiosk.
2026-07-08 09:29:26.405 +03:00 [INF] Expired 1 stale QR token(s); a replacement was pushed to the kiosk.
2026-07-08 09:29:41.410 +03:00 [INF] Expired 1 stale QR token(s); a replacement was pushed to the kiosk.
2026-07-08 09:30:01.407 +03:00 [INF] Expired 1 stale QR token(s); a replacement was pushed to the kiosk.
2026-07-08 09:30:21.405 +03:00 [INF] Expired 1 stale QR token(s); a replacement was pushed to the kiosk.
2026-07-08 09:30:41.400 +03:00 [INF] Expired 1 stale QR token(s); a replacement was pushed to the kiosk.
2026-07-08 09:30:56.406 +03:00 [INF] Expired 1 stale QR token(s); a replacement was pushed to the kiosk.
2026-07-08 09:31:16.409 +03:00 [INF] Expired 1 stale QR token(s); a replacement was pushed to the kiosk.
2026-07-08 09:31:35.143 +03:00 [INF] HTTP POST /api/auth/login responded 200 in 93.1085 ms
2026-07-08 09:31:35.249 +03:00 [INF] HTTP GET /api/slots responded 200 in 92.7363 ms
2026-07-08 09:31:35.435 +03:00 [INF] HTTP PUT /api/slots/1 responded 200 in 182.7699 ms
2026-07-08 09:31:35.464 +03:00 [INF] HTTP GET /api/departments responded 200 in 25.6385 ms
2026-07-08 09:31:35.678 +03:00 [WRN] Savepoints are disabled because Multiple Active Result Sets (MARS) is enabled. If 'SaveChanges' fails, then the transaction cannot be automatically rolled back to a known clean state. Instead, the transaction should be rolled back by the application before retrying 'SaveChanges'. See https://go.microsoft.com/fwlink/?linkid=2149338 for more information and examples. To identify the code which triggers this warning, call 'ConfigureWarnings(w => w.Throw(SqlServerEventId.SavepointsDisabledBecauseOfMARS))'.
2026-07-08 09:31:35.822 +03:00 [WRN] Savepoints are disabled because Multiple Active Result Sets (MARS) is enabled. If 'SaveChanges' fails, then the transaction cannot be automatically rolled back to a known clean state. Instead, the transaction should be rolled back by the application before retrying 'SaveChanges'. See https://go.microsoft.com/fwlink/?linkid=2149338 for more information and examples. To identify the code which triggers this warning, call 'ConfigureWarnings(w => w.Throw(SqlServerEventId.SavepointsDisabledBecauseOfMARS))'.
2026-07-08 09:31:35.898 +03:00 [WRN] Savepoints are disabled because Multiple Active Result Sets (MARS) is enabled. If 'SaveChanges' fails, then the transaction cannot be automatically rolled back to a known clean state. Instead, the transaction should be rolled back by the application before retrying 'SaveChanges'. See https://go.microsoft.com/fwlink/?linkid=2149338 for more information and examples. To identify the code which triggers this warning, call 'ConfigureWarnings(w => w.Throw(SqlServerEventId.SavepointsDisabledBecauseOfMARS))'.
2026-07-08 09:31:35.934 +03:00 [INF] HTTP POST /api/staff responded 201 in 463.4791 ms
2026-07-08 09:31:35.944 +03:00 [ERR] HTTP POST /api/staff responded 500 in 4.7255 ms
Attendance.Application.Exceptions.PhotoValidationException: File content is not a valid PNG image.
   at Attendance.Application.Services.StaffService.CreateStaffAsync(CreateStaffRequest request, IFormFile photo) in C:\PROJECTS\employer\src\Attendance.Application\Services\StaffService.cs:line 48
   at Attendance.Api.Controllers.StaffController.Create(CreateStaffRequest request, IFormFile photo) in C:\PROJECTS\employer\src\Attendance.Api\Controllers\StaffController.cs:line 39
   at Microsoft.AspNetCore.Mvc.Infrastructure.ActionMethodExecutor.TaskOfIActionResultExecutor.Execute(ActionContext actionContext, IActionResultTypeMapper mapper, ObjectMethodExecutor executor, Object controller, Object[] arguments)
   at Microsoft.AspNetCore.Mvc.Infrastructure.ControllerActionInvoker.<InvokeActionMethodAsync>g__Awaited|12_0(ControllerActionInvoker invoker, ValueTask`1 actionResultValueTask)
   at Microsoft.AspNetCore.Mvc.Infrastructure.ControllerActionInvoker.<InvokeNextActionFilterAsync>g__Awaited|10_0(ControllerActionInvoker invoker, Task lastTask, State next, Scope scope, Object state, Boolean isCompleted)
   at Microsoft.AspNetCore.Mvc.Infrastructure.ControllerActionInvoker.Rethrow(ActionExecutedContextSealed context)
   at Microsoft.AspNetCore.Mvc.Infrastructure.ControllerActionInvoker.Next(State& next, Scope& scope, Object& state, Boolean& isCompleted)
   at Microsoft.AspNetCore.Mvc.Infrastructure.ControllerActionInvoker.InvokeInnerFilterAsync()
--- End of stack trace from previous location ---
   at Microsoft.AspNetCore.Mvc.Infrastructure.ResourceInvoker.<InvokeNextResourceFilter>g__Awaited|25_0(ResourceInvoker invoker, Task lastTask, State next, Scope scope, Object state, Boolean isCompleted)
   at Microsoft.AspNetCore.Mvc.Infrastructure.ResourceInvoker.Rethrow(ResourceExecutedContextSealed context)
   at Microsoft.AspNetCore.Mvc.Infrastructure.ResourceInvoker.Next(State& next, Scope& scope, Object& state, Boolean& isCompleted)
   at Microsoft.AspNetCore.Mvc.Infrastructure.ResourceInvoker.InvokeFilterPipelineAsync()
--- End of stack trace from previous location ---
   at Microsoft.AspNetCore.Mvc.Infrastructure.ResourceInvoker.<InvokeAsync>g__Awaited|17_0(ResourceInvoker invoker, Task task, IDisposable scope)
   at Microsoft.AspNetCore.Mvc.Infrastructure.ResourceInvoker.<InvokeAsync>g__Awaited|17_0(ResourceInvoker invoker, Task task, IDisposable scope)
   at Microsoft.AspNetCore.Authorization.AuthorizationMiddleware.Invoke(HttpContext context)
   at Microsoft.AspNetCore.Authentication.AuthenticationMiddleware.Invoke(HttpContext context)
   at Swashbuckle.AspNetCore.SwaggerUI.SwaggerUIMiddleware.Invoke(HttpContext httpContext)
   at Swashbuckle.AspNetCore.Swagger.SwaggerMiddleware.Invoke(HttpContext httpContext, ISwaggerProvider swaggerProvider)
   at Serilog.AspNetCore.RequestLoggingMiddleware.Invoke(HttpContext httpContext)
2026-07-08 09:31:35.975 +03:00 [WRN] Request fault 400 on POST /api/staff: File content is not a valid PNG image.
2026-07-08 09:31:36.081 +03:00 [INF] HTTP POST /api/auth/login responded 200 in 93.1761 ms
2026-07-08 09:31:36.121 +03:00 [INF] HTTP GET /api/qr/current responded 200 in 37.4327 ms
2026-07-08 09:31:36.164 +03:00 [INF] QR scan attempt: StaffId=2 Token=7495de04… Outcome="Success" Ip=::1
2026-07-08 09:31:36.273 +03:00 [INF] HTTP POST /api/attendance/scan responded 200 in 146.4470 ms
2026-07-08 09:31:36.282 +03:00 [INF] QR scan attempt: StaffId=2 Token=7495de04… Outcome="TokenAlreadyUsed" Ip=::1
2026-07-08 09:31:36.284 +03:00 [INF] HTTP POST /api/attendance/scan responded 409 in 6.6853 ms
2026-07-08 09:31:36.291 +03:00 [INF] HTTP GET /api/qr/current responded 200 in 3.7717 ms
2026-07-08 09:31:36.302 +03:00 [INF] QR scan attempt: StaffId=2 Token=3c603ade… Outcome="Success" Ip=::1
2026-07-08 09:31:36.305 +03:00 [ERR] HTTP POST /api/attendance/scan responded 500 in 11.6390 ms
Attendance.Application.Exceptions.DuplicateAttendanceException: You have already checked in for this slot today.
   at Attendance.Application.Services.AttendanceService.RecordAttendanceAsync(Int32 staffId, Int32 qrSessionId) in C:\PROJECTS\employer\src\Attendance.Application\Services\AttendanceService.cs:line 61
   at Attendance.Api.Controllers.AttendanceController.Scan(ScanRequestDto request) in C:\PROJECTS\employer\src\Attendance.Api\Controllers\AttendanceController.cs:line 68
   at Microsoft.AspNetCore.Mvc.Infrastructure.ActionMethodExecutor.TaskOfIActionResultExecutor.Execute(ActionContext actionContext, IActionResultTypeMapper mapper, ObjectMethodExecutor executor, Object controller, Object[] arguments)
   at Microsoft.AspNetCore.Mvc.Infrastructure.ControllerActionInvoker.<InvokeActionMethodAsync>g__Awaited|12_0(ControllerActionInvoker invoker, ValueTask`1 actionResultValueTask)
   at Microsoft.AspNetCore.Mvc.Infrastructure.ControllerActionInvoker.<InvokeNextActionFilterAsync>g__Awaited|10_0(ControllerActionInvoker invoker, Task lastTask, State next, Scope scope, Object state, Boolean isCompleted)
   at Microsoft.AspNetCore.Mvc.Infrastructure.ControllerActionInvoker.Rethrow(ActionExecutedContextSealed context)
   at Microsoft.AspNetCore.Mvc.Infrastructure.ControllerActionInvoker.Next(State& next, Scope& scope, Object& state, Boolean& isCompleted)
   at Microsoft.AspNetCore.Mvc.Infrastructure.ControllerActionInvoker.<InvokeInnerFilterAsync>g__Awaited|13_0(ControllerActionInvoker invoker, Task lastTask, State next, Scope scope, Object state, Boolean isCompleted)
   at Microsoft.AspNetCore.Mvc.Infrastructure.ResourceInvoker.<InvokeFilterPipelineAsync>g__Awaited|20_0(ResourceInvoker invoker, Task lastTask, State next, Scope scope, Object state, Boolean isCompleted)
   at Microsoft.AspNetCore.Mvc.Infrastructure.ResourceInvoker.<InvokeAsync>g__Awaited|17_0(ResourceInvoker invoker, Task task, IDisposable scope)
   at Microsoft.AspNetCore.Mvc.Infrastructure.ResourceInvoker.<InvokeAsync>g__Awaited|17_0(ResourceInvoker invoker, Task task, IDisposable scope)
   at Microsoft.AspNetCore.Authorization.AuthorizationMiddleware.Invoke(HttpContext context)
   at Microsoft.AspNetCore.Authentication.AuthenticationMiddleware.Invoke(HttpContext context)
   at Swashbuckle.AspNetCore.SwaggerUI.SwaggerUIMiddleware.Invoke(HttpContext httpContext)
   at Swashbuckle.AspNetCore.Swagger.SwaggerMiddleware.Invoke(HttpContext httpContext, ISwaggerProvider swaggerProvider)
   at Serilog.AspNetCore.RequestLoggingMiddleware.Invoke(HttpContext httpContext)
2026-07-08 09:31:36.306 +03:00 [WRN] Request fault 409 on POST /api/attendance/scan: You have already checked in for this slot today.
2026-07-08 09:31:36.344 +03:00 [INF] HTTP GET /api/attendance/my-history responded 200 in 35.4950 ms
2026-07-08 09:31:36.384 +03:00 [INF] HTTP GET /api/reports/daily responded 200 in 38.0754 ms
2026-07-08 09:31:36.407 +03:00 [INF] Expired 1 stale QR token(s); a replacement was pushed to the kiosk.
2026-07-08 09:31:51.396 +03:00 [INF] Expired 1 stale QR token(s); a replacement was pushed to the kiosk.
2026-07-08 09:31:56.403 +03:00 [INF] Expired 1 stale QR token(s); a replacement was pushed to the kiosk.
2026-07-08 09:32:06.407 +03:00 [INF] Expired 1 stale QR token(s); a replacement was pushed to the kiosk.
2026-07-08 09:32:11.407 +03:00 [INF] Expired 1 stale QR token(s); a replacement was pushed to the kiosk.
2026-07-08 09:32:26.395 +03:00 [INF] Expired 1 stale QR token(s); a replacement was pushed to the kiosk.
2026-07-08 09:32:31.404 +03:00 [INF] Expired 1 stale QR token(s); a replacement was pushed to the kiosk.
2026-07-08 09:32:41.409 +03:00 [INF] Expired 1 stale QR token(s); a replacement was pushed to the kiosk.
2026-07-08 09:32:51.406 +03:00 [INF] Expired 1 stale QR token(s); a replacement was pushed to the kiosk.
2026-07-08 09:33:01.399 +03:00 [INF] Expired 1 stale QR token(s); a replacement was pushed to the kiosk.
2026-07-08 09:33:06.401 +03:00 [INF] Expired 1 stale QR token(s); a replacement was pushed to the kiosk.
2026-07-08 09:33:16.408 +03:00 [INF] Expired 1 stale QR token(s); a replacement was pushed to the kiosk.
2026-07-08 09:33:26.402 +03:00 [INF] Expired 1 stale QR token(s); a replacement was pushed to the kiosk.
2026-07-08 09:33:32.236 +03:00 [INF] HTTP OPTIONS /api/auth/login responded 204 in 1.6612 ms
2026-07-08 09:33:32.332 +03:00 [WRN] Failed login attempt for user 'admin' from ::1.
2026-07-08 09:33:32.333 +03:00 [INF] HTTP POST /api/auth/login responded 401 in 94.3533 ms
2026-07-08 09:33:36.405 +03:00 [INF] Expired 1 stale QR token(s); a replacement was pushed to the kiosk.
2026-07-08 09:33:41.406 +03:00 [INF] Expired 1 stale QR token(s); a replacement was pushed to the kiosk.
2026-07-08 09:33:51.414 +03:00 [INF] Expired 1 stale QR token(s); a replacement was pushed to the kiosk.
2026-07-08 09:33:56.382 +03:00 [INF] HTTP OPTIONS /api/auth/login responded 204 in 0.2644 ms
2026-07-08 09:33:56.423 +03:00 [INF] Expired 1 stale QR token(s); a replacement was pushed to the kiosk.
2026-07-08 09:33:56.482 +03:00 [WRN] Failed login attempt for user 'admin' from ::1.
2026-07-08 09:33:56.483 +03:00 [INF] HTTP POST /api/auth/login responded 401 in 98.6263 ms
2026-07-08 09:34:11.398 +03:00 [INF] Expired 1 stale QR token(s); a replacement was pushed to the kiosk.
2026-07-08 09:34:13.535 +03:00 [INF] HTTP OPTIONS /api/auth/login responded 204 in 0.1010 ms
2026-07-08 09:34:13.625 +03:00 [WRN] Failed login attempt for user 'admin' from ::1.
2026-07-08 09:34:13.626 +03:00 [INF] HTTP POST /api/auth/login responded 401 in 88.9556 ms
2026-07-08 09:34:16.399 +03:00 [INF] Expired 1 stale QR token(s); a replacement was pushed to the kiosk.
2026-07-08 09:34:26.401 +03:00 [INF] Expired 1 stale QR token(s); a replacement was pushed to the kiosk.
2026-07-08 09:34:32.003 +03:00 [INF] HTTP OPTIONS /api/auth/login responded 204 in 0.1240 ms
2026-07-08 09:34:32.108 +03:00 [WRN] Failed login attempt for user 'admin' from ::1.
2026-07-08 09:34:32.109 +03:00 [INF] HTTP POST /api/auth/login responded 401 in 103.8250 ms
2026-07-08 09:34:36.397 +03:00 [INF] Expired 1 stale QR token(s); a replacement was pushed to the kiosk.
2026-07-08 09:34:46.403 +03:00 [INF] Expired 1 stale QR token(s); a replacement was pushed to the kiosk.
2026-07-08 09:34:56.409 +03:00 [INF] Expired 1 stale QR token(s); a replacement was pushed to the kiosk.
2026-07-08 09:35:06.399 +03:00 [INF] Expired 1 stale QR token(s); a replacement was pushed to the kiosk.
2026-07-08 09:35:16.406 +03:00 [INF] Expired 1 stale QR token(s); a replacement was pushed to the kiosk.
2026-07-08 09:35:21.405 +03:00 [INF] Expired 1 stale QR token(s); a replacement was pushed to the kiosk.
2026-07-08 09:35:31.407 +03:00 [INF] Expired 1 stale QR token(s); a replacement was pushed to the kiosk.
2026-07-08 09:35:41.411 +03:00 [INF] Expired 1 stale QR token(s); a replacement was pushed to the kiosk.
2026-07-08 09:35:51.398 +03:00 [INF] Expired 1 stale QR token(s); a replacement was pushed to the kiosk.
2026-07-08 09:36:01.399 +03:00 [INF] Expired 1 stale QR token(s); a replacement was pushed to the kiosk.
2026-07-08 09:36:06.406 +03:00 [INF] Expired 1 stale QR token(s); a replacement was pushed to the kiosk.
2026-07-08 09:36:16.407 +03:00 [INF] Expired 1 stale QR token(s); a replacement was pushed to the kiosk.
2026-07-08 09:36:26.401 +03:00 [INF] Expired 1 stale QR token(s); a replacement was pushed to the kiosk.
2026-07-08 09:36:36.408 +03:00 [INF] Expired 1 stale QR token(s); a replacement was pushed to the kiosk.
2026-07-08 09:36:46.409 +03:00 [INF] Expired 1 stale QR token(s); a replacement was pushed to the kiosk.
2026-07-08 09:36:56.397 +03:00 [INF] Expired 1 stale QR token(s); a replacement was pushed to the kiosk.
2026-07-08 09:37:06.410 +03:00 [INF] Expired 1 stale QR token(s); a replacement was pushed to the kiosk.
2026-07-08 09:37:16.398 +03:00 [INF] Expired 1 stale QR token(s); a replacement was pushed to the kiosk.
2026-07-08 09:37:26.407 +03:00 [INF] Expired 1 stale QR token(s); a replacement was pushed to the kiosk.
2026-07-08 09:37:36.401 +03:00 [INF] Expired 1 stale QR token(s); a replacement was pushed to the kiosk.
2026-07-08 09:37:46.401 +03:00 [INF] Expired 1 stale QR token(s); a replacement was pushed to the kiosk.
2026-07-08 09:37:51.404 +03:00 [INF] Expired 1 stale QR token(s); a replacement was pushed to the kiosk.
2026-07-08 09:38:01.403 +03:00 [INF] Expired 1 stale QR token(s); a replacement was pushed to the kiosk.
2026-07-08 09:38:11.394 +03:00 [INF] Expired 1 stale QR token(s); a replacement was pushed to the kiosk.
2026-07-08 09:38:21.399 +03:00 [INF] Expired 1 stale QR token(s); a replacement was pushed to the kiosk.
2026-07-08 09:38:26.399 +03:00 [INF] Expired 1 stale QR token(s); a replacement was pushed to the kiosk.
2026-07-08 09:38:36.406 +03:00 [INF] Expired 1 stale QR token(s); a replacement was pushed to the kiosk.
2026-07-08 09:38:46.403 +03:00 [INF] Expired 1 stale QR token(s); a replacement was pushed to the kiosk.
2026-07-08 09:38:56.397 +03:00 [INF] Expired 1 stale QR token(s); a replacement was pushed to the kiosk.
2026-07-08 09:39:04.986 +03:00 [INF] HTTP POST /api/auth/login responded 200 in 91.5184 ms
2026-07-08 09:39:06.408 +03:00 [INF] Expired 1 stale QR token(s); a replacement was pushed to the kiosk.
2026-07-08 09:39:11.398 +03:00 [INF] Expired 1 stale QR token(s); a replacement was pushed to the kiosk.
2026-07-08 09:39:26.409 +03:00 [INF] Expired 2 stale QR token(s); a replacement was pushed to the kiosk.
2026-07-08 09:39:46.395 +03:00 [INF] Expired 1 stale QR token(s); a replacement was pushed to the kiosk.
2026-07-08 09:40:01.403 +03:00 [INF] Expired 1 stale QR token(s); a replacement was pushed to the kiosk.
2026-07-08 09:40:21.409 +03:00 [INF] Expired 1 stale QR token(s); a replacement was pushed to the kiosk.
2026-07-08 09:40:40.438 +03:00 [INF] HTTP OPTIONS /api/auth/login responded 204 in 0.1945 ms
2026-07-08 09:40:40.534 +03:00 [INF] HTTP POST /api/auth/login responded 200 in 92.7710 ms
2026-07-08 09:40:40.582 +03:00 [INF] HTTP OPTIONS /api/staff responded 204 in 0.1261 ms
2026-07-08 09:40:40.674 +03:00 [INF] HTTP GET /api/staff responded 200 in 90.2872 ms
2026-07-08 09:40:41.401 +03:00 [INF] Expired 1 stale QR token(s); a replacement was pushed to the kiosk.
2026-07-08 09:41:01.408 +03:00 [INF] Expired 1 stale QR token(s); a replacement was pushed to the kiosk.
2026-07-08 09:41:21.405 +03:00 [INF] Expired 1 stale QR token(s); a replacement was pushed to the kiosk.
2026-07-08 09:41:41.404 +03:00 [INF] Expired 1 stale QR token(s); a replacement was pushed to the kiosk.
2026-07-08 09:42:01.398 +03:00 [INF] Expired 1 stale QR token(s); a replacement was pushed to the kiosk.
2026-07-08 09:42:06.057 +03:00 [INF] HTTP OPTIONS /api/auth/login responded 204 in 0.1187 ms
2026-07-08 09:42:06.149 +03:00 [WRN] Failed login attempt for user 'admin' from ::1.
2026-07-08 09:42:06.149 +03:00 [INF] HTTP POST /api/auth/login responded 401 in 90.6245 ms
2026-07-08 09:42:07.477 +03:00 [WRN] Failed login attempt for user 'admin' from ::1.
2026-07-08 09:42:07.477 +03:00 [INF] HTTP POST /api/auth/login responded 401 in 91.0922 ms
2026-07-08 09:42:07.975 +03:00 [WRN] Failed login attempt for user 'admin' from ::1.
2026-07-08 09:42:07.976 +03:00 [INF] HTTP POST /api/auth/login responded 401 in 89.2152 ms
2026-07-08 09:42:16.408 +03:00 [INF] Expired 1 stale QR token(s); a replacement was pushed to the kiosk.
2026-07-08 09:42:36.396 +03:00 [INF] Expired 1 stale QR token(s); a replacement was pushed to the kiosk.
2026-07-08 09:42:51.410 +03:00 [INF] Expired 1 stale QR token(s); a replacement was pushed to the kiosk.
2026-07-08 09:43:11.404 +03:00 [INF] Expired 1 stale QR token(s); a replacement was pushed to the kiosk.
2026-07-08 09:43:31.399 +03:00 [INF] Expired 1 stale QR token(s); a replacement was pushed to the kiosk.
2026-07-08 09:43:46.406 +03:00 [INF] Expired 1 stale QR token(s); a replacement was pushed to the kiosk.
2026-07-08 09:44:06.408 +03:00 [INF] Expired 1 stale QR token(s); a replacement was pushed to the kiosk.
2026-07-08 09:44:26.402 +03:00 [INF] Expired 1 stale QR token(s); a replacement was pushed to the kiosk.
2026-07-08 09:44:46.406 +03:00 [INF] Expired 1 stale QR token(s); a replacement was pushed to the kiosk.
2026-07-08 09:45:06.402 +03:00 [INF] Expired 1 stale QR token(s); a replacement was pushed to the kiosk.
2026-07-08 09:45:26.404 +03:00 [INF] Expired 1 stale QR token(s); a replacement was pushed to the kiosk.
2026-07-08 09:45:41.408 +03:00 [INF] Expired 1 stale QR token(s); a replacement was pushed to the kiosk.
2026-07-08 09:46:01.405 +03:00 [INF] Expired 1 stale QR token(s); a replacement was pushed to the kiosk.
2026-07-08 09:46:21.401 +03:00 [INF] Expired 1 stale QR token(s); a replacement was pushed to the kiosk.
2026-07-08 09:46:36.409 +03:00 [INF] Expired 1 stale QR token(s); a replacement was pushed to the kiosk.
2026-07-08 09:46:56.396 +03:00 [INF] Expired 1 stale QR token(s); a replacement was pushed to the kiosk.
2026-07-08 09:47:11.405 +03:00 [INF] Expired 1 stale QR token(s); a replacement was pushed to the kiosk.
2026-07-08 09:47:31.404 +03:00 [INF] Expired 1 stale QR token(s); a replacement was pushed to the kiosk.
2026-07-08 09:47:46.409 +03:00 [INF] Expired 1 stale QR token(s); a replacement was pushed to the kiosk.
2026-07-08 09:48:06.409 +03:00 [INF] Expired 1 stale QR token(s); a replacement was pushed to the kiosk.
2026-07-08 09:48:26.398 +03:00 [INF] Expired 1 stale QR token(s); a replacement was pushed to the kiosk.
2026-07-08 09:48:37.385 +03:00 [INF] HTTP OPTIONS /api/auth/login responded 204 in 0.3702 ms
2026-07-08 09:48:37.481 +03:00 [INF] HTTP POST /api/auth/login responded 200 in 93.6177 ms
2026-07-08 09:48:37.542 +03:00 [INF] HTTP OPTIONS /api/staff responded 204 in 0.0984 ms
2026-07-08 09:48:37.547 +03:00 [INF] HTTP GET /api/staff responded 200 in 3.6585 ms
2026-07-08 09:48:46.400 +03:00 [INF] Expired 1 stale QR token(s); a replacement was pushed to the kiosk.
2026-07-08 09:49:01.401 +03:00 [INF] Expired 1 stale QR token(s); a replacement was pushed to the kiosk.
2026-07-08 09:54:40.647 +03:00 [INF] Expired 1 stale QR token(s); a replacement was pushed to the kiosk.
2026-07-08 09:54:41.806 +03:00 [INF] HTTP OPTIONS /api/staff responded 204 in 0.1175 ms
2026-07-08 09:54:41.811 +03:00 [INF] HTTP GET /api/staff responded 200 in 3.5347 ms
2026-07-08 10:49:11.148 +03:00 [INF] Expired 1 stale QR token(s); a replacement was pushed to the kiosk.
2026-07-08 10:52:12.330 +03:00 [INF] Expired 1 stale QR token(s); a replacement was pushed to the kiosk.
2026-07-08 10:52:29.220 +03:00 [INF] HTTP OPTIONS /api/staff responded 204 in 0.2069 ms
2026-07-08 10:52:29.227 +03:00 [INF] HTTP GET /api/staff responded 401 in 6.2773 ms
2026-07-08 10:52:31.636 +03:00 [INF] Expired 1 stale QR token(s); a replacement was pushed to the kiosk.
2026-07-08 10:52:46.986 +03:00 [INF] HTTP OPTIONS /api/auth/login responded 204 in 0.3228 ms
2026-07-08 10:52:47.042 +03:00 [INF] HTTP POST /api/auth/login responded 200 in 55.1065 ms
2026-07-08 10:52:47.061 +03:00 [INF] HTTP OPTIONS /api/staff responded 204 in 0.1487 ms
2026-07-08 10:52:47.067 +03:00 [INF] HTTP GET /api/staff responded 200 in 4.2477 ms
2026-07-08 10:52:51.639 +03:00 [INF] Expired 1 stale QR token(s); a replacement was pushed to the kiosk.
2026-07-08 10:53:02.653 +03:00 [INF] HTTP OPTIONS /api/departments responded 204 in 0.2068 ms
2026-07-08 10:53:02.656 +03:00 [INF] HTTP GET /api/departments responded 200 in 1.8501 ms
2026-07-08 10:53:11.634 +03:00 [INF] Expired 1 stale QR token(s); a replacement was pushed to the kiosk.
2026-07-08 10:53:31.645 +03:00 [INF] Expired 1 stale QR token(s); a replacement was pushed to the kiosk.
2026-07-08 10:53:51.644 +03:00 [INF] Expired 1 stale QR token(s); a replacement was pushed to the kiosk.
2026-07-08 10:54:11.638 +03:00 [INF] Expired 1 stale QR token(s); a replacement was pushed to the kiosk.
2026-07-08 10:54:31.647 +03:00 [INF] Expired 1 stale QR token(s); a replacement was pushed to the kiosk.
2026-07-08 10:54:32.858 +03:00 [INF] HTTP OPTIONS /api/slots responded 204 in 0.0919 ms
2026-07-08 10:54:32.864 +03:00 [INF] HTTP GET /api/slots responded 200 in 4.4392 ms
2026-07-08 10:54:51.632 +03:00 [INF] Expired 1 stale QR token(s); a replacement was pushed to the kiosk.
2026-07-08 10:55:11.628 +03:00 [INF] Expired 1 stale QR token(s); a replacement was pushed to the kiosk.
2026-07-08 10:55:26.630 +03:00 [INF] Expired 1 stale QR token(s); a replacement was pushed to the kiosk.
2026-07-08 10:55:41.642 +03:00 [INF] Expired 1 stale QR token(s); a replacement was pushed to the kiosk.
2026-07-08 10:56:01.629 +03:00 [INF] Expired 1 stale QR token(s); a replacement was pushed to the kiosk.
2026-07-08 10:56:16.636 +03:00 [INF] Expired 1 stale QR token(s); a replacement was pushed to the kiosk.
2026-07-08 10:56:36.632 +03:00 [INF] Expired 1 stale QR token(s); a replacement was pushed to the kiosk.
2026-07-08 10:56:56.632 +03:00 [INF] Expired 1 stale QR token(s); a replacement was pushed to the kiosk.
2026-07-08 10:57:16.636 +03:00 [INF] Expired 1 stale QR token(s); a replacement was pushed to the kiosk.
2026-07-08 10:57:36.628 +03:00 [INF] Expired 1 stale QR token(s); a replacement was pushed to the kiosk.
2026-07-08 10:57:51.631 +03:00 [INF] Expired 1 stale QR token(s); a replacement was pushed to the kiosk.
2026-07-08 10:58:11.632 +03:00 [INF] Expired 1 stale QR token(s); a replacement was pushed to the kiosk.
2026-07-08 10:58:31.634 +03:00 [INF] Expired 1 stale QR token(s); a replacement was pushed to the kiosk.
2026-07-08 10:58:39.332 +03:00 [INF] HTTP OPTIONS /api/slots responded 204 in 0.1421 ms
2026-07-08 10:58:39.356 +03:00 [ERR] HTTP POST /api/slots responded 500 in 20.7627 ms
FluentValidation.ValidationException: Validation failed: 
 -- StartTime: The slot window overlaps an existing active slot. Severity: Error
   at Attendance.Application.Services.SlotConfigService.ValidateAsync(String slotName, TimeOnly startTime, TimeOnly endTime, Nullable`1 excludeSlotId) in C:\PROJECTS\employer\src\Attendance.Application\Services\SlotConfigService.cs:line 102
   at Attendance.Application.Services.SlotConfigService.CreateSlotAsync(CreateSlotRequest request) in C:\PROJECTS\employer\src\Attendance.Application\Services\SlotConfigService.cs:line 34
   at Attendance.Api.Controllers.SlotConfigController.Create(CreateSlotRequest request) in C:\PROJECTS\employer\src\Attendance.Api\Controllers\SlotConfigController.cs:line 36
   at Microsoft.AspNetCore.Mvc.Infrastructure.ActionMethodExecutor.TaskOfIActionResultExecutor.Execute(ActionContext actionContext, IActionResultTypeMapper mapper, ObjectMethodExecutor executor, Object controller, Object[] arguments)
   at Microsoft.AspNetCore.Mvc.Infrastructure.ControllerActionInvoker.<InvokeActionMethodAsync>g__Awaited|12_0(ControllerActionInvoker invoker, ValueTask`1 actionResultValueTask)
   at Microsoft.AspNetCore.Mvc.Infrastructure.ControllerActionInvoker.<InvokeNextActionFilterAsync>g__Awaited|10_0(ControllerActionInvoker invoker, Task lastTask, State next, Scope scope, Object state, Boolean isCompleted)
   at Microsoft.AspNetCore.Mvc.Infrastructure.ControllerActionInvoker.Rethrow(ActionExecutedContextSealed context)
   at Microsoft.AspNetCore.Mvc.Infrastructure.ControllerActionInvoker.Next(State& next, Scope& scope, Object& state, Boolean& isCompleted)
   at Microsoft.AspNetCore.Mvc.Infrastructure.ControllerActionInvoker.<InvokeInnerFilterAsync>g__Awaited|13_0(ControllerActionInvoker invoker, Task lastTask, State next, Scope scope, Object state, Boolean isCompleted)
   at Microsoft.AspNetCore.Mvc.Infrastructure.ResourceInvoker.<InvokeFilterPipelineAsync>g__Awaited|20_0(ResourceInvoker invoker, Task lastTask, State next, Scope scope, Object state, Boolean isCompleted)
   at Microsoft.AspNetCore.Mvc.Infrastructure.ResourceInvoker.<InvokeAsync>g__Awaited|17_0(ResourceInvoker invoker, Task task, IDisposable scope)
   at Microsoft.AspNetCore.Mvc.Infrastructure.ResourceInvoker.<InvokeAsync>g__Awaited|17_0(ResourceInvoker invoker, Task task, IDisposable scope)
   at Microsoft.AspNetCore.Authorization.AuthorizationMiddleware.Invoke(HttpContext context)
   at Microsoft.AspNetCore.Authentication.AuthenticationMiddleware.Invoke(HttpContext context)
   at Swashbuckle.AspNetCore.SwaggerUI.SwaggerUIMiddleware.Invoke(HttpContext httpContext)
   at Swashbuckle.AspNetCore.Swagger.SwaggerMiddleware.Invoke(HttpContext httpContext, ISwaggerProvider swaggerProvider)
   at Serilog.AspNetCore.RequestLoggingMiddleware.Invoke(HttpContext httpContext)
2026-07-08 10:58:39.357 +03:00 [WRN] Request fault 400 on POST /api/slots: Validation failed: 
 -- StartTime: The slot window overlaps an existing active slot. Severity: Error
2026-07-08 10:58:45.751 +03:00 [INF] HTTP OPTIONS /api/slots responded 204 in 0.1810 ms
2026-07-08 10:58:45.756 +03:00 [ERR] HTTP POST /api/slots responded 500 in 3.8144 ms
FluentValidation.ValidationException: Validation failed: 
 -- StartTime: The slot window overlaps an existing active slot. Severity: Error
   at Attendance.Application.Services.SlotConfigService.ValidateAsync(String slotName, TimeOnly startTime, TimeOnly endTime, Nullable`1 excludeSlotId) in C:\PROJECTS\employer\src\Attendance.Application\Services\SlotConfigService.cs:line 102
   at Attendance.Application.Services.SlotConfigService.CreateSlotAsync(CreateSlotRequest request) in C:\PROJECTS\employer\src\Attendance.Application\Services\SlotConfigService.cs:line 34
   at Attendance.Api.Controllers.SlotConfigController.Create(CreateSlotRequest request) in C:\PROJECTS\employer\src\Attendance.Api\Controllers\SlotConfigController.cs:line 36
   at Microsoft.AspNetCore.Mvc.Infrastructure.ActionMethodExecutor.TaskOfIActionResultExecutor.Execute(ActionContext actionContext, IActionResultTypeMapper mapper, ObjectMethodExecutor executor, Object controller, Object[] arguments)
   at Microsoft.AspNetCore.Mvc.Infrastructure.ControllerActionInvoker.<InvokeActionMethodAsync>g__Awaited|12_0(ControllerActionInvoker invoker, ValueTask`1 actionResultValueTask)
   at Microsoft.AspNetCore.Mvc.Infrastructure.ControllerActionInvoker.<InvokeNextActionFilterAsync>g__Awaited|10_0(ControllerActionInvoker invoker, Task lastTask, State next, Scope scope, Object state, Boolean isCompleted)
   at Microsoft.AspNetCore.Mvc.Infrastructure.ControllerActionInvoker.Rethrow(ActionExecutedContextSealed context)
   at Microsoft.AspNetCore.Mvc.Infrastructure.ControllerActionInvoker.Next(State& next, Scope& scope, Object& state, Boolean& isCompleted)
   at Microsoft.AspNetCore.Mvc.Infrastructure.ControllerActionInvoker.<InvokeInnerFilterAsync>g__Awaited|13_0(ControllerActionInvoker invoker, Task lastTask, State next, Scope scope, Object state, Boolean isCompleted)
   at Microsoft.AspNetCore.Mvc.Infrastructure.ResourceInvoker.<InvokeFilterPipelineAsync>g__Awaited|20_0(ResourceInvoker invoker, Task lastTask, State next, Scope scope, Object state, Boolean isCompleted)
   at Microsoft.AspNetCore.Mvc.Infrastructure.ResourceInvoker.<InvokeAsync>g__Awaited|17_0(ResourceInvoker invoker, Task task, IDisposable scope)
   at Microsoft.AspNetCore.Mvc.Infrastructure.ResourceInvoker.<InvokeAsync>g__Awaited|17_0(ResourceInvoker invoker, Task task, IDisposable scope)
   at Microsoft.AspNetCore.Authorization.AuthorizationMiddleware.Invoke(HttpContext context)
   at Microsoft.AspNetCore.Authentication.AuthenticationMiddleware.Invoke(HttpContext context)
   at Swashbuckle.AspNetCore.SwaggerUI.SwaggerUIMiddleware.Invoke(HttpContext httpContext)
   at Swashbuckle.AspNetCore.Swagger.SwaggerMiddleware.Invoke(HttpContext httpContext, ISwaggerProvider swaggerProvider)
   at Serilog.AspNetCore.RequestLoggingMiddleware.Invoke(HttpContext httpContext)
2026-07-08 10:58:45.757 +03:00 [WRN] Request fault 400 on POST /api/slots: Validation failed: 
 -- StartTime: The slot window overlaps an existing active slot. Severity: Error
2026-07-08 10:58:51.628 +03:00 [INF] Expired 1 stale QR token(s); a replacement was pushed to the kiosk.
2026-07-08 10:58:55.557 +03:00 [INF] HTTP OPTIONS /api/slots responded 204 in 0.0703 ms
2026-07-08 10:58:55.560 +03:00 [ERR] HTTP POST /api/slots responded 500 in 1.9478 ms
FluentValidation.ValidationException: Validation failed: 
 -- StartTime: The slot window overlaps an existing active slot. Severity: Error
   at Attendance.Application.Services.SlotConfigService.ValidateAsync(String slotName, TimeOnly startTime, TimeOnly endTime, Nullable`1 excludeSlotId) in C:\PROJECTS\employer\src\Attendance.Application\Services\SlotConfigService.cs:line 102
   at Attendance.Application.Services.SlotConfigService.CreateSlotAsync(CreateSlotRequest request) in C:\PROJECTS\employer\src\Attendance.Application\Services\SlotConfigService.cs:line 34
   at Attendance.Api.Controllers.SlotConfigController.Create(CreateSlotRequest request) in C:\PROJECTS\employer\src\Attendance.Api\Controllers\SlotConfigController.cs:line 36
   at Microsoft.AspNetCore.Mvc.Infrastructure.ActionMethodExecutor.TaskOfIActionResultExecutor.Execute(ActionContext actionContext, IActionResultTypeMapper mapper, ObjectMethodExecutor executor, Object controller, Object[] arguments)
   at Microsoft.AspNetCore.Mvc.Infrastructure.ControllerActionInvoker.<InvokeActionMethodAsync>g__Awaited|12_0(ControllerActionInvoker invoker, ValueTask`1 actionResultValueTask)
   at Microsoft.AspNetCore.Mvc.Infrastructure.ControllerActionInvoker.<InvokeNextActionFilterAsync>g__Awaited|10_0(ControllerActionInvoker invoker, Task lastTask, State next, Scope scope, Object state, Boolean isCompleted)
   at Microsoft.AspNetCore.Mvc.Infrastructure.ControllerActionInvoker.Rethrow(ActionExecutedContextSealed context)
   at Microsoft.AspNetCore.Mvc.Infrastructure.ControllerActionInvoker.Next(State& next, Scope& scope, Object& state, Boolean& isCompleted)
   at Microsoft.AspNetCore.Mvc.Infrastructure.ControllerActionInvoker.<InvokeInnerFilterAsync>g__Awaited|13_0(ControllerActionInvoker invoker, Task lastTask, State next, Scope scope, Object state, Boolean isCompleted)
   at Microsoft.AspNetCore.Mvc.Infrastructure.ResourceInvoker.<InvokeFilterPipelineAsync>g__Awaited|20_0(ResourceInvoker invoker, Task lastTask, State next, Scope scope, Object state, Boolean isCompleted)
   at Microsoft.AspNetCore.Mvc.Infrastructure.ResourceInvoker.<InvokeAsync>g__Awaited|17_0(ResourceInvoker invoker, Task task, IDisposable scope)
   at Microsoft.AspNetCore.Mvc.Infrastructure.ResourceInvoker.<InvokeAsync>g__Awaited|17_0(ResourceInvoker invoker, Task task, IDisposable scope)
   at Microsoft.AspNetCore.Authorization.AuthorizationMiddleware.Invoke(HttpContext context)
   at Microsoft.AspNetCore.Authentication.AuthenticationMiddleware.Invoke(HttpContext context)
   at Swashbuckle.AspNetCore.SwaggerUI.SwaggerUIMiddleware.Invoke(HttpContext httpContext)
   at Swashbuckle.AspNetCore.Swagger.SwaggerMiddleware.Invoke(HttpContext httpContext, ISwaggerProvider swaggerProvider)
   at Serilog.AspNetCore.RequestLoggingMiddleware.Invoke(HttpContext httpContext)
2026-07-08 10:58:55.562 +03:00 [WRN] Request fault 400 on POST /api/slots: Validation failed: 
 -- StartTime: The slot window overlaps an existing active slot. Severity: Error
2026-07-08 10:59:02.418 +03:00 [INF] HTTP OPTIONS /api/slots responded 204 in 0.0643 ms
2026-07-08 10:59:02.422 +03:00 [ERR] HTTP POST /api/slots responded 500 in 2.6759 ms
FluentValidation.ValidationException: Validation failed: 
 -- StartTime: The slot window overlaps an existing active slot. Severity: Error
   at Attendance.Application.Services.SlotConfigService.ValidateAsync(String slotName, TimeOnly startTime, TimeOnly endTime, Nullable`1 excludeSlotId) in C:\PROJECTS\employer\src\Attendance.Application\Services\SlotConfigService.cs:line 102
   at Attendance.Application.Services.SlotConfigService.CreateSlotAsync(CreateSlotRequest request) in C:\PROJECTS\employer\src\Attendance.Application\Services\SlotConfigService.cs:line 34
   at Attendance.Api.Controllers.SlotConfigController.Create(CreateSlotRequest request) in C:\PROJECTS\employer\src\Attendance.Api\Controllers\SlotConfigController.cs:line 36
   at Microsoft.AspNetCore.Mvc.Infrastructure.ActionMethodExecutor.TaskOfIActionResultExecutor.Execute(ActionContext actionContext, IActionResultTypeMapper mapper, ObjectMethodExecutor executor, Object controller, Object[] arguments)
   at Microsoft.AspNetCore.Mvc.Infrastructure.ControllerActionInvoker.<InvokeActionMethodAsync>g__Awaited|12_0(ControllerActionInvoker invoker, ValueTask`1 actionResultValueTask)
   at Microsoft.AspNetCore.Mvc.Infrastructure.ControllerActionInvoker.<InvokeNextActionFilterAsync>g__Awaited|10_0(ControllerActionInvoker invoker, Task lastTask, State next, Scope scope, Object state, Boolean isCompleted)
   at Microsoft.AspNetCore.Mvc.Infrastructure.ControllerActionInvoker.Rethrow(ActionExecutedContextSealed context)
   at Microsoft.AspNetCore.Mvc.Infrastructure.ControllerActionInvoker.Next(State& next, Scope& scope, Object& state, Boolean& isCompleted)
   at Microsoft.AspNetCore.Mvc.Infrastructure.ControllerActionInvoker.<InvokeInnerFilterAsync>g__Awaited|13_0(ControllerActionInvoker invoker, Task lastTask, State next, Scope scope, Object state, Boolean isCompleted)
   at Microsoft.AspNetCore.Mvc.Infrastructure.ResourceInvoker.<InvokeFilterPipelineAsync>g__Awaited|20_0(ResourceInvoker invoker, Task lastTask, State next, Scope scope, Object state, Boolean isCompleted)
   at Microsoft.AspNetCore.Mvc.Infrastructure.ResourceInvoker.<InvokeAsync>g__Awaited|17_0(ResourceInvoker invoker, Task task, IDisposable scope)
   at Microsoft.AspNetCore.Mvc.Infrastructure.ResourceInvoker.<InvokeAsync>g__Awaited|17_0(ResourceInvoker invoker, Task task, IDisposable scope)
   at Microsoft.AspNetCore.Authorization.AuthorizationMiddleware.Invoke(HttpContext context)
   at Microsoft.AspNetCore.Authentication.AuthenticationMiddleware.Invoke(HttpContext context)
   at Swashbuckle.AspNetCore.SwaggerUI.SwaggerUIMiddleware.Invoke(HttpContext httpContext)
   at Swashbuckle.AspNetCore.Swagger.SwaggerMiddleware.Invoke(HttpContext httpContext, ISwaggerProvider swaggerProvider)
   at Serilog.AspNetCore.RequestLoggingMiddleware.Invoke(HttpContext httpContext)
2026-07-08 10:59:02.423 +03:00 [WRN] Request fault 400 on POST /api/slots: Validation failed: 
 -- StartTime: The slot window overlaps an existing active slot. Severity: Error
2026-07-08 10:59:11.635 +03:00 [INF] Expired 1 stale QR token(s); a replacement was pushed to the kiosk.
2026-07-08 10:59:31.630 +03:00 [INF] Expired 1 stale QR token(s); a replacement was pushed to the kiosk.
2026-07-08 10:59:46.631 +03:00 [INF] Expired 1 stale QR token(s); a replacement was pushed to the kiosk.
2026-07-08 11:00:06.626 +03:00 [INF] Expired 1 stale QR token(s); a replacement was pushed to the kiosk.
2026-07-08 11:00:21.639 +03:00 [INF] Expired 1 stale QR token(s); a replacement was pushed to the kiosk.
2026-07-08 11:00:41.636 +03:00 [INF] Expired 1 stale QR token(s); a replacement was pushed to the kiosk.
2026-07-08 11:00:56.642 +03:00 [INF] Expired 1 stale QR token(s); a replacement was pushed to the kiosk.
2026-07-08 11:01:16.626 +03:00 [INF] Expired 1 stale QR token(s); a replacement was pushed to the kiosk.
2026-07-08 11:01:31.648 +03:00 [INF] Expired 1 stale QR token(s); a replacement was pushed to the kiosk.
2026-07-08 11:01:31.822 +03:00 [INF] HTTP OPTIONS /api/slots responded 204 in 0.0729 ms
2026-07-08 11:01:31.825 +03:00 [ERR] HTTP POST /api/slots responded 500 in 1.4800 ms
FluentValidation.ValidationException: Validation failed: 
 -- EndTime: EndTime must be after StartTime. Severity: Error
   at Attendance.Application.Services.SlotConfigService.ValidateAsync(String slotName, TimeOnly startTime, TimeOnly endTime, Nullable`1 excludeSlotId) in C:\PROJECTS\employer\src\Attendance.Application\Services\SlotConfigService.cs:line 102
   at Attendance.Application.Services.SlotConfigService.CreateSlotAsync(CreateSlotRequest request) in C:\PROJECTS\employer\src\Attendance.Application\Services\SlotConfigService.cs:line 34
   at Attendance.Api.Controllers.SlotConfigController.Create(CreateSlotRequest request) in C:\PROJECTS\employer\src\Attendance.Api\Controllers\SlotConfigController.cs:line 36
   at Microsoft.AspNetCore.Mvc.Infrastructure.ActionMethodExecutor.TaskOfIActionResultExecutor.Execute(ActionContext actionContext, IActionResultTypeMapper mapper, ObjectMethodExecutor executor, Object controller, Object[] arguments)
   at Microsoft.AspNetCore.Mvc.Infrastructure.ControllerActionInvoker.<InvokeActionMethodAsync>g__Awaited|12_0(ControllerActionInvoker invoker, ValueTask`1 actionResultValueTask)
   at Microsoft.AspNetCore.Mvc.Infrastructure.ControllerActionInvoker.<InvokeNextActionFilterAsync>g__Awaited|10_0(ControllerActionInvoker invoker, Task lastTask, State next, Scope scope, Object state, Boolean isCompleted)
   at Microsoft.AspNetCore.Mvc.Infrastructure.ControllerActionInvoker.Rethrow(ActionExecutedContextSealed context)
   at Microsoft.AspNetCore.Mvc.Infrastructure.ControllerActionInvoker.Next(State& next, Scope& scope, Object& state, Boolean& isCompleted)
   at Microsoft.AspNetCore.Mvc.Infrastructure.ControllerActionInvoker.InvokeInnerFilterAsync()
--- End of stack trace from previous location ---
   at Microsoft.AspNetCore.Mvc.Infrastructure.ResourceInvoker.<InvokeFilterPipelineAsync>g__Awaited|20_0(ResourceInvoker invoker, Task lastTask, State next, Scope scope, Object state, Boolean isCompleted)
   at Microsoft.AspNetCore.Mvc.Infrastructure.ResourceInvoker.<InvokeAsync>g__Awaited|17_0(ResourceInvoker invoker, Task task, IDisposable scope)
   at Microsoft.AspNetCore.Mvc.Infrastructure.ResourceInvoker.<InvokeAsync>g__Awaited|17_0(ResourceInvoker invoker, Task task, IDisposable scope)
   at Microsoft.AspNetCore.Authorization.AuthorizationMiddleware.Invoke(HttpContext context)
   at Microsoft.AspNetCore.Authentication.AuthenticationMiddleware.Invoke(HttpContext context)
   at Swashbuckle.AspNetCore.SwaggerUI.SwaggerUIMiddleware.Invoke(HttpContext httpContext)
   at Swashbuckle.AspNetCore.Swagger.SwaggerMiddleware.Invoke(HttpContext httpContext, ISwaggerProvider swaggerProvider)
   at Serilog.AspNetCore.RequestLoggingMiddleware.Invoke(HttpContext httpContext)
2026-07-08 11:01:31.826 +03:00 [WRN] Request fault 400 on POST /api/slots: Validation failed: 
 -- EndTime: EndTime must be after StartTime. Severity: Error
2026-07-08 11:01:41.619 +03:00 [INF] HTTP OPTIONS /api/slots responded 204 in 0.0823 ms
2026-07-08 11:01:41.621 +03:00 [ERR] HTTP POST /api/slots responded 500 in 0.7678 ms
FluentValidation.ValidationException: Validation failed: 
 -- EndTime: EndTime must be after StartTime. Severity: Error
   at Attendance.Application.Services.SlotConfigService.ValidateAsync(String slotName, TimeOnly startTime, TimeOnly endTime, Nullable`1 excludeSlotId) in C:\PROJECTS\employer\src\Attendance.Application\Services\SlotConfigService.cs:line 102
   at Attendance.Application.Services.SlotConfigService.CreateSlotAsync(CreateSlotRequest request) in C:\PROJECTS\employer\src\Attendance.Application\Services\SlotConfigService.cs:line 34
   at Attendance.Api.Controllers.SlotConfigController.Create(CreateSlotRequest request) in C:\PROJECTS\employer\src\Attendance.Api\Controllers\SlotConfigController.cs:line 36
   at Microsoft.AspNetCore.Mvc.Infrastructure.ActionMethodExecutor.TaskOfIActionResultExecutor.Execute(ActionContext actionContext, IActionResultTypeMapper mapper, ObjectMethodExecutor executor, Object controller, Object[] arguments)
   at Microsoft.AspNetCore.Mvc.Infrastructure.ControllerActionInvoker.<InvokeActionMethodAsync>g__Awaited|12_0(ControllerActionInvoker invoker, ValueTask`1 actionResultValueTask)
   at Microsoft.AspNetCore.Mvc.Infrastructure.ControllerActionInvoker.<InvokeNextActionFilterAsync>g__Awaited|10_0(ControllerActionInvoker invoker, Task lastTask, State next, Scope scope, Object state, Boolean isCompleted)
   at Microsoft.AspNetCore.Mvc.Infrastructure.ControllerActionInvoker.Rethrow(ActionExecutedContextSealed context)
   at Microsoft.AspNetCore.Mvc.Infrastructure.ControllerActionInvoker.Next(State& next, Scope& scope, Object& state, Boolean& isCompleted)
   at Microsoft.AspNetCore.Mvc.Infrastructure.ControllerActionInvoker.InvokeInnerFilterAsync()
--- End of stack trace from previous location ---
   at Microsoft.AspNetCore.Mvc.Infrastructure.ResourceInvoker.<InvokeFilterPipelineAsync>g__Awaited|20_0(ResourceInvoker invoker, Task lastTask, State next, Scope scope, Object state, Boolean isCompleted)
   at Microsoft.AspNetCore.Mvc.Infrastructure.ResourceInvoker.<InvokeAsync>g__Awaited|17_0(ResourceInvoker invoker, Task task, IDisposable scope)
   at Microsoft.AspNetCore.Mvc.Infrastructure.ResourceInvoker.<InvokeAsync>g__Awaited|17_0(ResourceInvoker invoker, Task task, IDisposable scope)
   at Microsoft.AspNetCore.Authorization.AuthorizationMiddleware.Invoke(HttpContext context)
   at Microsoft.AspNetCore.Authentication.AuthenticationMiddleware.Invoke(HttpContext context)
   at Swashbuckle.AspNetCore.SwaggerUI.SwaggerUIMiddleware.Invoke(HttpContext httpContext)
   at Swashbuckle.AspNetCore.Swagger.SwaggerMiddleware.Invoke(HttpContext httpContext, ISwaggerProvider swaggerProvider)
   at Serilog.AspNetCore.RequestLoggingMiddleware.Invoke(HttpContext httpContext)
2026-07-08 11:01:41.622 +03:00 [WRN] Request fault 400 on POST /api/slots: Validation failed: 
 -- EndTime: EndTime must be after StartTime. Severity: Error
2026-07-08 11:01:48.193 +03:00 [INF] HTTP OPTIONS /api/slots responded 204 in 0.1913 ms
2026-07-08 11:01:48.195 +03:00 [ERR] HTTP POST /api/slots responded 500 in 0.8394 ms
FluentValidation.ValidationException: Validation failed: 
 -- EndTime: EndTime must be after StartTime. Severity: Error
   at Attendance.Application.Services.SlotConfigService.ValidateAsync(String slotName, TimeOnly startTime, TimeOnly endTime, Nullable`1 excludeSlotId) in C:\PROJECTS\employer\src\Attendance.Application\Services\SlotConfigService.cs:line 102
   at Attendance.Application.Services.SlotConfigService.CreateSlotAsync(CreateSlotRequest request) in C:\PROJECTS\employer\src\Attendance.Application\Services\SlotConfigService.cs:line 34
   at Attendance.Api.Controllers.SlotConfigController.Create(CreateSlotRequest request) in C:\PROJECTS\employer\src\Attendance.Api\Controllers\SlotConfigController.cs:line 36
   at Microsoft.AspNetCore.Mvc.Infrastructure.ActionMethodExecutor.TaskOfIActionResultExecutor.Execute(ActionContext actionContext, IActionResultTypeMapper mapper, ObjectMethodExecutor executor, Object controller, Object[] arguments)
   at Microsoft.AspNetCore.Mvc.Infrastructure.ControllerActionInvoker.<InvokeActionMethodAsync>g__Awaited|12_0(ControllerActionInvoker invoker, ValueTask`1 actionResultValueTask)
   at Microsoft.AspNetCore.Mvc.Infrastructure.ControllerActionInvoker.<InvokeNextActionFilterAsync>g__Awaited|10_0(ControllerActionInvoker invoker, Task lastTask, State next, Scope scope, Object state, Boolean isCompleted)
   at Microsoft.AspNetCore.Mvc.Infrastructure.ControllerActionInvoker.Rethrow(ActionExecutedContextSealed context)
   at Microsoft.AspNetCore.Mvc.Infrastructure.ControllerActionInvoker.Next(State& next, Scope& scope, Object& state, Boolean& isCompleted)
   at Microsoft.AspNetCore.Mvc.Infrastructure.ControllerActionInvoker.InvokeInnerFilterAsync()
--- End of stack trace from previous location ---
   at Microsoft.AspNetCore.Mvc.Infrastructure.ResourceInvoker.<InvokeFilterPipelineAsync>g__Awaited|20_0(ResourceInvoker invoker, Task lastTask, State next, Scope scope, Object state, Boolean isCompleted)
   at Microsoft.AspNetCore.Mvc.Infrastructure.ResourceInvoker.<InvokeAsync>g__Awaited|17_0(ResourceInvoker invoker, Task task, IDisposable scope)
   at Microsoft.AspNetCore.Mvc.Infrastructure.ResourceInvoker.<InvokeAsync>g__Awaited|17_0(ResourceInvoker invoker, Task task, IDisposable scope)
   at Microsoft.AspNetCore.Authorization.AuthorizationMiddleware.Invoke(HttpContext context)
   at Microsoft.AspNetCore.Authentication.AuthenticationMiddleware.Invoke(HttpContext context)
   at Swashbuckle.AspNetCore.SwaggerUI.SwaggerUIMiddleware.Invoke(HttpContext httpContext)
   at Swashbuckle.AspNetCore.Swagger.SwaggerMiddleware.Invoke(HttpContext httpContext, ISwaggerProvider swaggerProvider)
   at Serilog.AspNetCore.RequestLoggingMiddleware.Invoke(HttpContext httpContext)
2026-07-08 11:01:48.196 +03:00 [WRN] Request fault 400 on POST /api/slots: Validation failed: 
 -- EndTime: EndTime must be after StartTime. Severity: Error
2026-07-08 11:01:51.636 +03:00 [INF] Expired 1 stale QR token(s); a replacement was pushed to the kiosk.
2026-07-08 11:01:54.811 +03:00 [INF] HTTP OPTIONS /api/slots responded 204 in 0.2327 ms
2026-07-08 11:01:54.813 +03:00 [ERR] HTTP POST /api/slots responded 500 in 0.9348 ms
FluentValidation.ValidationException: Validation failed: 
 -- EndTime: EndTime must be after StartTime. Severity: Error
   at Attendance.Application.Services.SlotConfigService.ValidateAsync(String slotName, TimeOnly startTime, TimeOnly endTime, Nullable`1 excludeSlotId) in C:\PROJECTS\employer\src\Attendance.Application\Services\SlotConfigService.cs:line 102
   at Attendance.Application.Services.SlotConfigService.CreateSlotAsync(CreateSlotRequest request) in C:\PROJECTS\employer\src\Attendance.Application\Services\SlotConfigService.cs:line 34
   at Attendance.Api.Controllers.SlotConfigController.Create(CreateSlotRequest request) in C:\PROJECTS\employer\src\Attendance.Api\Controllers\SlotConfigController.cs:line 36
   at Microsoft.AspNetCore.Mvc.Infrastructure.ActionMethodExecutor.TaskOfIActionResultExecutor.Execute(ActionContext actionContext, IActionResultTypeMapper mapper, ObjectMethodExecutor executor, Object controller, Object[] arguments)
   at Microsoft.AspNetCore.Mvc.Infrastructure.ControllerActionInvoker.<InvokeActionMethodAsync>g__Awaited|12_0(ControllerActionInvoker invoker, ValueTask`1 actionResultValueTask)
   at Microsoft.AspNetCore.Mvc.Infrastructure.ControllerActionInvoker.<InvokeNextActionFilterAsync>g__Awaited|10_0(ControllerActionInvoker invoker, Task lastTask, State next, Scope scope, Object state, Boolean isCompleted)
   at Microsoft.AspNetCore.Mvc.Infrastructure.ControllerActionInvoker.Rethrow(ActionExecutedContextSealed context)
   at Microsoft.AspNetCore.Mvc.Infrastructure.ControllerActionInvoker.Next(State& next, Scope& scope, Object& state, Boolean& isCompleted)
   at Microsoft.AspNetCore.Mvc.Infrastructure.ControllerActionInvoker.InvokeInnerFilterAsync()
--- End of stack trace from previous location ---
   at Microsoft.AspNetCore.Mvc.Infrastructure.ResourceInvoker.<InvokeFilterPipelineAsync>g__Awaited|20_0(ResourceInvoker invoker, Task lastTask, State next, Scope scope, Object state, Boolean isCompleted)
   at Microsoft.AspNetCore.Mvc.Infrastructure.ResourceInvoker.<InvokeAsync>g__Awaited|17_0(ResourceInvoker invoker, Task task, IDisposable scope)
   at Microsoft.AspNetCore.Mvc.Infrastructure.ResourceInvoker.<InvokeAsync>g__Awaited|17_0(ResourceInvoker invoker, Task task, IDisposable scope)
   at Microsoft.AspNetCore.Authorization.AuthorizationMiddleware.Invoke(HttpContext context)
   at Microsoft.AspNetCore.Authentication.AuthenticationMiddleware.Invoke(HttpContext context)
   at Swashbuckle.AspNetCore.SwaggerUI.SwaggerUIMiddleware.Invoke(HttpContext httpContext)
   at Swashbuckle.AspNetCore.Swagger.SwaggerMiddleware.Invoke(HttpContext httpContext, ISwaggerProvider swaggerProvider)
   at Serilog.AspNetCore.RequestLoggingMiddleware.Invoke(HttpContext httpContext)
2026-07-08 11:01:54.815 +03:00 [WRN] Request fault 400 on POST /api/slots: Validation failed: 
 -- EndTime: EndTime must be after StartTime. Severity: Error
2026-07-08 11:02:04.203 +03:00 [INF] HTTP OPTIONS /api/slots responded 204 in 0.0569 ms
2026-07-08 11:02:04.205 +03:00 [ERR] HTTP POST /api/slots responded 500 in 0.9519 ms
FluentValidation.ValidationException: Validation failed: 
 -- EndTime: EndTime must be after StartTime. Severity: Error
   at Attendance.Application.Services.SlotConfigService.ValidateAsync(String slotName, TimeOnly startTime, TimeOnly endTime, Nullable`1 excludeSlotId) in C:\PROJECTS\employer\src\Attendance.Application\Services\SlotConfigService.cs:line 102
   at Attendance.Application.Services.SlotConfigService.CreateSlotAsync(CreateSlotRequest request) in C:\PROJECTS\employer\src\Attendance.Application\Services\SlotConfigService.cs:line 34
   at Attendance.Api.Controllers.SlotConfigController.Create(CreateSlotRequest request) in C:\PROJECTS\employer\src\Attendance.Api\Controllers\SlotConfigController.cs:line 36
   at Microsoft.AspNetCore.Mvc.Infrastructure.ActionMethodExecutor.TaskOfIActionResultExecutor.Execute(ActionContext actionContext, IActionResultTypeMapper mapper, ObjectMethodExecutor executor, Object controller, Object[] arguments)
   at Microsoft.AspNetCore.Mvc.Infrastructure.ControllerActionInvoker.<InvokeActionMethodAsync>g__Awaited|12_0(ControllerActionInvoker invoker, ValueTask`1 actionResultValueTask)
   at Microsoft.AspNetCore.Mvc.Infrastructure.ControllerActionInvoker.<InvokeNextActionFilterAsync>g__Awaited|10_0(ControllerActionInvoker invoker, Task lastTask, State next, Scope scope, Object state, Boolean isCompleted)
   at Microsoft.AspNetCore.Mvc.Infrastructure.ControllerActionInvoker.Rethrow(ActionExecutedContextSealed context)
   at Microsoft.AspNetCore.Mvc.Infrastructure.ControllerActionInvoker.Next(State& next, Scope& scope, Object& state, Boolean& isCompleted)
   at Microsoft.AspNetCore.Mvc.Infrastructure.ControllerActionInvoker.InvokeInnerFilterAsync()
--- End of stack trace from previous location ---
   at Microsoft.AspNetCore.Mvc.Infrastructure.ResourceInvoker.<InvokeFilterPipelineAsync>g__Awaited|20_0(ResourceInvoker invoker, Task lastTask, State next, Scope scope, Object state, Boolean isCompleted)
   at Microsoft.AspNetCore.Mvc.Infrastructure.ResourceInvoker.<InvokeAsync>g__Awaited|17_0(ResourceInvoker invoker, Task task, IDisposable scope)
   at Microsoft.AspNetCore.Mvc.Infrastructure.ResourceInvoker.<InvokeAsync>g__Awaited|17_0(ResourceInvoker invoker, Task task, IDisposable scope)
   at Microsoft.AspNetCore.Authorization.AuthorizationMiddleware.Invoke(HttpContext context)
   at Microsoft.AspNetCore.Authentication.AuthenticationMiddleware.Invoke(HttpContext context)
   at Swashbuckle.AspNetCore.SwaggerUI.SwaggerUIMiddleware.Invoke(HttpContext httpContext)
   at Swashbuckle.AspNetCore.Swagger.SwaggerMiddleware.Invoke(HttpContext httpContext, ISwaggerProvider swaggerProvider)
   at Serilog.AspNetCore.RequestLoggingMiddleware.Invoke(HttpContext httpContext)
2026-07-08 11:02:04.206 +03:00 [WRN] Request fault 400 on POST /api/slots: Validation failed: 
 -- EndTime: EndTime must be after StartTime. Severity: Error
2026-07-08 11:02:06.643 +03:00 [INF] Expired 1 stale QR token(s); a replacement was pushed to the kiosk.
2026-07-08 11:02:26.637 +03:00 [INF] Expired 1 stale QR token(s); a replacement was pushed to the kiosk.
2026-07-08 11:02:34.791 +03:00 [INF] HTTP OPTIONS /api/staff responded 204 in 0.0594 ms
2026-07-08 11:02:34.807 +03:00 [INF] HTTP GET /api/staff responded 200 in 13.3138 ms
2026-07-08 11:02:36.281 +03:00 [INF] HTTP OPTIONS /api/slots responded 204 in 0.0545 ms
2026-07-08 11:02:36.287 +03:00 [INF] HTTP GET /api/slots responded 200 in 5.6035 ms
2026-07-08 11:02:37.273 +03:00 [INF] HTTP OPTIONS /api/reports/daily responded 204 in 0.0617 ms
2026-07-08 11:02:37.315 +03:00 [INF] HTTP GET /api/reports/daily responded 200 in 37.1030 ms
2026-07-08 11:02:46.638 +03:00 [INF] Expired 1 stale QR token(s); a replacement was pushed to the kiosk.
2026-07-08 11:02:52.488 +03:00 [INF] HTTP OPTIONS /api/staff responded 204 in 0.1828 ms
2026-07-08 11:02:52.507 +03:00 [INF] HTTP GET /api/staff responded 200 in 16.5937 ms
2026-07-08 11:03:06.638 +03:00 [INF] Expired 1 stale QR token(s); a replacement was pushed to the kiosk.
2026-07-08 11:03:26.630 +03:00 [INF] Expired 1 stale QR token(s); a replacement was pushed to the kiosk.
2026-07-08 11:03:41.638 +03:00 [INF] Expired 1 stale QR token(s); a replacement was pushed to the kiosk.
2026-07-08 11:04:01.664 +03:00 [INF] Expired 1 stale QR token(s); a replacement was pushed to the kiosk.
2026-07-08 11:04:21.629 +03:00 [INF] Expired 1 stale QR token(s); a replacement was pushed to the kiosk.
2026-07-08 11:04:41.640 +03:00 [INF] Expired 1 stale QR token(s); a replacement was pushed to the kiosk.
2026-07-08 11:05:01.635 +03:00 [INF] Expired 1 stale QR token(s); a replacement was pushed to the kiosk.
2026-07-08 11:05:21.628 +03:00 [INF] Expired 1 stale QR token(s); a replacement was pushed to the kiosk.
2026-07-08 11:05:41.634 +03:00 [INF] Expired 1 stale QR token(s); a replacement was pushed to the kiosk.
2026-07-08 11:05:56.644 +03:00 [INF] Expired 1 stale QR token(s); a replacement was pushed to the kiosk.
2026-07-08 11:06:16.641 +03:00 [INF] Expired 1 stale QR token(s); a replacement was pushed to the kiosk.
2026-07-08 11:06:36.635 +03:00 [INF] Expired 1 stale QR token(s); a replacement was pushed to the kiosk.
2026-07-08 11:06:56.629 +03:00 [INF] Expired 1 stale QR token(s); a replacement was pushed to the kiosk.
2026-07-08 11:07:16.643 +03:00 [INF] Expired 1 stale QR token(s); a replacement was pushed to the kiosk.
2026-07-08 11:07:18.586 +03:00 [INF] HTTP OPTIONS /api/slots responded 204 in 0.0698 ms
2026-07-08 11:07:18.657 +03:00 [INF] HTTP GET /api/slots responded 200 in 23.3164 ms
2026-07-08 11:07:36.636 +03:00 [INF] Expired 1 stale QR token(s); a replacement was pushed to the kiosk.
2026-07-08 11:07:56.635 +03:00 [INF] Expired 1 stale QR token(s); a replacement was pushed to the kiosk.
2026-07-08 11:08:11.647 +03:00 [INF] Expired 1 stale QR token(s); a replacement was pushed to the kiosk.
2026-07-08 11:08:31.632 +03:00 [INF] Expired 1 stale QR token(s); a replacement was pushed to the kiosk.
2026-07-08 11:08:43.847 +03:00 [INF] HTTP OPTIONS /api/slots responded 204 in 0.0548 ms
2026-07-08 11:08:43.851 +03:00 [INF] HTTP POST /api/slots responded 401 in 1.4164 ms
2026-07-08 11:08:46.638 +03:00 [INF] Expired 1 stale QR token(s); a replacement was pushed to the kiosk.
2026-07-08 11:09:06.628 +03:00 [INF] Expired 1 stale QR token(s); a replacement was pushed to the kiosk.
2026-07-08 11:09:21.641 +03:00 [INF] Expired 1 stale QR token(s); a replacement was pushed to the kiosk.
2026-07-08 11:09:23.217 +03:00 [INF] HTTP OPTIONS /api/auth/login responded 204 in 0.1582 ms
2026-07-08 11:09:23.333 +03:00 [INF] HTTP POST /api/auth/login responded 200 in 113.8267 ms
2026-07-08 11:09:23.356 +03:00 [INF] HTTP OPTIONS /api/staff responded 204 in 0.0411 ms
2026-07-08 11:09:23.372 +03:00 [INF] HTTP GET /api/staff responded 200 in 13.9690 ms
2026-07-08 11:09:25.540 +03:00 [INF] HTTP OPTIONS /api/slots responded 204 in 0.0463 ms
2026-07-08 11:09:25.547 +03:00 [INF] HTTP GET /api/slots responded 200 in 5.5849 ms
2026-07-08 11:09:41.635 +03:00 [INF] Expired 1 stale QR token(s); a replacement was pushed to the kiosk.
2026-07-08 11:10:01.642 +03:00 [INF] Expired 1 stale QR token(s); a replacement was pushed to the kiosk.
2026-07-08 11:10:16.648 +03:00 [INF] HTTP OPTIONS /api/staff responded 204 in 0.0495 ms
2026-07-08 11:10:16.666 +03:00 [INF] Expired 1 stale QR token(s); a replacement was pushed to the kiosk.
2026-07-08 11:10:16.680 +03:00 [INF] HTTP GET /api/staff responded 200 in 30.3174 ms
2026-07-08 11:10:18.520 +03:00 [INF] HTTP OPTIONS /api/departments responded 204 in 0.0424 ms
2026-07-08 11:10:18.528 +03:00 [INF] HTTP GET /api/departments responded 200 in 5.3674 ms
2026-07-08 11:10:36.639 +03:00 [INF] Expired 1 stale QR token(s); a replacement was pushed to the kiosk.
2026-07-08 11:10:56.635 +03:00 [INF] Expired 1 stale QR token(s); a replacement was pushed to the kiosk.
2026-07-08 11:11:16.642 +03:00 [INF] Expired 1 stale QR token(s); a replacement was pushed to the kiosk.
2026-07-08 11:11:36.639 +03:00 [INF] Expired 1 stale QR token(s); a replacement was pushed to the kiosk.
2026-07-08 11:11:56.634 +03:00 [INF] Expired 1 stale QR token(s); a replacement was pushed to the kiosk.
2026-07-08 11:11:57.620 +03:00 [INF] HTTP OPTIONS /api/staff responded 204 in 0.0432 ms
2026-07-08 11:11:57.657 +03:00 [INF] HTTP POST /api/staff responded 400 in 33.7722 ms
2026-07-08 11:12:10.390 +03:00 [INF] HTTP OPTIONS /api/staff responded 204 in 0.0405 ms
2026-07-08 11:12:10.398 +03:00 [INF] HTTP POST /api/staff responded 400 in 4.9806 ms
2026-07-08 11:12:16.628 +03:00 [INF] Expired 1 stale QR token(s); a replacement was pushed to the kiosk.
2026-07-08 11:12:31.643 +03:00 [INF] Expired 1 stale QR token(s); a replacement was pushed to the kiosk.
2026-07-08 11:12:51.635 +03:00 [INF] Expired 1 stale QR token(s); a replacement was pushed to the kiosk.
2026-07-08 11:12:56.194 +03:00 [INF] HTTP OPTIONS /api/staff responded 204 in 0.0373 ms
2026-07-08 11:12:56.200 +03:00 [INF] HTTP POST /api/staff responded 400 in 4.4389 ms
2026-07-08 11:13:11.633 +03:00 [INF] Expired 1 stale QR token(s); a replacement was pushed to the kiosk.
2026-07-08 11:13:31.628 +03:00 [INF] Expired 1 stale QR token(s); a replacement was pushed to the kiosk.
2026-07-08 11:13:51.646 +03:00 [INF] Expired 1 stale QR token(s); a replacement was pushed to the kiosk.
2026-07-08 11:14:11.624 +03:00 [INF] Expired 1 stale QR token(s); a replacement was pushed to the kiosk.
2026-07-08 11:14:26.631 +03:00 [INF] Expired 1 stale QR token(s); a replacement was pushed to the kiosk.
2026-07-08 11:14:41.651 +03:00 [INF] Expired 1 stale QR token(s); a replacement was pushed to the kiosk.
2026-07-08 11:15:01.643 +03:00 [INF] Expired 1 stale QR token(s); a replacement was pushed to the kiosk.
2026-07-08 11:15:16.678 +03:00 [INF] Expired 1 stale QR token(s); a replacement was pushed to the kiosk.
2026-07-08 11:15:36.629 +03:00 [INF] Expired 1 stale QR token(s); a replacement was pushed to the kiosk.
2026-07-08 11:15:51.654 +03:00 [INF] Expired 1 stale QR token(s); a replacement was pushed to the kiosk.
2026-07-08 11:16:11.630 +03:00 [INF] Expired 1 stale QR token(s); a replacement was pushed to the kiosk.
2026-07-08 11:16:26.641 +03:00 [INF] Expired 1 stale QR token(s); a replacement was pushed to the kiosk.
2026-07-08 11:16:46.631 +03:00 [INF] Expired 1 stale QR token(s); a replacement was pushed to the kiosk.
2026-07-08 11:17:01.641 +03:00 [INF] Expired 1 stale QR token(s); a replacement was pushed to the kiosk.
2026-07-08 11:17:21.630 +03:00 [INF] Expired 1 stale QR token(s); a replacement was pushed to the kiosk.
2026-07-08 11:17:41.634 +03:00 [INF] Expired 1 stale QR token(s); a replacement was pushed to the kiosk.
2026-07-08 11:17:56.637 +03:00 [INF] Expired 1 stale QR token(s); a replacement was pushed to the kiosk.
2026-07-08 11:18:16.640 +03:00 [INF] Expired 1 stale QR token(s); a replacement was pushed to the kiosk.
2026-07-08 11:18:36.628 +03:00 [INF] Expired 1 stale QR token(s); a replacement was pushed to the kiosk.
2026-07-08 11:18:56.642 +03:00 [INF] Expired 1 stale QR token(s); a replacement was pushed to the kiosk.
2026-07-08 11:19:16.632 +03:00 [INF] Expired 1 stale QR token(s); a replacement was pushed to the kiosk.
2026-07-08 11:19:36.633 +03:00 [INF] Expired 1 stale QR token(s); a replacement was pushed to the kiosk.
2026-07-08 11:19:51.638 +03:00 [INF] Expired 1 stale QR token(s); a replacement was pushed to the kiosk.
2026-07-08 11:20:11.639 +03:00 [INF] Expired 1 stale QR token(s); a replacement was pushed to the kiosk.
2026-07-08 11:20:31.641 +03:00 [INF] Expired 1 stale QR token(s); a replacement was pushed to the kiosk.
2026-07-08 11:20:51.639 +03:00 [INF] Expired 1 stale QR token(s); a replacement was pushed to the kiosk.
2026-07-08 11:21:11.632 +03:00 [INF] Expired 1 stale QR token(s); a replacement was pushed to the kiosk.
2026-07-08 11:21:26.641 +03:00 [INF] Expired 1 stale QR token(s); a replacement was pushed to the kiosk.
2026-07-08 11:21:46.629 +03:00 [INF] Expired 1 stale QR token(s); a replacement was pushed to the kiosk.
2026-07-08 11:22:01.635 +03:00 [INF] Expired 1 stale QR token(s); a replacement was pushed to the kiosk.
2026-07-08 11:22:21.643 +03:00 [INF] Expired 1 stale QR token(s); a replacement was pushed to the kiosk.
2026-07-08 11:22:41.636 +03:00 [INF] Expired 1 stale QR token(s); a replacement was pushed to the kiosk.
2026-07-08 11:22:56.639 +03:00 [INF] Expired 1 stale QR token(s); a replacement was pushed to the kiosk.
2026-07-08 11:23:16.639 +03:00 [INF] Expired 1 stale QR token(s); a replacement was pushed to the kiosk.
2026-07-08 11:23:36.639 +03:00 [INF] Expired 1 stale QR token(s); a replacement was pushed to the kiosk.
2026-07-08 11:23:56.631 +03:00 [INF] Expired 1 stale QR token(s); a replacement was pushed to the kiosk.
2026-07-08 11:24:03.562 +03:00 [INF] HTTP OPTIONS /api/staff responded 204 in 0.0414 ms
2026-07-08 11:24:03.571 +03:00 [INF] HTTP POST /api/staff responded 400 in 6.1435 ms
2026-07-08 11:24:16.636 +03:00 [INF] Expired 1 stale QR token(s); a replacement was pushed to the kiosk.
2026-07-08 11:24:36.645 +03:00 [INF] Expired 1 stale QR token(s); a replacement was pushed to the kiosk.
2026-07-08 11:24:44.863 +03:00 [INF] HTTP GET /swagger responded 301 in 4.5406 ms
2026-07-08 11:24:44.866 +03:00 [INF] HTTP GET /swagger/index.html responded 200 in 0.4657 ms
2026-07-08 11:24:44.996 +03:00 [INF] HTTP GET /swagger/swagger-ui.css responded 200 in 17.1828 ms
2026-07-08 11:24:44.996 +03:00 [INF] HTTP GET /swagger/index.css responded 200 in 14.3482 ms
2026-07-08 11:24:45.008 +03:00 [INF] HTTP GET /swagger/index.js responded 200 in 0.4541 ms
2026-07-08 11:24:45.014 +03:00 [INF] HTTP GET /swagger/swagger-ui-bundle.js responded 200 in 31.6943 ms
2026-07-08 11:24:45.023 +03:00 [INF] HTTP GET /swagger/swagger-ui-standalone-preset.js responded 200 in 13.1268 ms
2026-07-08 11:24:45.463 +03:00 [INF] HTTP GET /swagger/favicon-16x16.png responded 200 in 2.9553 ms
2026-07-08 11:24:45.677 +03:00 [INF] HTTP GET /swagger/v1/swagger.json responded 200 in 196.0567 ms
2026-07-08 11:24:56.641 +03:00 [INF] Expired 1 stale QR token(s); a replacement was pushed to the kiosk.
2026-07-08 11:25:16.631 +03:00 [INF] Expired 1 stale QR token(s); a replacement was pushed to the kiosk.
2026-07-08 11:25:36.623 +03:00 [INF] Expired 1 stale QR token(s); a replacement was pushed to the kiosk.
2026-07-08 11:25:49.568 +03:00 [INF] HTTP GET /swagger responded 301 in 0.3572 ms
2026-07-08 11:25:49.580 +03:00 [INF] HTTP GET /swagger/index.html responded 200 in 0.4866 ms
2026-07-08 11:25:49.636 +03:00 [INF] HTTP GET /swagger/swagger-ui.css responded 200 in 0.1920 ms
2026-07-08 11:25:49.640 +03:00 [INF] HTTP GET /swagger/index.css responded 200 in 0.4822 ms
2026-07-08 11:25:49.642 +03:00 [INF] HTTP GET /swagger/swagger-ui-standalone-preset.js responded 200 in 0.7044 ms
2026-07-08 11:25:49.643 +03:00 [INF] HTTP GET /swagger/swagger-ui-bundle.js responded 200 in 1.7801 ms
2026-07-08 11:25:49.644 +03:00 [INF] HTTP GET /swagger/index.js responded 200 in 0.2115 ms
2026-07-08 11:25:49.857 +03:00 [INF] HTTP GET /swagger/v1/swagger.json responded 200 in 14.1222 ms
2026-07-08 11:25:49.859 +03:00 [INF] HTTP GET /swagger/favicon-32x32.png responded 200 in 0.3247 ms
2026-07-08 11:25:51.636 +03:00 [INF] Expired 1 stale QR token(s); a replacement was pushed to the kiosk.
2026-07-08 11:26:11.639 +03:00 [INF] Expired 1 stale QR token(s); a replacement was pushed to the kiosk.
2026-07-08 11:26:31.632 +03:00 [INF] Expired 1 stale QR token(s); a replacement was pushed to the kiosk.
2026-07-08 11:26:46.646 +03:00 [INF] Expired 1 stale QR token(s); a replacement was pushed to the kiosk.
2026-07-08 11:27:06.631 +03:00 [INF] Expired 1 stale QR token(s); a replacement was pushed to the kiosk.
2026-07-08 11:27:21.636 +03:00 [INF] Expired 1 stale QR token(s); a replacement was pushed to the kiosk.
2026-07-08 11:27:41.656 +03:00 [INF] Expired 1 stale QR token(s); a replacement was pushed to the kiosk.
2026-07-08 11:28:01.633 +03:00 [INF] Expired 1 stale QR token(s); a replacement was pushed to the kiosk.
2026-07-08 11:28:21.649 +03:00 [INF] Expired 1 stale QR token(s); a replacement was pushed to the kiosk.
2026-07-08 11:28:41.629 +03:00 [INF] Expired 1 stale QR token(s); a replacement was pushed to the kiosk.
2026-07-08 11:28:56.646 +03:00 [INF] Expired 1 stale QR token(s); a replacement was pushed to the kiosk.
2026-07-08 11:29:16.645 +03:00 [INF] Expired 1 stale QR token(s); a replacement was pushed to the kiosk.
2026-07-08 11:29:36.628 +03:00 [INF] Expired 1 stale QR token(s); a replacement was pushed to the kiosk.
2026-07-08 11:29:51.636 +03:00 [INF] Expired 1 stale QR token(s); a replacement was pushed to the kiosk.
2026-07-08 11:30:11.645 +03:00 [INF] Expired 1 stale QR token(s); a replacement was pushed to the kiosk.
2026-07-08 11:30:31.641 +03:00 [INF] Expired 1 stale QR token(s); a replacement was pushed to the kiosk.
2026-07-08 11:30:51.640 +03:00 [INF] Expired 1 stale QR token(s); a replacement was pushed to the kiosk.
2026-07-08 11:31:11.636 +03:00 [INF] Expired 1 stale QR token(s); a replacement was pushed to the kiosk.
2026-07-08 11:31:31.639 +03:00 [INF] Expired 1 stale QR token(s); a replacement was pushed to the kiosk.
2026-07-08 11:31:51.637 +03:00 [INF] Expired 1 stale QR token(s); a replacement was pushed to the kiosk.
2026-07-08 11:32:06.643 +03:00 [INF] Expired 1 stale QR token(s); a replacement was pushed to the kiosk.
2026-07-08 11:32:26.647 +03:00 [INF] Expired 1 stale QR token(s); a replacement was pushed to the kiosk.
2026-07-08 11:32:46.630 +03:00 [INF] Expired 1 stale QR token(s); a replacement was pushed to the kiosk.
2026-07-08 11:33:01.638 +03:00 [INF] Expired 1 stale QR token(s); a replacement was pushed to the kiosk.
2026-07-08 11:33:21.647 +03:00 [INF] Expired 1 stale QR token(s); a replacement was pushed to the kiosk.
2026-07-08 11:33:41.641 +03:00 [INF] Expired 1 stale QR token(s); a replacement was pushed to the kiosk.
2026-07-08 11:34:01.629 +03:00 [INF] Expired 1 stale QR token(s); a replacement was pushed to the kiosk.
2026-07-08 11:34:16.636 +03:00 [INF] Expired 1 stale QR token(s); a replacement was pushed to the kiosk.
2026-07-08 11:34:36.647 +03:00 [INF] Expired 1 stale QR token(s); a replacement was pushed to the kiosk.
2026-07-08 11:34:56.638 +03:00 [INF] Expired 1 stale QR token(s); a replacement was pushed to the kiosk.
2026-07-08 11:35:16.638 +03:00 [INF] Expired 1 stale QR token(s); a replacement was pushed to the kiosk.
2026-07-08 11:35:31.666 +03:00 [INF] Expired 1 stale QR token(s); a replacement was pushed to the kiosk.
2026-07-08 11:35:51.644 +03:00 [INF] Expired 1 stale QR token(s); a replacement was pushed to the kiosk.
2026-07-08 11:36:11.631 +03:00 [INF] Expired 1 stale QR token(s); a replacement was pushed to the kiosk.
2026-07-08 11:36:26.643 +03:00 [INF] Expired 1 stale QR token(s); a replacement was pushed to the kiosk.
2026-07-08 11:36:46.644 +03:00 [INF] Expired 1 stale QR token(s); a replacement was pushed to the kiosk.
2026-07-08 11:37:06.641 +03:00 [INF] Expired 1 stale QR token(s); a replacement was pushed to the kiosk.
2026-07-08 11:37:26.645 +03:00 [INF] Expired 1 stale QR token(s); a replacement was pushed to the kiosk.
2026-07-08 11:37:46.647 +03:00 [INF] Expired 1 stale QR token(s); a replacement was pushed to the kiosk.
2026-07-08 11:38:06.633 +03:00 [INF] Expired 1 stale QR token(s); a replacement was pushed to the kiosk.
2026-07-08 11:38:21.635 +03:00 [INF] Expired 1 stale QR token(s); a replacement was pushed to the kiosk.
2026-07-08 11:38:41.639 +03:00 [INF] Expired 1 stale QR token(s); a replacement was pushed to the kiosk.
2026-07-08 11:39:01.636 +03:00 [INF] Expired 1 stale QR token(s); a replacement was pushed to the kiosk.
2026-07-08 11:39:21.640 +03:00 [INF] Expired 1 stale QR token(s); a replacement was pushed to the kiosk.
2026-07-08 11:39:41.644 +03:00 [INF] Expired 1 stale QR token(s); a replacement was pushed to the kiosk.
2026-07-08 11:40:01.638 +03:00 [INF] Expired 1 stale QR token(s); a replacement was pushed to the kiosk.
2026-07-08 11:40:16.642 +03:00 [INF] Expired 1 stale QR token(s); a replacement was pushed to the kiosk.
2026-07-08 11:40:36.629 +03:00 [INF] Expired 1 stale QR token(s); a replacement was pushed to the kiosk.
2026-07-08 11:40:51.637 +03:00 [INF] Expired 1 stale QR token(s); a replacement was pushed to the kiosk.
2026-07-08 11:41:06.659 +03:00 [INF] Expired 1 stale QR token(s); a replacement was pushed to the kiosk.
2026-07-08 11:41:26.630 +03:00 [INF] Expired 1 stale QR token(s); a replacement was pushed to the kiosk.
2026-07-08 11:41:41.636 +03:00 [INF] Expired 1 stale QR token(s); a replacement was pushed to the kiosk.
2026-07-08 11:42:01.643 +03:00 [INF] Expired 1 stale QR token(s); a replacement was pushed to the kiosk.
2026-07-08 11:42:21.641 +03:00 [INF] Expired 1 stale QR token(s); a replacement was pushed to the kiosk.
2026-07-08 11:42:41.643 +03:00 [INF] Expired 1 stale QR token(s); a replacement was pushed to the kiosk.
2026-07-08 11:43:01.636 +03:00 [INF] Expired 1 stale QR token(s); a replacement was pushed to the kiosk.
2026-07-08 11:43:16.651 +03:00 [INF] Expired 1 stale QR token(s); a replacement was pushed to the kiosk.
2026-07-08 11:43:36.647 +03:00 [INF] Expired 1 stale QR token(s); a replacement was pushed to the kiosk.
2026-07-08 11:43:56.641 +03:00 [INF] Expired 1 stale QR token(s); a replacement was pushed to the kiosk.
2026-07-08 11:44:16.642 +03:00 [INF] Expired 1 stale QR token(s); a replacement was pushed to the kiosk.
2026-07-08 11:44:36.641 +03:00 [INF] Expired 1 stale QR token(s); a replacement was pushed to the kiosk.
2026-07-08 11:44:56.643 +03:00 [INF] Expired 1 stale QR token(s); a replacement was pushed to the kiosk.
2026-07-08 11:45:16.635 +03:00 [INF] Expired 1 stale QR token(s); a replacement was pushed to the kiosk.
2026-07-08 11:45:31.647 +03:00 [INF] Expired 1 stale QR token(s); a replacement was pushed to the kiosk.
2026-07-08 11:45:51.632 +03:00 [INF] Expired 1 stale QR token(s); a replacement was pushed to the kiosk.
2026-07-08 11:46:11.635 +03:00 [INF] Expired 1 stale QR token(s); a replacement was pushed to the kiosk.
2026-07-08 11:46:31.632 +03:00 [INF] Expired 1 stale QR token(s); a replacement was pushed to the kiosk.
2026-07-08 11:46:46.639 +03:00 [INF] Expired 1 stale QR token(s); a replacement was pushed to the kiosk.
2026-07-08 11:47:01.645 +03:00 [INF] Expired 1 stale QR token(s); a replacement was pushed to the kiosk.
2026-07-08 11:47:21.639 +03:00 [INF] Expired 1 stale QR token(s); a replacement was pushed to the kiosk.
2026-07-08 11:47:41.656 +03:00 [INF] Expired 1 stale QR token(s); a replacement was pushed to the kiosk.
2026-07-08 11:48:01.640 +03:00 [INF] Expired 1 stale QR token(s); a replacement was pushed to the kiosk.
2026-07-08 11:48:21.629 +03:00 [INF] Expired 1 stale QR token(s); a replacement was pushed to the kiosk.
2026-07-08 11:48:36.638 +03:00 [INF] Expired 1 stale QR token(s); a replacement was pushed to the kiosk.
2026-07-08 11:48:51.650 +03:00 [INF] Expired 1 stale QR token(s); a replacement was pushed to the kiosk.
2026-07-08 11:49:11.631 +03:00 [INF] Expired 1 stale QR token(s); a replacement was pushed to the kiosk.
2026-07-08 11:49:31.634 +03:00 [INF] Expired 1 stale QR token(s); a replacement was pushed to the kiosk.
2026-07-08 11:49:51.644 +03:00 [INF] Expired 1 stale QR token(s); a replacement was pushed to the kiosk.
2026-07-08 11:50:11.634 +03:00 [INF] Expired 1 stale QR token(s); a replacement was pushed to the kiosk.
2026-07-08 11:50:26.686 +03:00 [INF] Expired 1 stale QR token(s); a replacement was pushed to the kiosk.
2026-07-08 11:50:46.641 +03:00 [INF] Expired 1 stale QR token(s); a replacement was pushed to the kiosk.
2026-07-08 11:51:06.642 +03:00 [INF] Expired 1 stale QR token(s); a replacement was pushed to the kiosk.
2026-07-08 11:51:26.630 +03:00 [INF] Expired 1 stale QR token(s); a replacement was pushed to the kiosk.
2026-07-08 11:51:41.641 +03:00 [INF] Expired 1 stale QR token(s); a replacement was pushed to the kiosk.
2026-07-08 11:52:01.640 +03:00 [INF] Expired 1 stale QR token(s); a replacement was pushed to the kiosk.
2026-07-08 11:52:21.633 +03:00 [INF] Expired 1 stale QR token(s); a replacement was pushed to the kiosk.
2026-07-08 11:52:36.641 +03:00 [INF] Expired 1 stale QR token(s); a replacement was pushed to the kiosk.
2026-07-08 11:52:56.632 +03:00 [INF] Expired 1 stale QR token(s); a replacement was pushed to the kiosk.
2026-07-08 11:53:11.652 +03:00 [INF] Expired 1 stale QR token(s); a replacement was pushed to the kiosk.
2026-07-08 11:53:31.643 +03:00 [INF] Expired 1 stale QR token(s); a replacement was pushed to the kiosk.
2026-07-08 11:53:51.639 +03:00 [INF] Expired 1 stale QR token(s); a replacement was pushed to the kiosk.
2026-07-08 11:54:11.639 +03:00 [INF] Expired 1 stale QR token(s); a replacement was pushed to the kiosk.
2026-07-08 11:54:31.644 +03:00 [INF] Expired 1 stale QR token(s); a replacement was pushed to the kiosk.
2026-07-08 11:54:51.631 +03:00 [INF] Expired 1 stale QR token(s); a replacement was pushed to the kiosk.
2026-07-08 11:55:11.638 +03:00 [INF] Expired 1 stale QR token(s); a replacement was pushed to the kiosk.
2026-07-08 11:55:26.645 +03:00 [INF] Expired 1 stale QR token(s); a replacement was pushed to the kiosk.
2026-07-08 11:55:46.634 +03:00 [INF] Expired 1 stale QR token(s); a replacement was pushed to the kiosk.
2026-07-08 11:56:01.641 +03:00 [INF] Expired 1 stale QR token(s); a replacement was pushed to the kiosk.
2026-07-08 11:56:21.636 +03:00 [INF] Expired 1 stale QR token(s); a replacement was pushed to the kiosk.
2026-07-08 11:56:41.641 +03:00 [INF] Expired 1 stale QR token(s); a replacement was pushed to the kiosk.
2026-07-08 11:57:01.636 +03:00 [INF] Expired 1 stale QR token(s); a replacement was pushed to the kiosk.
2026-07-08 11:57:21.630 +03:00 [INF] Expired 1 stale QR token(s); a replacement was pushed to the kiosk.
2026-07-08 11:57:41.643 +03:00 [INF] Expired 1 stale QR token(s); a replacement was pushed to the kiosk.
2026-07-08 11:58:01.634 +03:00 [INF] Expired 1 stale QR token(s); a replacement was pushed to the kiosk.
2026-07-08 11:58:21.637 +03:00 [INF] Expired 1 stale QR token(s); a replacement was pushed to the kiosk.
2026-07-08 11:58:41.648 +03:00 [INF] Expired 1 stale QR token(s); a replacement was pushed to the kiosk.
2026-07-08 11:59:01.638 +03:00 [INF] Expired 1 stale QR token(s); a replacement was pushed to the kiosk.
2026-07-08 11:59:21.635 +03:00 [INF] Expired 1 stale QR token(s); a replacement was pushed to the kiosk.
2026-07-08 11:59:41.642 +03:00 [INF] Expired 1 stale QR token(s); a replacement was pushed to the kiosk.
2026-07-08 11:59:56.646 +03:00 [INF] Expired 1 stale QR token(s); a replacement was pushed to the kiosk.
2026-07-08 12:00:16.634 +03:00 [INF] Expired 1 stale QR token(s); a replacement was pushed to the kiosk.
2026-07-08 12:00:36.637 +03:00 [INF] Expired 1 stale QR token(s); a replacement was pushed to the kiosk.
2026-07-08 12:00:51.644 +03:00 [INF] Expired 1 stale QR token(s); a replacement was pushed to the kiosk.
2026-07-08 12:01:11.645 +03:00 [INF] Expired 1 stale QR token(s); a replacement was pushed to the kiosk.
2026-07-08 12:01:31.640 +03:00 [INF] Expired 1 stale QR token(s); a replacement was pushed to the kiosk.
2026-07-08 12:01:51.629 +03:00 [INF] Expired 1 stale QR token(s); a replacement was pushed to the kiosk.
2026-07-08 12:01:59.085 +03:00 [INF] HTTP POST /api/auth/login responded 200 in 134.2630 ms
2026-07-08 12:02:11.641 +03:00 [INF] Expired 1 stale QR token(s); a replacement was pushed to the kiosk.
2026-07-08 12:02:31.633 +03:00 [INF] Expired 1 stale QR token(s); a replacement was pushed to the kiosk.
2026-07-08 12:02:51.633 +03:00 [INF] Expired 1 stale QR token(s); a replacement was pushed to the kiosk.
2026-07-08 12:03:11.635 +03:00 [INF] Expired 1 stale QR token(s); a replacement was pushed to the kiosk.
2026-07-08 12:03:31.644 +03:00 [INF] Expired 1 stale QR token(s); a replacement was pushed to the kiosk.
2026-07-08 12:03:51.638 +03:00 [INF] Expired 1 stale QR token(s); a replacement was pushed to the kiosk.
2026-07-08 12:04:11.647 +03:00 [INF] Expired 1 stale QR token(s); a replacement was pushed to the kiosk.
2026-07-08 12:04:31.632 +03:00 [INF] Expired 1 stale QR token(s); a replacement was pushed to the kiosk.
2026-07-08 12:04:51.627 +03:00 [INF] Expired 1 stale QR token(s); a replacement was pushed to the kiosk.
2026-07-08 12:05:06.635 +03:00 [INF] Expired 1 stale QR token(s); a replacement was pushed to the kiosk.
2026-07-08 12:05:26.642 +03:00 [INF] Expired 1 stale QR token(s); a replacement was pushed to the kiosk.
2026-07-08 12:05:46.635 +03:00 [INF] Expired 1 stale QR token(s); a replacement was pushed to the kiosk.
2026-07-08 12:06:01.639 +03:00 [INF] Expired 1 stale QR token(s); a replacement was pushed to the kiosk.
2026-07-08 12:06:21.646 +03:00 [INF] Expired 1 stale QR token(s); a replacement was pushed to the kiosk.
2026-07-08 12:06:41.634 +03:00 [INF] Expired 1 stale QR token(s); a replacement was pushed to the kiosk.
2026-07-08 12:07:01.641 +03:00 [INF] Expired 1 stale QR token(s); a replacement was pushed to the kiosk.
2026-07-08 12:07:21.631 +03:00 [INF] Expired 1 stale QR token(s); a replacement was pushed to the kiosk.
2026-07-08 12:07:36.637 +03:00 [INF] Expired 1 stale QR token(s); a replacement was pushed to the kiosk.
2026-07-08 12:07:56.629 +03:00 [INF] Expired 1 stale QR token(s); a replacement was pushed to the kiosk.
2026-07-08 12:08:16.632 +03:00 [INF] Expired 1 stale QR token(s); a replacement was pushed to the kiosk.
2026-07-08 12:08:31.644 +03:00 [INF] Expired 1 stale QR token(s); a replacement was pushed to the kiosk.
2026-07-08 12:08:51.629 +03:00 [INF] Expired 1 stale QR token(s); a replacement was pushed to the kiosk.
2026-07-08 12:09:11.637 +03:00 [INF] Expired 1 stale QR token(s); a replacement was pushed to the kiosk.
2026-07-08 12:09:31.641 +03:00 [INF] Expired 1 stale QR token(s); a replacement was pushed to the kiosk.
2026-07-08 12:09:46.865 +03:00 [INF] HTTP OPTIONS /api/auth/login responded 204 in 0.0453 ms
2026-07-08 12:09:47.001 +03:00 [INF] HTTP POST /api/auth/login responded 200 in 132.3388 ms
2026-07-08 12:09:47.060 +03:00 [INF] HTTP OPTIONS /api/staff responded 204 in 0.0398 ms
2026-07-08 12:09:47.078 +03:00 [INF] HTTP GET /api/staff responded 200 in 12.5913 ms
2026-07-08 12:09:51.627 +03:00 [INF] Expired 1 stale QR token(s); a replacement was pushed to the kiosk.
2026-07-08 12:09:57.018 +03:00 [INF] HTTP OPTIONS /api/departments responded 204 in 0.0667 ms
2026-07-08 12:09:57.031 +03:00 [INF] HTTP GET /api/departments responded 200 in 8.9223 ms
2026-07-08 12:10:06.635 +03:00 [INF] Expired 1 stale QR token(s); a replacement was pushed to the kiosk.
2026-07-08 12:10:21.638 +03:00 [INF] Expired 1 stale QR token(s); a replacement was pushed to the kiosk.
2026-07-08 12:10:41.627 +03:00 [INF] Expired 1 stale QR token(s); a replacement was pushed to the kiosk.
2026-07-08 12:10:56.631 +03:00 [INF] Expired 1 stale QR token(s); a replacement was pushed to the kiosk.
2026-07-08 12:11:11.640 +03:00 [INF] Expired 1 stale QR token(s); a replacement was pushed to the kiosk.
2026-07-08 12:11:31.632 +03:00 [INF] Expired 1 stale QR token(s); a replacement was pushed to the kiosk.
2026-07-08 12:11:42.230 +03:00 [INF] HTTP OPTIONS /api/staff responded 204 in 0.0405 ms
2026-07-08 12:11:42.242 +03:00 [INF] HTTP POST /api/staff responded 400 in 7.1358 ms
2026-07-08 12:11:46.636 +03:00 [INF] Expired 1 stale QR token(s); a replacement was pushed to the kiosk.
2026-07-08 12:11:48.196 +03:00 [INF] HTTP OPTIONS /api/staff responded 204 in 0.0366 ms
2026-07-08 12:11:48.204 +03:00 [INF] HTTP POST /api/staff responded 400 in 2.7831 ms
2026-07-08 12:11:54.564 +03:00 [INF] HTTP OPTIONS /api/staff responded 204 in 0.0614 ms
2026-07-08 12:11:54.576 +03:00 [INF] HTTP POST /api/staff responded 400 in 6.0264 ms
2026-07-08 12:12:06.634 +03:00 [INF] Expired 1 stale QR token(s); a replacement was pushed to the kiosk.
2026-07-08 12:12:21.636 +03:00 [INF] Expired 1 stale QR token(s); a replacement was pushed to the kiosk.
2026-07-08 12:12:41.640 +03:00 [INF] Expired 1 stale QR token(s); a replacement was pushed to the kiosk.
2026-07-08 12:12:56.655 +03:00 [INF] Expired 1 stale QR token(s); a replacement was pushed to the kiosk.
2026-07-08 12:13:16.642 +03:00 [INF] Expired 1 stale QR token(s); a replacement was pushed to the kiosk.
2026-07-08 12:13:36.632 +03:00 [INF] Expired 1 stale QR token(s); a replacement was pushed to the kiosk.
2026-07-08 12:13:37.381 +03:00 [INF] HTTP OPTIONS /api/staff responded 204 in 0.0475 ms
2026-07-08 12:13:37.391 +03:00 [INF] HTTP POST /api/staff responded 400 in 4.0972 ms
2026-07-08 12:13:56.633 +03:00 [INF] Expired 1 stale QR token(s); a replacement was pushed to the kiosk.
2026-07-08 12:14:16.634 +03:00 [INF] Expired 1 stale QR token(s); a replacement was pushed to the kiosk.
2026-07-08 12:14:36.638 +03:00 [INF] Expired 1 stale QR token(s); a replacement was pushed to the kiosk.
2026-07-08 12:14:56.636 +03:00 [INF] Expired 1 stale QR token(s); a replacement was pushed to the kiosk.
2026-07-08 12:15:11.644 +03:00 [INF] Expired 1 stale QR token(s); a replacement was pushed to the kiosk.
2026-07-08 12:15:31.639 +03:00 [INF] Expired 1 stale QR token(s); a replacement was pushed to the kiosk.
2026-07-08 12:15:38.893 +03:00 [INF] HTTP POST /api/staff responded 401 in 1.4873 ms
2026-07-08 12:15:51.629 +03:00 [INF] Expired 1 stale QR token(s); a replacement was pushed to the kiosk.
2026-07-08 12:16:06.635 +03:00 [INF] Expired 1 stale QR token(s); a replacement was pushed to the kiosk.
2026-07-08 12:16:26.635 +03:00 [INF] Expired 1 stale QR token(s); a replacement was pushed to the kiosk.
2026-07-08 12:16:46.634 +03:00 [INF] Expired 1 stale QR token(s); a replacement was pushed to the kiosk.
2026-07-08 12:17:01.639 +03:00 [INF] Expired 1 stale QR token(s); a replacement was pushed to the kiosk.
2026-07-08 12:17:21.645 +03:00 [INF] Expired 1 stale QR token(s); a replacement was pushed to the kiosk.
2026-07-08 12:17:41.628 +03:00 [INF] Expired 1 stale QR token(s); a replacement was pushed to the kiosk.
2026-07-08 12:17:56.636 +03:00 [INF] Expired 1 stale QR token(s); a replacement was pushed to the kiosk.
2026-07-08 12:18:11.640 +03:00 [INF] Expired 1 stale QR token(s); a replacement was pushed to the kiosk.
2026-07-08 12:18:31.643 +03:00 [INF] Expired 1 stale QR token(s); a replacement was pushed to the kiosk.
2026-07-08 12:18:51.634 +03:00 [INF] Expired 1 stale QR token(s); a replacement was pushed to the kiosk.
2026-07-08 12:19:11.634 +03:00 [INF] Expired 1 stale QR token(s); a replacement was pushed to the kiosk.
2026-07-08 12:19:18.109 +03:00 [INF] HTTP OPTIONS /api/staff responded 204 in 0.0605 ms
2026-07-08 12:19:18.118 +03:00 [INF] HTTP POST /api/staff responded 400 in 4.5097 ms
2026-07-08 12:19:26.639 +03:00 [INF] Expired 1 stale QR token(s); a replacement was pushed to the kiosk.
2026-07-08 12:19:46.636 +03:00 [INF] Expired 1 stale QR token(s); a replacement was pushed to the kiosk.
2026-07-08 12:20:06.636 +03:00 [INF] Expired 1 stale QR token(s); a replacement was pushed to the kiosk.
2026-07-08 12:20:26.630 +03:00 [INF] Expired 1 stale QR token(s); a replacement was pushed to the kiosk.
2026-07-08 12:20:41.637 +03:00 [INF] Expired 1 stale QR token(s); a replacement was pushed to the kiosk.
2026-07-08 12:20:56.638 +03:00 [INF] Expired 1 stale QR token(s); a replacement was pushed to the kiosk.
2026-07-08 12:21:04.225 +03:00 [INF] HTTP OPTIONS /api/departments responded 204 in 0.0385 ms
2026-07-08 12:21:04.227 +03:00 [INF] HTTP GET /api/departments responded 401 in 0.6935 ms
2026-07-08 12:21:04.295 +03:00 [INF] HTTP OPTIONS /api/departments responded 204 in 0.0405 ms
2026-07-08 12:21:04.304 +03:00 [INF] HTTP GET /api/departments responded 200 in 4.0018 ms
2026-07-08 12:21:15.622 +03:00 [INF] HTTP OPTIONS /api/departments responded 204 in 0.0522 ms
2026-07-08 12:21:15.631 +03:00 [INF] HTTP GET /api/departments responded 200 in 3.0482 ms
2026-07-08 12:21:16.632 +03:00 [INF] Expired 1 stale QR token(s); a replacement was pushed to the kiosk.
2026-07-08 12:21:36.633 +03:00 [INF] Expired 1 stale QR token(s); a replacement was pushed to the kiosk.
2026-07-08 12:21:56.628 +03:00 [INF] Expired 1 stale QR token(s); a replacement was pushed to the kiosk.
2026-07-08 12:22:05.940 +03:00 [INF] HTTP GET /swagger/index.html responded 200 in 0.5111 ms
2026-07-08 12:22:11.631 +03:00 [INF] Expired 1 stale QR token(s); a replacement was pushed to the kiosk.
2026-07-08 12:22:31.624 +03:00 [INF] Expired 1 stale QR token(s); a replacement was pushed to the kiosk.
2026-07-08 12:22:46.645 +03:00 [INF] Expired 1 stale QR token(s); a replacement was pushed to the kiosk.
2026-07-08 12:23:06.207 +03:00 [INF] HTTP OPTIONS /api/auth/login responded 204 in 0.0778 ms
2026-07-08 12:23:06.324 +03:00 [INF] HTTP POST /api/auth/login responded 200 in 113.9022 ms
2026-07-08 12:23:06.378 +03:00 [INF] HTTP OPTIONS /api/staff responded 204 in 0.0623 ms
2026-07-08 12:23:06.395 +03:00 [INF] HTTP GET /api/staff responded 200 in 15.5378 ms
2026-07-08 12:23:06.636 +03:00 [INF] Expired 1 stale QR token(s); a replacement was pushed to the kiosk.
2026-07-08 12:23:06.688 +03:00 [INF] HTTP OPTIONS /api/departments responded 204 in 0.0450 ms
2026-07-08 12:23:06.694 +03:00 [INF] HTTP GET /api/departments responded 200 in 4.4051 ms
2026-07-08 12:23:08.321 +03:00 [INF] HTTP OPTIONS /api/staff responded 204 in 0.0412 ms
2026-07-08 12:23:08.353 +03:00 [WRN] Savepoints are disabled because Multiple Active Result Sets (MARS) is enabled. If 'SaveChanges' fails, then the transaction cannot be automatically rolled back to a known clean state. Instead, the transaction should be rolled back by the application before retrying 'SaveChanges'. See https://go.microsoft.com/fwlink/?linkid=2149338 for more information and examples. To identify the code which triggers this warning, call 'ConfigureWarnings(w => w.Throw(SqlServerEventId.SavepointsDisabledBecauseOfMARS))'.
2026-07-08 12:23:08.478 +03:00 [WRN] Savepoints are disabled because Multiple Active Result Sets (MARS) is enabled. If 'SaveChanges' fails, then the transaction cannot be automatically rolled back to a known clean state. Instead, the transaction should be rolled back by the application before retrying 'SaveChanges'. See https://go.microsoft.com/fwlink/?linkid=2149338 for more information and examples. To identify the code which triggers this warning, call 'ConfigureWarnings(w => w.Throw(SqlServerEventId.SavepointsDisabledBecauseOfMARS))'.
2026-07-08 12:23:08.499 +03:00 [WRN] Savepoints are disabled because Multiple Active Result Sets (MARS) is enabled. If 'SaveChanges' fails, then the transaction cannot be automatically rolled back to a known clean state. Instead, the transaction should be rolled back by the application before retrying 'SaveChanges'. See https://go.microsoft.com/fwlink/?linkid=2149338 for more information and examples. To identify the code which triggers this warning, call 'ConfigureWarnings(w => w.Throw(SqlServerEventId.SavepointsDisabledBecauseOfMARS))'.
2026-07-08 12:23:08.519 +03:00 [INF] HTTP POST /api/staff responded 201 in 189.2284 ms
2026-07-08 12:23:08.539 +03:00 [INF] HTTP OPTIONS /api/staff/3 responded 204 in 0.0460 ms
2026-07-08 12:23:08.576 +03:00 [INF] HTTP GET /api/staff/3 responded 200 in 35.1936 ms
2026-07-08 12:23:08.613 +03:00 [INF] HTTP GET /staff-photos/EMP-0003/EMP-0003.png responded 200 in 27.6045 ms
2026-07-08 12:23:09.317 +03:00 [INF] HTTP OPTIONS /api/departments responded 204 in 0.0420 ms
2026-07-08 12:23:09.323 +03:00 [INF] HTTP GET /api/departments responded 200 in 2.9274 ms
2026-07-08 12:23:21.637 +03:00 [INF] Expired 1 stale QR token(s); a replacement was pushed to the kiosk.
2026-07-08 12:23:24.447 +03:00 [INF] HTTP POST /api/staff responded 401 in 0.1796 ms
2026-07-08 12:23:41.640 +03:00 [INF] Expired 1 stale QR token(s); a replacement was pushed to the kiosk.
2026-07-08 12:24:01.632 +03:00 [INF] Expired 1 stale QR token(s); a replacement was pushed to the kiosk.
2026-07-08 12:24:16.643 +03:00 [INF] Expired 1 stale QR token(s); a replacement was pushed to the kiosk.
2026-07-08 12:24:36.637 +03:00 [INF] Expired 1 stale QR token(s); a replacement was pushed to the kiosk.
2026-07-08 12:24:44.779 +03:00 [INF] HTTP OPTIONS /api/auth/login responded 204 in 0.0405 ms
2026-07-08 12:24:44.875 +03:00 [WRN] Failed login attempt for user 'admin' from ::1.
2026-07-08 12:24:44.875 +03:00 [INF] HTTP POST /api/auth/login responded 401 in 94.3037 ms
2026-07-08 12:24:51.640 +03:00 [INF] Expired 1 stale QR token(s); a replacement was pushed to the kiosk.
2026-07-08 12:24:52.000 +03:00 [INF] HTTP OPTIONS /api/auth/login responded 204 in 0.1129 ms
2026-07-08 12:24:52.109 +03:00 [INF] HTTP POST /api/auth/login responded 200 in 107.0464 ms
2026-07-08 12:24:52.165 +03:00 [INF] HTTP OPTIONS /api/staff responded 204 in 0.0463 ms
2026-07-08 12:24:52.179 +03:00 [INF] HTTP GET /api/staff responded 200 in 11.0600 ms
2026-07-08 12:24:53.939 +03:00 [INF] HTTP OPTIONS /api/departments responded 204 in 0.0406 ms
2026-07-08 12:24:53.947 +03:00 [INF] HTTP GET /api/departments responded 200 in 4.2225 ms
2026-07-08 12:25:11.630 +03:00 [INF] Expired 1 stale QR token(s); a replacement was pushed to the kiosk.
2026-07-08 12:25:31.630 +03:00 [INF] Expired 1 stale QR token(s); a replacement was pushed to the kiosk.
2026-07-08 12:25:51.630 +03:00 [INF] Expired 1 stale QR token(s); a replacement was pushed to the kiosk.
2026-07-08 12:26:06.638 +03:00 [INF] Expired 1 stale QR token(s); a replacement was pushed to the kiosk.
2026-07-08 12:26:20.979 +03:00 [INF] HTTP OPTIONS /api/staff responded 204 in 0.1527 ms
2026-07-08 12:26:21.011 +03:00 [WRN] Savepoints are disabled because Multiple Active Result Sets (MARS) is enabled. If 'SaveChanges' fails, then the transaction cannot be automatically rolled back to a known clean state. Instead, the transaction should be rolled back by the application before retrying 'SaveChanges'. See https://go.microsoft.com/fwlink/?linkid=2149338 for more information and examples. To identify the code which triggers this warning, call 'ConfigureWarnings(w => w.Throw(SqlServerEventId.SavepointsDisabledBecauseOfMARS))'.
2026-07-08 12:26:21.117 +03:00 [WRN] Savepoints are disabled because Multiple Active Result Sets (MARS) is enabled. If 'SaveChanges' fails, then the transaction cannot be automatically rolled back to a known clean state. Instead, the transaction should be rolled back by the application before retrying 'SaveChanges'. See https://go.microsoft.com/fwlink/?linkid=2149338 for more information and examples. To identify the code which triggers this warning, call 'ConfigureWarnings(w => w.Throw(SqlServerEventId.SavepointsDisabledBecauseOfMARS))'.
2026-07-08 12:26:21.126 +03:00 [WRN] Savepoints are disabled because Multiple Active Result Sets (MARS) is enabled. If 'SaveChanges' fails, then the transaction cannot be automatically rolled back to a known clean state. Instead, the transaction should be rolled back by the application before retrying 'SaveChanges'. See https://go.microsoft.com/fwlink/?linkid=2149338 for more information and examples. To identify the code which triggers this warning, call 'ConfigureWarnings(w => w.Throw(SqlServerEventId.SavepointsDisabledBecauseOfMARS))'.
2026-07-08 12:26:21.135 +03:00 [INF] HTTP POST /api/staff responded 201 in 153.2572 ms
2026-07-08 12:26:21.173 +03:00 [INF] HTTP OPTIONS /api/staff/4 responded 204 in 0.0412 ms
2026-07-08 12:26:21.200 +03:00 [INF] HTTP GET /api/staff/4 responded 200 in 24.4500 ms
2026-07-08 12:26:21.231 +03:00 [INF] HTTP GET /staff-photos/EMP-0004/EMP-0004.png responded 200 in 10.1436 ms
2026-07-08 12:26:26.640 +03:00 [INF] Expired 1 stale QR token(s); a replacement was pushed to the kiosk.
2026-07-08 12:26:33.597 +03:00 [INF] HTTP OPTIONS /api/staff responded 204 in 0.0425 ms
2026-07-08 12:26:33.616 +03:00 [INF] HTTP GET /api/staff responded 200 in 14.5895 ms
2026-07-08 12:26:37.301 +03:00 [INF] HTTP OPTIONS /api/slots responded 204 in 0.0717 ms
2026-07-08 12:26:37.309 +03:00 [INF] HTTP GET /api/slots responded 200 in 6.0727 ms
2026-07-08 12:26:46.625 +03:00 [INF] Expired 1 stale QR token(s); a replacement was pushed to the kiosk.
2026-07-08 12:27:01.626 +03:00 [INF] Expired 1 stale QR token(s); a replacement was pushed to the kiosk.
2026-07-08 12:27:16.644 +03:00 [INF] Expired 1 stale QR token(s); a replacement was pushed to the kiosk.
2026-07-08 12:27:36.623 +03:00 [INF] Expired 1 stale QR token(s); a replacement was pushed to the kiosk.
2026-07-08 12:27:56.638 +03:00 [INF] Expired 1 stale QR token(s); a replacement was pushed to the kiosk.
2026-07-08 12:28:16.637 +03:00 [INF] Expired 1 stale QR token(s); a replacement was pushed to the kiosk.
2026-07-08 12:28:31.638 +03:00 [INF] Expired 1 stale QR token(s); a replacement was pushed to the kiosk.
2026-07-08 12:28:51.634 +03:00 [INF] Expired 1 stale QR token(s); a replacement was pushed to the kiosk.
2026-07-08 12:29:11.627 +03:00 [INF] Expired 1 stale QR token(s); a replacement was pushed to the kiosk.
2026-07-08 12:29:26.636 +03:00 [INF] Expired 1 stale QR token(s); a replacement was pushed to the kiosk.
2026-07-08 12:29:46.630 +03:00 [INF] Expired 1 stale QR token(s); a replacement was pushed to the kiosk.
2026-07-08 12:30:06.640 +03:00 [INF] Expired 1 stale QR token(s); a replacement was pushed to the kiosk.
2026-07-08 12:30:26.634 +03:00 [INF] Expired 1 stale QR token(s); a replacement was pushed to the kiosk.
2026-07-08 12:30:46.636 +03:00 [INF] Expired 1 stale QR token(s); a replacement was pushed to the kiosk.
2026-07-08 12:31:01.638 +03:00 [INF] Expired 1 stale QR token(s); a replacement was pushed to the kiosk.
2026-07-08 12:31:21.634 +03:00 [INF] Expired 1 stale QR token(s); a replacement was pushed to the kiosk.
2026-07-08 12:31:36.638 +03:00 [INF] Expired 1 stale QR token(s); a replacement was pushed to the kiosk.
2026-07-08 12:31:56.630 +03:00 [INF] Expired 1 stale QR token(s); a replacement was pushed to the kiosk.
2026-07-08 12:32:11.633 +03:00 [INF] Expired 1 stale QR token(s); a replacement was pushed to the kiosk.
2026-07-08 12:32:31.628 +03:00 [INF] Expired 1 stale QR token(s); a replacement was pushed to the kiosk.
2026-07-08 12:32:46.631 +03:00 [INF] Expired 1 stale QR token(s); a replacement was pushed to the kiosk.
2026-07-08 12:33:01.640 +03:00 [INF] Expired 1 stale QR token(s); a replacement was pushed to the kiosk.
2026-07-08 12:33:21.633 +03:00 [INF] Expired 1 stale QR token(s); a replacement was pushed to the kiosk.
2026-07-08 12:33:36.637 +03:00 [INF] Expired 1 stale QR token(s); a replacement was pushed to the kiosk.
2026-07-08 12:33:56.629 +03:00 [INF] Expired 1 stale QR token(s); a replacement was pushed to the kiosk.
2026-07-08 12:34:16.629 +03:00 [INF] Expired 1 stale QR token(s); a replacement was pushed to the kiosk.
2026-07-08 12:34:31.639 +03:00 [INF] Expired 1 stale QR token(s); a replacement was pushed to the kiosk.
2026-07-08 12:34:51.649 +03:00 [INF] Expired 1 stale QR token(s); a replacement was pushed to the kiosk.
2026-07-08 12:35:11.638 +03:00 [INF] Expired 1 stale QR token(s); a replacement was pushed to the kiosk.
2026-07-08 12:35:31.635 +03:00 [INF] Expired 1 stale QR token(s); a replacement was pushed to the kiosk.
2026-07-08 12:35:51.629 +03:00 [INF] Expired 1 stale QR token(s); a replacement was pushed to the kiosk.
2026-07-08 12:36:11.640 +03:00 [INF] Expired 1 stale QR token(s); a replacement was pushed to the kiosk.
2026-07-08 12:36:31.638 +03:00 [INF] Expired 1 stale QR token(s); a replacement was pushed to the kiosk.
2026-07-08 12:36:51.639 +03:00 [INF] Expired 1 stale QR token(s); a replacement was pushed to the kiosk.
2026-07-08 12:37:06.645 +03:00 [INF] Expired 1 stale QR token(s); a replacement was pushed to the kiosk.
2026-07-08 12:37:26.632 +03:00 [INF] Expired 1 stale QR token(s); a replacement was pushed to the kiosk.
2026-07-08 12:37:41.635 +03:00 [INF] Expired 1 stale QR token(s); a replacement was pushed to the kiosk.
2026-07-08 12:38:01.647 +03:00 [INF] Expired 1 stale QR token(s); a replacement was pushed to the kiosk.
2026-07-08 12:38:16.645 +03:00 [INF] Expired 1 stale QR token(s); a replacement was pushed to the kiosk.
2026-07-08 12:38:36.638 +03:00 [INF] Expired 1 stale QR token(s); a replacement was pushed to the kiosk.
2026-07-08 12:38:56.626 +03:00 [INF] Expired 1 stale QR token(s); a replacement was pushed to the kiosk.
2026-07-08 12:39:11.638 +03:00 [INF] Expired 1 stale QR token(s); a replacement was pushed to the kiosk.
2026-07-08 12:39:31.632 +03:00 [INF] Expired 1 stale QR token(s); a replacement was pushed to the kiosk.
2026-07-08 12:39:51.624 +03:00 [INF] Expired 1 stale QR token(s); a replacement was pushed to the kiosk.
2026-07-08 12:40:06.637 +03:00 [INF] Expired 1 stale QR token(s); a replacement was pushed to the kiosk.
2026-07-08 12:40:21.640 +03:00 [INF] Expired 1 stale QR token(s); a replacement was pushed to the kiosk.
2026-07-08 12:40:41.639 +03:00 [INF] Expired 1 stale QR token(s); a replacement was pushed to the kiosk.
2026-07-08 12:41:01.634 +03:00 [INF] Expired 1 stale QR token(s); a replacement was pushed to the kiosk.
2026-07-08 12:41:21.636 +03:00 [INF] Expired 1 stale QR token(s); a replacement was pushed to the kiosk.
2026-07-08 12:41:41.628 +03:00 [INF] Expired 1 stale QR token(s); a replacement was pushed to the kiosk.
2026-07-08 12:41:56.636 +03:00 [INF] Expired 1 stale QR token(s); a replacement was pushed to the kiosk.
2026-07-08 12:42:11.638 +03:00 [INF] Expired 1 stale QR token(s); a replacement was pushed to the kiosk.
2026-07-08 12:42:31.641 +03:00 [INF] Expired 1 stale QR token(s); a replacement was pushed to the kiosk.
2026-07-08 12:42:51.630 +03:00 [INF] Expired 1 stale QR token(s); a replacement was pushed to the kiosk.
2026-07-08 12:43:06.645 +03:00 [INF] Expired 1 stale QR token(s); a replacement was pushed to the kiosk.
2026-07-08 12:43:26.642 +03:00 [INF] Expired 1 stale QR token(s); a replacement was pushed to the kiosk.
2026-07-08 12:43:41.649 +03:00 [INF] Expired 1 stale QR token(s); a replacement was pushed to the kiosk.
2026-07-08 12:44:01.634 +03:00 [INF] Expired 1 stale QR token(s); a replacement was pushed to the kiosk.
2026-07-08 12:44:21.632 +03:00 [INF] Expired 1 stale QR token(s); a replacement was pushed to the kiosk.
2026-07-08 12:44:41.631 +03:00 [INF] Expired 1 stale QR token(s); a replacement was pushed to the kiosk.
2026-07-08 12:44:56.645 +03:00 [INF] Expired 1 stale QR token(s); a replacement was pushed to the kiosk.
2026-07-08 12:45:16.638 +03:00 [INF] Expired 1 stale QR token(s); a replacement was pushed to the kiosk.
2026-07-08 12:45:36.630 +03:00 [INF] Expired 1 stale QR token(s); a replacement was pushed to the kiosk.
2026-07-08 12:45:51.641 +03:00 [INF] Expired 1 stale QR token(s); a replacement was pushed to the kiosk.
2026-07-08 12:46:11.643 +03:00 [INF] Expired 1 stale QR token(s); a replacement was pushed to the kiosk.
2026-07-08 12:46:31.635 +03:00 [INF] Expired 1 stale QR token(s); a replacement was pushed to the kiosk.
2026-07-08 12:46:46.642 +03:00 [INF] Expired 1 stale QR token(s); a replacement was pushed to the kiosk.
2026-07-08 12:47:06.635 +03:00 [INF] Expired 1 stale QR token(s); a replacement was pushed to the kiosk.
2026-07-08 12:47:26.640 +03:00 [INF] Expired 1 stale QR token(s); a replacement was pushed to the kiosk.
2026-07-08 12:47:46.633 +03:00 [INF] Expired 1 stale QR token(s); a replacement was pushed to the kiosk.
2026-07-08 12:48:06.639 +03:00 [INF] Expired 1 stale QR token(s); a replacement was pushed to the kiosk.
2026-07-08 12:48:10.808 +03:00 [INF] HTTP OPTIONS /api/staff responded 204 in 0.0511 ms
2026-07-08 12:48:10.811 +03:00 [INF] HTTP GET /api/staff responded 401 in 0.6001 ms
2026-07-08 12:48:26.633 +03:00 [INF] Expired 1 stale QR token(s); a replacement was pushed to the kiosk.
2026-07-08 12:48:46.641 +03:00 [INF] Expired 1 stale QR token(s); a replacement was pushed to the kiosk.
2026-07-08 12:49:06.646 +03:00 [INF] Expired 1 stale QR token(s); a replacement was pushed to the kiosk.
2026-07-08 12:49:26.642 +03:00 [INF] Expired 1 stale QR token(s); a replacement was pushed to the kiosk.
2026-07-08 12:49:46.629 +03:00 [INF] Expired 1 stale QR token(s); a replacement was pushed to the kiosk.
2026-07-08 12:50:01.632 +03:00 [INF] Expired 1 stale QR token(s); a replacement was pushed to the kiosk.
2026-07-08 12:50:21.216 +03:00 [INF] Expired 1 stale QR token(s); a replacement was pushed to the kiosk.
2026-07-08 13:45:28.127 +03:00 [INF] Expired 1 stale QR token(s); a replacement was pushed to the kiosk.
2026-07-08 13:45:48.120 +03:00 [INF] Expired 1 stale QR token(s); a replacement was pushed to the kiosk.
2026-07-08 13:46:08.115 +03:00 [INF] Expired 1 stale QR token(s); a replacement was pushed to the kiosk.
2026-07-08 13:46:28.108 +03:00 [INF] Expired 1 stale QR token(s); a replacement was pushed to the kiosk.
2026-07-08 13:46:43.115 +03:00 [INF] Expired 1 stale QR token(s); a replacement was pushed to the kiosk.
2026-07-08 13:46:58.115 +03:00 [INF] Expired 1 stale QR token(s); a replacement was pushed to the kiosk.
2026-07-08 13:47:18.115 +03:00 [INF] Expired 1 stale QR token(s); a replacement was pushed to the kiosk.
2026-07-08 13:47:38.115 +03:00 [INF] Expired 1 stale QR token(s); a replacement was pushed to the kiosk.
2026-07-08 13:47:58.119 +03:00 [INF] Expired 1 stale QR token(s); a replacement was pushed to the kiosk.
2026-07-08 13:48:18.120 +03:00 [INF] Expired 1 stale QR token(s); a replacement was pushed to the kiosk.
2026-07-08 13:48:38.107 +03:00 [INF] Expired 1 stale QR token(s); a replacement was pushed to the kiosk.
2026-07-08 13:48:58.120 +03:00 [INF] Expired 1 stale QR token(s); a replacement was pushed to the kiosk.
2026-07-08 13:49:13.120 +03:00 [INF] Expired 1 stale QR token(s); a replacement was pushed to the kiosk.
2026-07-08 13:49:33.118 +03:00 [INF] Expired 1 stale QR token(s); a replacement was pushed to the kiosk.
2026-07-08 13:49:53.122 +03:00 [INF] Expired 1 stale QR token(s); a replacement was pushed to the kiosk.
2026-07-08 13:50:13.116 +03:00 [INF] Expired 1 stale QR token(s); a replacement was pushed to the kiosk.
2026-07-08 13:50:28.122 +03:00 [INF] Expired 1 stale QR token(s); a replacement was pushed to the kiosk.
2026-07-08 13:50:48.114 +03:00 [INF] Expired 1 stale QR token(s); a replacement was pushed to the kiosk.
2026-07-08 13:51:03.131 +03:00 [INF] Expired 1 stale QR token(s); a replacement was pushed to the kiosk.
2026-07-08 13:51:23.109 +03:00 [INF] Expired 1 stale QR token(s); a replacement was pushed to the kiosk.
2026-07-08 13:51:38.124 +03:00 [INF] Expired 1 stale QR token(s); a replacement was pushed to the kiosk.
2026-07-08 13:51:58.111 +03:00 [INF] Expired 1 stale QR token(s); a replacement was pushed to the kiosk.
2026-07-08 13:52:13.119 +03:00 [INF] Expired 1 stale QR token(s); a replacement was pushed to the kiosk.
2026-07-08 13:52:28.123 +03:00 [INF] Expired 1 stale QR token(s); a replacement was pushed to the kiosk.
2026-07-08 13:52:48.115 +03:00 [INF] Expired 1 stale QR token(s); a replacement was pushed to the kiosk.
2026-07-08 13:53:08.123 +03:00 [INF] Expired 1 stale QR token(s); a replacement was pushed to the kiosk.
2026-07-08 13:53:28.125 +03:00 [INF] Expired 1 stale QR token(s); a replacement was pushed to the kiosk.
2026-07-08 13:53:48.121 +03:00 [INF] Expired 1 stale QR token(s); a replacement was pushed to the kiosk.
2026-07-08 13:54:08.111 +03:00 [INF] Expired 1 stale QR token(s); a replacement was pushed to the kiosk.
2026-07-08 13:54:23.120 +03:00 [INF] Expired 1 stale QR token(s); a replacement was pushed to the kiosk.
2026-07-08 13:54:38.126 +03:00 [INF] Expired 1 stale QR token(s); a replacement was pushed to the kiosk.
2026-07-08 13:54:58.116 +03:00 [INF] Expired 1 stale QR token(s); a replacement was pushed to the kiosk.
2026-07-08 13:55:18.112 +03:00 [INF] Expired 1 stale QR token(s); a replacement was pushed to the kiosk.
2026-07-08 13:55:33.122 +03:00 [INF] Expired 1 stale QR token(s); a replacement was pushed to the kiosk.
2026-07-08 13:55:53.112 +03:00 [INF] Expired 1 stale QR token(s); a replacement was pushed to the kiosk.
2026-07-08 13:56:13.124 +03:00 [INF] Expired 1 stale QR token(s); a replacement was pushed to the kiosk.
2026-07-08 13:56:33.124 +03:00 [INF] Expired 1 stale QR token(s); a replacement was pushed to the kiosk.
2026-07-08 13:56:53.122 +03:00 [INF] Expired 1 stale QR token(s); a replacement was pushed to the kiosk.
2026-07-08 13:56:53.389 +03:00 [INF] HTTP OPTIONS /api/departments responded 204 in 0.0440 ms
2026-07-08 13:56:53.393 +03:00 [INF] HTTP GET /api/departments responded 401 in 0.6549 ms
2026-07-08 13:56:54.976 +03:00 [INF] HTTP OPTIONS /api/auth/login responded 204 in 0.0347 ms
2026-07-08 13:56:55.105 +03:00 [INF] HTTP POST /api/auth/login responded 200 in 126.1981 ms
2026-07-08 13:56:55.129 +03:00 [INF] HTTP OPTIONS /api/staff responded 204 in 0.0409 ms
2026-07-08 13:56:55.145 +03:00 [INF] HTTP GET /api/staff responded 200 in 12.0934 ms
2026-07-08 13:56:56.691 +03:00 [INF] HTTP OPTIONS /api/slots responded 204 in 0.0410 ms
2026-07-08 13:56:56.700 +03:00 [INF] HTTP GET /api/slots responded 200 in 4.6069 ms
2026-07-08 13:57:13.119 +03:00 [INF] Expired 1 stale QR token(s); a replacement was pushed to the kiosk.
2026-07-08 13:57:33.130 +03:00 [INF] Expired 1 stale QR token(s); a replacement was pushed to the kiosk.
2026-07-08 13:57:53.117 +03:00 [INF] Expired 1 stale QR token(s); a replacement was pushed to the kiosk.
2026-07-08 13:58:08.119 +03:00 [INF] Expired 1 stale QR token(s); a replacement was pushed to the kiosk.
2026-07-08 13:58:28.115 +03:00 [INF] Expired 1 stale QR token(s); a replacement was pushed to the kiosk.
2026-07-08 13:58:48.127 +03:00 [INF] Expired 1 stale QR token(s); a replacement was pushed to the kiosk.
2026-07-08 13:59:08.119 +03:00 [INF] Expired 1 stale QR token(s); a replacement was pushed to the kiosk.
2026-07-08 13:59:28.113 +03:00 [INF] Expired 1 stale QR token(s); a replacement was pushed to the kiosk.
2026-07-08 13:59:43.121 +03:00 [INF] Expired 1 stale QR token(s); a replacement was pushed to the kiosk.
2026-07-08 14:00:03.126 +03:00 [INF] Expired 1 stale QR token(s); a replacement was pushed to the kiosk.
2026-07-08 14:00:23.113 +03:00 [INF] Expired 1 stale QR token(s); a replacement was pushed to the kiosk.
2026-07-08 14:00:43.131 +03:00 [INF] Expired 1 stale QR token(s); a replacement was pushed to the kiosk.
2026-07-08 14:01:03.121 +03:00 [INF] Expired 1 stale QR token(s); a replacement was pushed to the kiosk.
2026-07-08 14:01:23.110 +03:00 [INF] Expired 1 stale QR token(s); a replacement was pushed to the kiosk.
2026-07-08 14:01:38.125 +03:00 [INF] Expired 1 stale QR token(s); a replacement was pushed to the kiosk.
2026-07-08 14:01:58.124 +03:00 [INF] Expired 1 stale QR token(s); a replacement was pushed to the kiosk.
2026-07-08 14:02:18.120 +03:00 [INF] Expired 1 stale QR token(s); a replacement was pushed to the kiosk.
2026-07-08 14:02:33.122 +03:00 [INF] Expired 1 stale QR token(s); a replacement was pushed to the kiosk.
2026-07-08 14:02:53.122 +03:00 [INF] Expired 1 stale QR token(s); a replacement was pushed to the kiosk.
2026-07-08 14:03:13.123 +03:00 [INF] Expired 1 stale QR token(s); a replacement was pushed to the kiosk.
2026-07-08 14:03:33.111 +03:00 [INF] Expired 1 stale QR token(s); a replacement was pushed to the kiosk.
2026-07-08 14:03:48.122 +03:00 [INF] Expired 1 stale QR token(s); a replacement was pushed to the kiosk.
2026-07-08 14:04:08.119 +03:00 [INF] Expired 1 stale QR token(s); a replacement was pushed to the kiosk.
2026-07-08 14:04:20.731 +03:00 [INF] HTTP OPTIONS /api/auth/login responded 204 in 0.0462 ms
2026-07-08 14:04:20.852 +03:00 [INF] HTTP POST /api/auth/login responded 200 in 116.8931 ms
2026-07-08 14:04:20.902 +03:00 [INF] HTTP OPTIONS /api/staff responded 204 in 0.0423 ms
2026-07-08 14:04:20.915 +03:00 [INF] HTTP GET /api/staff responded 200 in 9.9415 ms
2026-07-08 14:04:28.111 +03:00 [INF] Expired 1 stale QR token(s); a replacement was pushed to the kiosk.
2026-07-08 14:04:48.119 +03:00 [INF] Expired 1 stale QR token(s); a replacement was pushed to the kiosk.
2026-07-08 14:05:08.112 +03:00 [INF] Expired 1 stale QR token(s); a replacement was pushed to the kiosk.
2026-07-08 14:05:23.125 +03:00 [INF] Expired 1 stale QR token(s); a replacement was pushed to the kiosk.
2026-07-08 14:05:43.119 +03:00 [INF] Expired 1 stale QR token(s); a replacement was pushed to the kiosk.
2026-07-08 14:05:45.294 +03:00 [INF] HTTP OPTIONS /api/staff responded 204 in 0.0448 ms
2026-07-08 14:05:45.307 +03:00 [INF] HTTP GET /api/staff responded 200 in 9.6131 ms
2026-07-08 14:06:03.113 +03:00 [INF] Expired 1 stale QR token(s); a replacement was pushed to the kiosk.
2026-07-08 14:06:18.121 +03:00 [INF] Expired 1 stale QR token(s); a replacement was pushed to the kiosk.
2026-07-08 14:06:38.127 +03:00 [INF] Expired 1 stale QR token(s); a replacement was pushed to the kiosk.
2026-07-08 14:06:58.125 +03:00 [INF] Expired 1 stale QR token(s); a replacement was pushed to the kiosk.
2026-07-08 14:07:15.739 +03:00 [INF] HTTP OPTIONS /api/auth/login responded 204 in 0.0414 ms
2026-07-08 14:07:15.747 +03:00 [WRN] Failed login attempt for user 'EMP-002' from ::1.
2026-07-08 14:07:15.747 +03:00 [INF] HTTP POST /api/auth/login responded 401 in 4.5698 ms
2026-07-08 14:07:18.123 +03:00 [INF] Expired 1 stale QR token(s); a replacement was pushed to the kiosk.
2026-07-08 14:07:20.951 +03:00 [INF] HTTP OPTIONS /api/auth/login responded 204 in 0.0405 ms
2026-07-08 14:07:21.071 +03:00 [INF] HTTP POST /api/auth/login responded 200 in 118.0250 ms
2026-07-08 14:07:38.119 +03:00 [INF] Expired 1 stale QR token(s); a replacement was pushed to the kiosk.
2026-07-08 14:07:58.124 +03:00 [INF] Expired 1 stale QR token(s); a replacement was pushed to the kiosk.
2026-07-08 14:08:18.125 +03:00 [INF] Expired 1 stale QR token(s); a replacement was pushed to the kiosk.
2026-07-08 14:08:38.120 +03:00 [INF] Expired 1 stale QR token(s); a replacement was pushed to the kiosk.
2026-07-08 14:08:58.119 +03:00 [INF] Expired 1 stale QR token(s); a replacement was pushed to the kiosk.
2026-07-08 14:09:18.124 +03:00 [INF] Expired 1 stale QR token(s); a replacement was pushed to the kiosk.
2026-07-08 14:09:38.133 +03:00 [INF] Expired 1 stale QR token(s); a replacement was pushed to the kiosk.
2026-07-08 14:09:58.129 +03:00 [INF] Expired 1 stale QR token(s); a replacement was pushed to the kiosk.
2026-07-08 14:10:18.114 +03:00 [INF] Expired 1 stale QR token(s); a replacement was pushed to the kiosk.
2026-07-08 14:10:33.130 +03:00 [INF] Expired 1 stale QR token(s); a replacement was pushed to the kiosk.
2026-07-08 14:10:47.750 +03:00 [INF] HTTP OPTIONS /api/auth/login responded 204 in 0.0487 ms
2026-07-08 14:10:47.886 +03:00 [INF] HTTP POST /api/auth/login responded 200 in 133.6124 ms
2026-07-08 14:10:47.932 +03:00 [INF] HTTP OPTIONS /api/staff responded 204 in 0.0659 ms
2026-07-08 14:10:47.945 +03:00 [INF] HTTP GET /api/staff responded 200 in 10.3763 ms
2026-07-08 14:10:48.131 +03:00 [INF] Expired 1 stale QR token(s); a replacement was pushed to the kiosk.
2026-07-08 14:11:08.119 +03:00 [INF] Expired 1 stale QR token(s); a replacement was pushed to the kiosk.
2026-07-08 14:11:21.550 +03:00 [INF] HTTP OPTIONS /hubs/attendance/negotiate responded 204 in 0.0418 ms
2026-07-08 14:11:21.560 +03:00 [INF] HTTP POST /hubs/attendance/negotiate responded 200 in 7.1303 ms
2026-07-08 14:11:28.117 +03:00 [INF] Expired 1 stale QR token(s); a replacement was pushed to the kiosk.
2026-07-08 14:11:43.123 +03:00 [INF] Expired 1 stale QR token(s); a replacement was pushed to the kiosk.
2026-07-08 14:12:03.124 +03:00 [INF] Expired 1 stale QR token(s); a replacement was pushed to the kiosk.
2026-07-08 14:12:23.112 +03:00 [INF] Expired 1 stale QR token(s); a replacement was pushed to the kiosk.
2026-07-08 14:12:43.121 +03:00 [INF] Expired 1 stale QR token(s); a replacement was pushed to the kiosk.
2026-07-08 14:12:58.133 +03:00 [INF] Expired 1 stale QR token(s); a replacement was pushed to the kiosk.
2026-07-08 14:13:18.121 +03:00 [INF] Expired 1 stale QR token(s); a replacement was pushed to the kiosk.
2026-07-08 14:13:38.118 +03:00 [INF] Expired 1 stale QR token(s); a replacement was pushed to the kiosk.
2026-07-08 14:13:58.119 +03:00 [INF] Expired 1 stale QR token(s); a replacement was pushed to the kiosk.
2026-07-08 14:14:18.117 +03:00 [INF] Expired 1 stale QR token(s); a replacement was pushed to the kiosk.
2026-07-08 14:14:33.124 +03:00 [INF] Expired 1 stale QR token(s); a replacement was pushed to the kiosk.
2026-07-08 14:14:53.113 +03:00 [INF] Expired 1 stale QR token(s); a replacement was pushed to the kiosk.
2026-07-08 14:15:08.133 +03:00 [INF] Expired 1 stale QR token(s); a replacement was pushed to the kiosk.
2026-07-08 14:15:28.126 +03:00 [INF] Expired 1 stale QR token(s); a replacement was pushed to the kiosk.
2026-07-08 14:15:48.118 +03:00 [INF] Expired 1 stale QR token(s); a replacement was pushed to the kiosk.
2026-07-08 14:16:08.124 +03:00 [INF] Expired 1 stale QR token(s); a replacement was pushed to the kiosk.
2026-07-08 14:16:28.126 +03:00 [INF] Expired 1 stale QR token(s); a replacement was pushed to the kiosk.
2026-07-08 14:16:48.123 +03:00 [INF] Expired 1 stale QR token(s); a replacement was pushed to the kiosk.
2026-07-08 14:17:08.111 +03:00 [INF] Expired 1 stale QR token(s); a replacement was pushed to the kiosk.
2026-07-08 14:17:23.130 +03:00 [INF] Expired 1 stale QR token(s); a replacement was pushed to the kiosk.
2026-07-08 14:17:43.121 +03:00 [INF] Expired 1 stale QR token(s); a replacement was pushed to the kiosk.
2026-07-08 14:18:03.115 +03:00 [INF] Expired 1 stale QR token(s); a replacement was pushed to the kiosk.
2026-07-08 14:18:18.120 +03:00 [INF] Expired 1 stale QR token(s); a replacement was pushed to the kiosk.
2026-07-08 14:18:38.119 +03:00 [INF] Expired 1 stale QR token(s); a replacement was pushed to the kiosk.
2026-07-08 14:18:58.114 +03:00 [INF] Expired 1 stale QR token(s); a replacement was pushed to the kiosk.
2026-07-08 14:19:18.110 +03:00 [INF] Expired 1 stale QR token(s); a replacement was pushed to the kiosk.
2026-07-08 14:19:33.129 +03:00 [INF] Expired 1 stale QR token(s); a replacement was pushed to the kiosk.
2026-07-08 14:19:53.125 +03:00 [INF] Expired 1 stale QR token(s); a replacement was pushed to the kiosk.
2026-07-08 14:20:13.113 +03:00 [INF] Expired 1 stale QR token(s); a replacement was pushed to the kiosk.
2026-07-08 14:20:33.119 +03:00 [INF] Expired 1 stale QR token(s); a replacement was pushed to the kiosk.
2026-07-08 14:20:53.125 +03:00 [INF] Expired 1 stale QR token(s); a replacement was pushed to the kiosk.
2026-07-08 14:21:13.114 +03:00 [INF] Expired 1 stale QR token(s); a replacement was pushed to the kiosk.
2026-07-08 14:21:33.119 +03:00 [INF] Expired 1 stale QR token(s); a replacement was pushed to the kiosk.
2026-07-08 14:21:48.128 +03:00 [INF] Expired 1 stale QR token(s); a replacement was pushed to the kiosk.
2026-07-08 14:22:08.117 +03:00 [INF] Expired 1 stale QR token(s); a replacement was pushed to the kiosk.
2026-07-08 14:22:28.126 +03:00 [INF] Expired 1 stale QR token(s); a replacement was pushed to the kiosk.
2026-07-08 14:22:48.127 +03:00 [INF] Expired 1 stale QR token(s); a replacement was pushed to the kiosk.
2026-07-08 14:23:08.123 +03:00 [INF] Expired 1 stale QR token(s); a replacement was pushed to the kiosk.
2026-07-08 14:23:28.110 +03:00 [INF] Expired 1 stale QR token(s); a replacement was pushed to the kiosk.
2026-07-08 14:23:32.554 +03:00 [INF] HTTP OPTIONS /api/auth/login responded 204 in 0.0473 ms
2026-07-08 14:23:32.560 +03:00 [WRN] Failed login attempt for user 'EMO-0002' from ::1.
2026-07-08 14:23:32.561 +03:00 [INF] HTTP POST /api/auth/login responded 401 in 5.2935 ms
2026-07-08 14:23:40.247 +03:00 [INF] HTTP OPTIONS /api/auth/login responded 204 in 0.0369 ms
2026-07-08 14:23:40.359 +03:00 [INF] HTTP POST /api/auth/login responded 200 in 110.6543 ms
2026-07-08 14:23:48.123 +03:00 [INF] Expired 1 stale QR token(s); a replacement was pushed to the kiosk.
2026-07-08 14:24:08.127 +03:00 [INF] Expired 1 stale QR token(s); a replacement was pushed to the kiosk.
2026-07-08 14:24:28.121 +03:00 [INF] Expired 1 stale QR token(s); a replacement was pushed to the kiosk.
2026-07-08 14:24:48.114 +03:00 [INF] Expired 1 stale QR token(s); a replacement was pushed to the kiosk.
2026-07-08 14:25:03.129 +03:00 [INF] Expired 1 stale QR token(s); a replacement was pushed to the kiosk.
2026-07-08 14:25:23.119 +03:00 [INF] Expired 1 stale QR token(s); a replacement was pushed to the kiosk.
2026-07-08 14:25:43.111 +03:00 [INF] Expired 1 stale QR token(s); a replacement was pushed to the kiosk.
2026-07-08 14:26:03.125 +03:00 [INF] Expired 1 stale QR token(s); a replacement was pushed to the kiosk.
2026-07-08 14:26:23.123 +03:00 [INF] Expired 1 stale QR token(s); a replacement was pushed to the kiosk.
2026-07-08 14:26:43.109 +03:00 [INF] Expired 1 stale QR token(s); a replacement was pushed to the kiosk.
2026-07-08 14:26:58.120 +03:00 [INF] Expired 1 stale QR token(s); a replacement was pushed to the kiosk.
2026-07-08 14:27:18.127 +03:00 [INF] Expired 1 stale QR token(s); a replacement was pushed to the kiosk.
2026-07-08 14:27:38.116 +03:00 [INF] Expired 1 stale QR token(s); a replacement was pushed to the kiosk.
2026-07-08 14:27:53.118 +03:00 [INF] Expired 1 stale QR token(s); a replacement was pushed to the kiosk.
2026-07-08 14:28:13.123 +03:00 [INF] Expired 1 stale QR token(s); a replacement was pushed to the kiosk.
2026-07-08 14:28:33.120 +03:00 [INF] Expired 1 stale QR token(s); a replacement was pushed to the kiosk.
2026-07-08 14:28:53.108 +03:00 [INF] Expired 1 stale QR token(s); a replacement was pushed to the kiosk.
2026-07-08 14:28:53.916 +03:00 [INF] HTTP GET /hubs/attendance responded 101 in 1052349.3095 ms
2026-07-08 14:29:08.135 +03:00 [INF] Expired 1 stale QR token(s); a replacement was pushed to the kiosk.
2026-07-08 14:29:28.119 +03:00 [INF] Expired 1 stale QR token(s); a replacement was pushed to the kiosk.
2026-07-08 14:29:43.118 +03:00 [INF] Expired 1 stale QR token(s); a replacement was pushed to the kiosk.
2026-07-08 14:30:03.128 +03:00 [INF] Expired 1 stale QR token(s); a replacement was pushed to the kiosk.
2026-07-08 14:30:23.122 +03:00 [INF] Expired 1 stale QR token(s); a replacement was pushed to the kiosk.
2026-07-08 14:31:46.446 +03:00 [WRN] The 'StaffStatus' property 'Status' on entity type 'Staff' is configured with a database-generated default, but has no configured sentinel value. The database-generated default will always be used for inserts when the property has the value 'Inactive', since this is the CLR default for the 'StaffStatus' type. Consider using a nullable type, using a nullable backing field, or setting the sentinel value for the property to ensure the database default is used when, and only when, appropriate. See https://aka.ms/efcore-docs-default-values for more information.
2026-07-08 14:31:48.027 +03:00 [INF] QR token expiry sweep started (interval 5s).
2026-07-08 14:31:48.090 +03:00 [INF] Now listening on: http://0.0.0.0:5080
2026-07-08 14:31:48.090 +03:00 [INF] Application started. Press Ctrl+C to shut down.
2026-07-08 14:31:48.090 +03:00 [INF] Hosting environment: Development
2026-07-08 14:31:48.090 +03:00 [INF] Content root path: C:\PROJECTS\employer\src\Attendance.Api
2026-07-08 14:31:53.477 +03:00 [INF] Expired 1 stale QR token(s); a replacement was pushed to the kiosk.
2026-07-08 14:32:03.287 +03:00 [INF] HTTP GET /swagger/index.html responded 200 in 141.7386 ms
2026-07-08 14:32:03.382 +03:00 [INF] HTTP GET /swagger/index.html responded 200 in 2.0114 ms
2026-07-08 14:32:13.081 +03:00 [INF] Expired 1 stale QR token(s); a replacement was pushed to the kiosk.
2026-07-08 14:32:33.055 +03:00 [INF] Expired 1 stale QR token(s); a replacement was pushed to the kiosk.
2026-07-08 14:32:53.046 +03:00 [INF] Expired 1 stale QR token(s); a replacement was pushed to the kiosk.
2026-07-08 14:33:08.050 +03:00 [INF] Expired 1 stale QR token(s); a replacement was pushed to the kiosk.
2026-07-08 14:33:28.048 +03:00 [INF] Expired 1 stale QR token(s); a replacement was pushed to the kiosk.
2026-07-08 14:33:48.073 +03:00 [INF] Expired 1 stale QR token(s); a replacement was pushed to the kiosk.
2026-07-08 14:34:08.042 +03:00 [INF] Expired 1 stale QR token(s); a replacement was pushed to the kiosk.
2026-07-08 14:34:28.047 +03:00 [INF] Expired 1 stale QR token(s); a replacement was pushed to the kiosk.
2026-07-08 14:34:29.195 +03:00 [WRN] Failed to determine the https port for redirect.
2026-07-08 14:34:29.198 +03:00 [INF] HTTP OPTIONS /api/auth/login responded 204 in 8.3169 ms
2026-07-08 14:34:29.539 +03:00 [INF] HTTP POST /api/auth/login responded 200 in 334.2735 ms
2026-07-08 14:34:48.054 +03:00 [INF] Expired 1 stale QR token(s); a replacement was pushed to the kiosk.
2026-07-08 14:35:08.053 +03:00 [INF] Expired 1 stale QR token(s); a replacement was pushed to the kiosk.
2026-07-08 14:35:28.051 +03:00 [INF] Expired 1 stale QR token(s); a replacement was pushed to the kiosk.
2026-07-08 14:35:48.043 +03:00 [INF] Expired 1 stale QR token(s); a replacement was pushed to the kiosk.
2026-07-08 14:36:03.065 +03:00 [INF] Expired 1 stale QR token(s); a replacement was pushed to the kiosk.
2026-07-08 14:36:23.053 +03:00 [INF] Expired 1 stale QR token(s); a replacement was pushed to the kiosk.
2026-07-08 14:36:43.052 +03:00 [INF] Expired 1 stale QR token(s); a replacement was pushed to the kiosk.
2026-07-08 14:37:03.044 +03:00 [INF] Expired 1 stale QR token(s); a replacement was pushed to the kiosk.
2026-07-08 14:37:18.057 +03:00 [INF] Expired 1 stale QR token(s); a replacement was pushed to the kiosk.
2026-07-08 14:37:38.048 +03:00 [INF] Expired 1 stale QR token(s); a replacement was pushed to the kiosk.
2026-07-08 14:37:58.051 +03:00 [INF] Expired 1 stale QR token(s); a replacement was pushed to the kiosk.
2026-07-08 14:38:18.057 +03:00 [INF] Expired 1 stale QR token(s); a replacement was pushed to the kiosk.
2026-07-08 14:38:38.040 +03:00 [INF] Expired 1 stale QR token(s); a replacement was pushed to the kiosk.
2026-07-08 14:38:53.050 +03:00 [INF] Expired 1 stale QR token(s); a replacement was pushed to the kiosk.
2026-07-08 14:39:13.053 +03:00 [INF] Expired 1 stale QR token(s); a replacement was pushed to the kiosk.
2026-07-08 14:39:33.054 +03:00 [INF] Expired 1 stale QR token(s); a replacement was pushed to the kiosk.
2026-07-08 14:39:53.051 +03:00 [INF] Expired 1 stale QR token(s); a replacement was pushed to the kiosk.
2026-07-08 14:40:13.054 +03:00 [INF] Expired 1 stale QR token(s); a replacement was pushed to the kiosk.
2026-07-08 14:40:33.059 +03:00 [INF] Expired 1 stale QR token(s); a replacement was pushed to the kiosk.
2026-07-08 14:40:53.041 +03:00 [INF] Expired 1 stale QR token(s); a replacement was pushed to the kiosk.
2026-07-08 14:41:13.039 +03:00 [INF] Expired 1 stale QR token(s); a replacement was pushed to the kiosk.
2026-07-08 14:41:20.076 +03:00 [INF] HTTP OPTIONS /hubs/attendance/negotiate responded 204 in 0.5640 ms
2026-07-08 14:41:20.140 +03:00 [INF] HTTP POST /hubs/attendance/negotiate responded 401 in 60.7522 ms
2026-07-08 14:41:28.043 +03:00 [INF] Expired 1 stale QR token(s); a replacement was pushed to the kiosk.
2026-07-08 14:41:31.542 +03:00 [INF] HTTP OPTIONS /hubs/attendance/negotiate responded 204 in 0.2019 ms
2026-07-08 14:41:31.551 +03:00 [INF] HTTP POST /hubs/attendance/negotiate responded 401 in 6.3691 ms
2026-07-08 14:41:43.064 +03:00 [INF] Expired 1 stale QR token(s); a replacement was pushed to the kiosk.
2026-07-08 14:42:03.058 +03:00 [INF] Expired 1 stale QR token(s); a replacement was pushed to the kiosk.
2026-07-08 14:42:23.052 +03:00 [INF] Expired 1 stale QR token(s); a replacement was pushed to the kiosk.
2026-07-08 14:42:43.053 +03:00 [INF] Expired 1 stale QR token(s); a replacement was pushed to the kiosk.
2026-07-08 14:42:44.365 +03:00 [INF] HTTP OPTIONS /hubs/attendance/negotiate responded 204 in 0.1621 ms
2026-07-08 14:42:44.370 +03:00 [INF] HTTP POST /hubs/attendance/negotiate responded 401 in 2.2795 ms
2026-07-08 14:43:03.045 +03:00 [INF] Expired 1 stale QR token(s); a replacement was pushed to the kiosk.
2026-07-08 14:43:23.046 +03:00 [INF] Expired 1 stale QR token(s); a replacement was pushed to the kiosk.
2026-07-08 14:43:43.062 +03:00 [INF] Expired 1 stale QR token(s); a replacement was pushed to the kiosk.
2026-07-08 14:44:03.053 +03:00 [INF] Expired 1 stale QR token(s); a replacement was pushed to the kiosk.
2026-07-08 14:44:23.043 +03:00 [INF] Expired 1 stale QR token(s); a replacement was pushed to the kiosk.
2026-07-08 14:44:43.053 +03:00 [INF] Expired 1 stale QR token(s); a replacement was pushed to the kiosk.
2026-07-08 14:45:03.060 +03:00 [INF] Expired 1 stale QR token(s); a replacement was pushed to the kiosk.
2026-07-08 14:45:23.044 +03:00 [INF] Expired 1 stale QR token(s); a replacement was pushed to the kiosk.
2026-07-08 14:45:43.045 +03:00 [INF] Expired 1 stale QR token(s); a replacement was pushed to the kiosk.
2026-07-08 14:46:03.048 +03:00 [INF] Expired 1 stale QR token(s); a replacement was pushed to the kiosk.
2026-07-08 14:46:18.052 +03:00 [INF] Expired 1 stale QR token(s); a replacement was pushed to the kiosk.
2026-07-08 14:46:38.047 +03:00 [INF] Expired 1 stale QR token(s); a replacement was pushed to the kiosk.
2026-07-08 14:46:58.046 +03:00 [INF] Expired 1 stale QR token(s); a replacement was pushed to the kiosk.
2026-07-08 14:47:18.044 +03:00 [INF] Expired 1 stale QR token(s); a replacement was pushed to the kiosk.
2026-07-08 14:47:38.049 +03:00 [INF] Expired 1 stale QR token(s); a replacement was pushed to the kiosk.
2026-07-08 14:47:58.045 +03:00 [INF] Expired 1 stale QR token(s); a replacement was pushed to the kiosk.
2026-07-08 14:48:18.055 +03:00 [INF] Expired 1 stale QR token(s); a replacement was pushed to the kiosk.
2026-07-08 14:48:38.044 +03:00 [INF] Expired 1 stale QR token(s); a replacement was pushed to the kiosk.
2026-07-08 14:48:53.049 +03:00 [INF] Expired 1 stale QR token(s); a replacement was pushed to the kiosk.
2026-07-08 14:49:13.048 +03:00 [INF] Expired 1 stale QR token(s); a replacement was pushed to the kiosk.
2026-07-08 14:49:33.053 +03:00 [INF] Expired 1 stale QR token(s); a replacement was pushed to the kiosk.
2026-07-08 14:49:53.045 +03:00 [INF] Expired 1 stale QR token(s); a replacement was pushed to the kiosk.
2026-07-08 14:50:13.054 +03:00 [INF] Expired 1 stale QR token(s); a replacement was pushed to the kiosk.
2026-07-08 14:50:33.046 +03:00 [INF] Expired 1 stale QR token(s); a replacement was pushed to the kiosk.
2026-07-08 14:50:53.050 +03:00 [INF] Expired 1 stale QR token(s); a replacement was pushed to the kiosk.
2026-07-08 14:51:13.048 +03:00 [INF] Expired 1 stale QR token(s); a replacement was pushed to the kiosk.
2026-07-08 14:51:33.056 +03:00 [INF] Expired 1 stale QR token(s); a replacement was pushed to the kiosk.
2026-07-08 14:51:53.047 +03:00 [INF] Expired 1 stale QR token(s); a replacement was pushed to the kiosk.
2026-07-08 14:52:13.038 +03:00 [INF] Expired 1 stale QR token(s); a replacement was pushed to the kiosk.
2026-07-08 14:52:28.052 +03:00 [INF] Expired 1 stale QR token(s); a replacement was pushed to the kiosk.
2026-07-08 14:52:48.053 +03:00 [INF] Expired 1 stale QR token(s); a replacement was pushed to the kiosk.
2026-07-08 14:53:08.042 +03:00 [INF] Expired 1 stale QR token(s); a replacement was pushed to the kiosk.
2026-07-08 14:53:28.051 +03:00 [INF] Expired 1 stale QR token(s); a replacement was pushed to the kiosk.
2026-07-08 14:53:48.056 +03:00 [INF] Expired 1 stale QR token(s); a replacement was pushed to the kiosk.
2026-07-08 14:54:08.053 +03:00 [INF] Expired 1 stale QR token(s); a replacement was pushed to the kiosk.
2026-07-08 14:54:28.051 +03:00 [INF] Expired 1 stale QR token(s); a replacement was pushed to the kiosk.
2026-07-08 14:54:43.063 +03:00 [INF] Expired 1 stale QR token(s); a replacement was pushed to the kiosk.
2026-07-08 14:55:03.049 +03:00 [INF] Expired 1 stale QR token(s); a replacement was pushed to the kiosk.
2026-07-08 14:55:23.040 +03:00 [INF] Expired 1 stale QR token(s); a replacement was pushed to the kiosk.
2026-07-08 14:55:38.048 +03:00 [INF] Expired 1 stale QR token(s); a replacement was pushed to the kiosk.
2026-07-08 14:55:53.058 +03:00 [INF] Expired 1 stale QR token(s); a replacement was pushed to the kiosk.
2026-07-08 14:56:13.039 +03:00 [INF] Expired 1 stale QR token(s); a replacement was pushed to the kiosk.
2026-07-08 14:56:28.046 +03:00 [INF] Expired 1 stale QR token(s); a replacement was pushed to the kiosk.
2026-07-08 14:56:43.053 +03:00 [INF] Expired 1 stale QR token(s); a replacement was pushed to the kiosk.
2026-07-08 14:56:58.062 +03:00 [INF] Expired 1 stale QR token(s); a replacement was pushed to the kiosk.
2026-07-08 15:09:39.569 +03:00 [WRN] The 'StaffStatus' property 'Status' on entity type 'Staff' is configured with a database-generated default, but has no configured sentinel value. The database-generated default will always be used for inserts when the property has the value 'Inactive', since this is the CLR default for the 'StaffStatus' type. Consider using a nullable type, using a nullable backing field, or setting the sentinel value for the property to ensure the database default is used when, and only when, appropriate. See https://aka.ms/efcore-docs-default-values for more information.
2026-07-08 15:09:42.802 +03:00 [INF] QR token expiry sweep started (interval 5s).
2026-07-08 15:09:42.900 +03:00 [INF] Now listening on: http://localhost:5070
2026-07-08 15:09:42.902 +03:00 [INF] Application started. Press Ctrl+C to shut down.
2026-07-08 15:09:42.902 +03:00 [INF] Hosting environment: Development
2026-07-08 15:09:42.903 +03:00 [INF] Content root path: C:\PROJECTS\employer\src\Attendance.Api
2026-07-08 15:09:48.576 +03:00 [INF] Expired 1 stale QR token(s); a replacement was pushed to the kiosk.
2026-07-08 15:10:07.861 +03:00 [INF] Expired 1 stale QR token(s); a replacement was pushed to the kiosk.
2026-07-08 15:10:22.828 +03:00 [INF] Expired 1 stale QR token(s); a replacement was pushed to the kiosk.
2026-07-08 15:10:42.821 +03:00 [INF] Expired 1 stale QR token(s); a replacement was pushed to the kiosk.
2026-07-08 15:10:57.829 +03:00 [INF] Expired 1 stale QR token(s); a replacement was pushed to the kiosk.
2026-07-08 15:11:17.824 +03:00 [INF] Expired 1 stale QR token(s); a replacement was pushed to the kiosk.
2026-07-08 15:11:37.853 +03:00 [INF] Expired 1 stale QR token(s); a replacement was pushed to the kiosk.
2026-07-08 15:11:57.830 +03:00 [INF] Expired 1 stale QR token(s); a replacement was pushed to the kiosk.
2026-07-08 15:12:17.827 +03:00 [INF] Expired 1 stale QR token(s); a replacement was pushed to the kiosk.
2026-07-08 15:12:37.819 +03:00 [INF] Expired 1 stale QR token(s); a replacement was pushed to the kiosk.
2026-07-08 15:12:52.820 +03:00 [INF] Expired 1 stale QR token(s); a replacement was pushed to the kiosk.
2026-07-08 15:13:12.828 +03:00 [INF] Expired 1 stale QR token(s); a replacement was pushed to the kiosk.
2026-07-08 15:13:32.828 +03:00 [INF] Expired 1 stale QR token(s); a replacement was pushed to the kiosk.
2026-07-08 15:13:52.815 +03:00 [INF] Expired 1 stale QR token(s); a replacement was pushed to the kiosk.
2026-07-08 15:14:07.830 +03:00 [INF] Expired 1 stale QR token(s); a replacement was pushed to the kiosk.
2026-07-08 15:14:27.832 +03:00 [INF] Expired 1 stale QR token(s); a replacement was pushed to the kiosk.
2026-07-08 15:14:47.823 +03:00 [INF] Expired 1 stale QR token(s); a replacement was pushed to the kiosk.
2026-07-08 15:15:07.827 +03:00 [INF] Expired 1 stale QR token(s); a replacement was pushed to the kiosk.
2026-07-08 15:15:27.819 +03:00 [INF] Expired 1 stale QR token(s); a replacement was pushed to the kiosk.
2026-07-08 15:15:42.825 +03:00 [INF] Expired 1 stale QR token(s); a replacement was pushed to the kiosk.
2026-07-08 15:16:02.814 +03:00 [INF] Expired 1 stale QR token(s); a replacement was pushed to the kiosk.
2026-07-08 15:16:17.823 +03:00 [INF] Expired 1 stale QR token(s); a replacement was pushed to the kiosk.
2026-07-08 15:16:37.825 +03:00 [INF] Expired 1 stale QR token(s); a replacement was pushed to the kiosk.
2026-07-08 15:16:57.817 +03:00 [INF] Expired 1 stale QR token(s); a replacement was pushed to the kiosk.
2026-07-08 15:17:17.825 +03:00 [INF] Expired 1 stale QR token(s); a replacement was pushed to the kiosk.
2026-07-08 15:17:37.825 +03:00 [INF] Expired 1 stale QR token(s); a replacement was pushed to the kiosk.
2026-07-08 15:17:52.830 +03:00 [INF] Expired 1 stale QR token(s); a replacement was pushed to the kiosk.
2026-07-08 15:18:12.816 +03:00 [INF] Expired 1 stale QR token(s); a replacement was pushed to the kiosk.
2026-07-08 15:18:32.815 +03:00 [INF] Expired 1 stale QR token(s); a replacement was pushed to the kiosk.
2026-07-08 15:18:52.826 +03:00 [INF] Expired 1 stale QR token(s); a replacement was pushed to the kiosk.
2026-07-08 15:19:12.820 +03:00 [INF] Expired 1 stale QR token(s); a replacement was pushed to the kiosk.
2026-07-08 15:19:27.831 +03:00 [INF] Expired 1 stale QR token(s); a replacement was pushed to the kiosk.
2026-07-08 15:19:47.834 +03:00 [INF] Expired 1 stale QR token(s); a replacement was pushed to the kiosk.
2026-07-08 15:20:07.825 +03:00 [INF] Expired 1 stale QR token(s); a replacement was pushed to the kiosk.
2026-07-08 15:20:27.815 +03:00 [INF] Expired 1 stale QR token(s); a replacement was pushed to the kiosk.
2026-07-08 15:20:42.825 +03:00 [INF] Expired 1 stale QR token(s); a replacement was pushed to the kiosk.
2026-07-08 15:21:02.822 +03:00 [INF] Expired 1 stale QR token(s); a replacement was pushed to the kiosk.
2026-07-08 15:21:17.828 +03:00 [INF] Expired 1 stale QR token(s); a replacement was pushed to the kiosk.
2026-07-08 15:21:37.820 +03:00 [INF] Expired 1 stale QR token(s); a replacement was pushed to the kiosk.
2026-07-08 15:21:57.829 +03:00 [INF] Expired 1 stale QR token(s); a replacement was pushed to the kiosk.
2026-07-08 15:22:17.821 +03:00 [INF] Expired 1 stale QR token(s); a replacement was pushed to the kiosk.
2026-07-08 15:22:49.439 +03:00 [WRN] The 'StaffStatus' property 'Status' on entity type 'Staff' is configured with a database-generated default, but has no configured sentinel value. The database-generated default will always be used for inserts when the property has the value 'Inactive', since this is the CLR default for the 'StaffStatus' type. Consider using a nullable type, using a nullable backing field, or setting the sentinel value for the property to ensure the database default is used when, and only when, appropriate. See https://aka.ms/efcore-docs-default-values for more information.
2026-07-08 15:22:52.466 +03:00 [INF] QR token expiry sweep started (interval 5s).
2026-07-08 15:22:52.538 +03:00 [INF] Now listening on: http://0.0.0.0:5080
2026-07-08 15:22:52.539 +03:00 [INF] Application started. Press Ctrl+C to shut down.
2026-07-08 15:22:52.539 +03:00 [INF] Hosting environment: Development
2026-07-08 15:22:52.539 +03:00 [INF] Content root path: C:\PROJECTS\employer\src\Attendance.Api
2026-07-08 15:22:57.815 +03:00 [INF] Expired 1 stale QR token(s); a replacement was pushed to the kiosk.
2026-07-08 15:23:09.209 +03:00 [INF] HTTP GET /swagger/index.html responded 200 in 124.0032 ms
2026-07-08 15:23:17.518 +03:00 [INF] Expired 1 stale QR token(s); a replacement was pushed to the kiosk.
2026-07-08 15:23:37.479 +03:00 [INF] Expired 1 stale QR token(s); a replacement was pushed to the kiosk.
2026-07-08 15:23:52.492 +03:00 [INF] Expired 1 stale QR token(s); a replacement was pushed to the kiosk.
2026-07-08 15:24:12.487 +03:00 [INF] Expired 1 stale QR token(s); a replacement was pushed to the kiosk.
2026-07-08 15:24:32.488 +03:00 [INF] Expired 1 stale QR token(s); a replacement was pushed to the kiosk.
2026-07-08 15:24:47.524 +03:00 [INF] Expired 1 stale QR token(s); a replacement was pushed to the kiosk.
2026-07-08 15:25:07.489 +03:00 [INF] Expired 1 stale QR token(s); a replacement was pushed to the kiosk.
2026-07-08 15:25:27.497 +03:00 [INF] Expired 1 stale QR token(s); a replacement was pushed to the kiosk.
2026-07-08 15:25:42.496 +03:00 [INF] Expired 1 stale QR token(s); a replacement was pushed to the kiosk.
2026-07-08 15:26:02.489 +03:00 [INF] Expired 1 stale QR token(s); a replacement was pushed to the kiosk.
2026-07-08 15:26:22.485 +03:00 [INF] Expired 1 stale QR token(s); a replacement was pushed to the kiosk.
2026-07-08 15:26:42.479 +03:00 [INF] Expired 1 stale QR token(s); a replacement was pushed to the kiosk.
2026-07-08 15:26:57.486 +03:00 [INF] Expired 1 stale QR token(s); a replacement was pushed to the kiosk.
2026-07-08 15:27:12.492 +03:00 [INF] Expired 1 stale QR token(s); a replacement was pushed to the kiosk.
2026-07-08 15:27:32.481 +03:00 [INF] Expired 1 stale QR token(s); a replacement was pushed to the kiosk.
2026-07-08 15:27:47.489 +03:00 [INF] Expired 1 stale QR token(s); a replacement was pushed to the kiosk.
