2026-07-19 12:28:51.291 +03:00 [WRN] The 'StaffStatus' property 'Status' on entity type 'Staff' is configured with a database-generated default, but has no configured sentinel value. The database-generated default will always be used for inserts when the property has the value 'Inactive', since this is the CLR default for the 'StaffStatus' type. Consider using a nullable type, using a nullable backing field, or setting the sentinel value for the property to ensure the database default is used when, and only when, appropriate. See https://aka.ms/efcore-docs-default-values for more information.
2026-07-19 12:28:54.635 +03:00 [INF] Kiosk QR deep-link base: http://10.133.74.229:4200/scan — phones must be able to reach this host.
2026-07-19 12:28:54.753 +03:00 [INF] QR token expiry sweep started (interval 5s).
2026-07-19 12:28:54.847 +03:00 [INF] Now listening on: http://0.0.0.0:5080
2026-07-19 12:28:54.848 +03:00 [INF] Application started. Press Ctrl+C to shut down.
2026-07-19 12:28:54.849 +03:00 [INF] Hosting environment: Development
2026-07-19 12:28:54.850 +03:00 [INF] Content root path: C:\PROJECTS\employer\src\Attendance.Api
2026-07-19 12:29:00.751 +03:00 [INF] Expired 1 stale QR token(s); a replacement was pushed to the kiosk.
2026-07-19 12:29:19.819 +03:00 [INF] Expired 1 stale QR token(s); a replacement was pushed to the kiosk.
2026-07-19 12:29:39.829 +03:00 [INF] Expired 1 stale QR token(s); a replacement was pushed to the kiosk.
2026-07-19 12:29:59.816 +03:00 [INF] Expired 1 stale QR token(s); a replacement was pushed to the kiosk.
2026-07-19 12:30:16.193 +03:00 [INF] HTTP GET /swagger/index.html responded 304 in 141.3976 ms
2026-07-19 12:30:16.291 +03:00 [INF] HTTP GET /swagger/swagger-ui.css responded 304 in 9.5688 ms
2026-07-19 12:30:16.291 +03:00 [INF] HTTP GET /swagger/index.css responded 304 in 9.6620 ms
2026-07-19 12:30:16.298 +03:00 [INF] HTTP GET /swagger/swagger-ui-standalone-preset.js responded 304 in 2.7136 ms
2026-07-19 12:30:16.303 +03:00 [INF] HTTP GET /swagger/index.js responded 304 in 0.6363 ms
2026-07-19 12:30:16.307 +03:00 [INF] HTTP GET /swagger/swagger-ui-bundle.js responded 304 in 12.1371 ms
2026-07-19 12:30:16.567 +03:00 [INF] HTTP GET /swagger/favicon-32x32.png responded 304 in 0.1991 ms
2026-07-19 12:30:16.862 +03:00 [INF] HTTP GET /swagger/v1/swagger.json responded 200 in 312.8922 ms
2026-07-19 12:30:19.820 +03:00 [INF] Expired 1 stale QR token(s); a replacement was pushed to the kiosk.
2026-07-19 12:30:39.856 +03:00 [INF] Expired 1 stale QR token(s); a replacement was pushed to the kiosk.
2026-07-19 12:30:59.842 +03:00 [INF] Expired 1 stale QR token(s); a replacement was pushed to the kiosk.
2026-07-19 12:31:19.788 +03:00 [INF] Expired 1 stale QR token(s); a replacement was pushed to the kiosk.
2026-07-19 12:31:39.818 +03:00 [INF] Expired 1 stale QR token(s); a replacement was pushed to the kiosk.
2026-07-19 12:31:59.824 +03:00 [INF] Expired 1 stale QR token(s); a replacement was pushed to the kiosk.
2026-07-19 12:32:19.778 +03:00 [INF] Expired 1 stale QR token(s); a replacement was pushed to the kiosk.
2026-07-19 12:32:34.807 +03:00 [INF] Expired 1 stale QR token(s); a replacement was pushed to the kiosk.
2026-07-19 12:32:54.819 +03:00 [INF] Expired 1 stale QR token(s); a replacement was pushed to the kiosk.
2026-07-19 12:33:14.790 +03:00 [INF] Expired 1 stale QR token(s); a replacement was pushed to the kiosk.
2026-07-19 12:33:34.778 +03:00 [INF] Expired 1 stale QR token(s); a replacement was pushed to the kiosk.
2026-07-19 12:33:49.788 +03:00 [INF] Expired 1 stale QR token(s); a replacement was pushed to the kiosk.
2026-07-19 12:34:09.829 +03:00 [INF] Expired 1 stale QR token(s); a replacement was pushed to the kiosk.
2026-07-19 12:34:29.826 +03:00 [INF] Expired 1 stale QR token(s); a replacement was pushed to the kiosk.
2026-07-19 12:34:49.856 +03:00 [INF] Expired 1 stale QR token(s); a replacement was pushed to the kiosk.
2026-07-19 12:35:09.939 +03:00 [INF] Expired 1 stale QR token(s); a replacement was pushed to the kiosk.
2026-07-19 12:35:29.786 +03:00 [INF] Expired 1 stale QR token(s); a replacement was pushed to the kiosk.
2026-07-19 12:35:49.785 +03:00 [INF] Expired 1 stale QR token(s); a replacement was pushed to the kiosk.
2026-07-19 12:36:04.806 +03:00 [INF] Expired 1 stale QR token(s); a replacement was pushed to the kiosk.
2026-07-19 12:36:24.813 +03:00 [INF] Expired 1 stale QR token(s); a replacement was pushed to the kiosk.
2026-07-19 12:36:44.787 +03:00 [INF] Expired 1 stale QR token(s); a replacement was pushed to the kiosk.
2026-07-19 12:37:04.776 +03:00 [INF] Expired 1 stale QR token(s); a replacement was pushed to the kiosk.
2026-07-19 12:37:10.192 +03:00 [WRN] Failed to determine the https port for redirect.
2026-07-19 12:37:10.272 +03:00 [INF] HTTP POST /hubs/attendance/negotiate responded 200 in 83.4350 ms
2026-07-19 12:37:24.795 +03:00 [INF] Expired 1 stale QR token(s); a replacement was pushed to the kiosk.
2026-07-19 12:37:44.791 +03:00 [INF] Expired 1 stale QR token(s); a replacement was pushed to the kiosk.
2026-07-19 12:37:47.287 +03:00 [WRN] Failed login attempt for user 'EMP-0016' from 127.0.0.1.
2026-07-19 12:37:47.301 +03:00 [INF] HTTP POST /api/auth/login responded 401 in 210.8623 ms
2026-07-19 12:37:55.608 +03:00 [WRN] Failed login attempt for user 'EMP-0016' from 127.0.0.1.
2026-07-19 12:37:55.611 +03:00 [INF] HTTP POST /api/auth/login responded 401 in 152.1020 ms
2026-07-19 12:37:57.465 +03:00 [INF] HTTP POST /api/auth/login responded 200 in 243.6605 ms
2026-07-19 12:38:04.818 +03:00 [INF] Expired 1 stale QR token(s); a replacement was pushed to the kiosk.
2026-07-19 12:38:12.188 +03:00 [INF] HTTP POST /api/auth/login responded 200 in 161.6317 ms
2026-07-19 12:38:13.181 +03:00 [INF] HTTP GET /api/staff responded 200 in 275.3826 ms
2026-07-19 12:38:15.559 +03:00 [INF] QR scan attempt: StaffId=16 Token=b48946e1… Outcome="Success" Ip=127.0.0.1
2026-07-19 12:38:15.733 +03:00 [INF] HTTP POST /api/attendance/scan responded 200 in 229.0804 ms
2026-07-19 12:38:21.017 +03:00 [INF] QR scan attempt: StaffId=16 Token=9e4b1b13… Outcome="Success" Ip=127.0.0.1
2026-07-19 12:38:21.036 +03:00 [ERR] HTTP POST /api/attendance/scan responded 500 in 69.1313 ms
Attendance.Application.Exceptions.DuplicateAttendanceException: You have already checked in for this slot today.
   at Attendance.Application.Services.AttendanceService.RecordAttendanceAsync(Int32 staffId, Int32 qrSessionId) in C:\PROJECTS\employer\src\Attendance.Application\Services\AttendanceService.cs:line 63
   at Attendance.Api.Controllers.AttendanceController.Scan(ScanRequestDto request) in C:\PROJECTS\employer\src\Attendance.Api\Controllers\AttendanceController.cs:line 68
   at Microsoft.AspNetCore.Mvc.Infrastructure.ActionMethodExecutor.TaskOfIActionResultExecutor.Execute(ActionContext actionContext, IActionResultTypeMapper mapper, ObjectMethodExecutor executor, Object controller, Object[] arguments)
   at Microsoft.AspNetCore.Mvc.Infrastructure.ControllerActionInvoker.<InvokeActionMethodAsync>g__Awaited|12_0(ControllerActionInvoker invoker, ValueTask`1 actionResultValueTask)
   at Microsoft.AspNetCore.Mvc.Infrastructure.ControllerActionInvoker.<InvokeNextActionFilterAsync>g__Awaited|10_0(ControllerActionInvoker invoker, Task lastTask, State next, Scope scope, Object state, Boolean isCompleted)
   at Microsoft.AspNetCore.Mvc.Infrastructure.ControllerActionInvoker.Rethrow(ActionExecutedContextSealed context)
   at Microsoft.AspNetCore.Mvc.Infrastructure.ControllerActionInvoker.Next(State& next, Scope& scope, Object& state, Boolean& isCompleted)
   at Microsoft.AspNetCore.Mvc.Infrastructure.ControllerActionInvoker.<InvokeInnerFilterAsync>g__Awaited|13_0(ControllerActionInvoker invoker, Task lastTask, State next, Scope scope, Object state, Boolean isCompleted)
   at Microsoft.AspNetCore.Mvc.Infrastructure.ResourceInvoker.<InvokeFilterPipelineAsync>g__Awaited|20_0(ResourceInvoker invoker, Task lastTask, State next, Scope scope, Object state, Boolean isCompleted)
   at Microsoft.AspNetCore.Mvc.Infrastructure.ResourceInvoker.<InvokeAsync>g__Awaited|17_0(ResourceInvoker invoker, Task task, IDisposable scope)
   at Microsoft.AspNetCore.Mvc.Infrastructure.ResourceInvoker.<InvokeAsync>g__Awaited|17_0(ResourceInvoker invoker, Task task, IDisposable scope)
   at Microsoft.AspNetCore.Authorization.AuthorizationMiddleware.Invoke(HttpContext context)
   at Microsoft.AspNetCore.Authentication.AuthenticationMiddleware.Invoke(HttpContext context)
   at Swashbuckle.AspNetCore.SwaggerUI.SwaggerUIMiddleware.Invoke(HttpContext httpContext)
   at Swashbuckle.AspNetCore.Swagger.SwaggerMiddleware.Invoke(HttpContext httpContext, ISwaggerProvider swaggerProvider)
   at Serilog.AspNetCore.RequestLoggingMiddleware.Invoke(HttpContext httpContext)
2026-07-19 12:38:21.294 +03:00 [WRN] Request fault 409 on POST /api/attendance/scan: You have already checked in for this slot today.
2026-07-19 12:38:31.787 +03:00 [INF] HTTP GET /api/reports/daily responded 200 in 83.0449 ms
2026-07-19 12:38:39.832 +03:00 [INF] Expired 1 stale QR token(s); a replacement was pushed to the kiosk.
2026-07-19 12:38:58.542 +03:00 [INF] HTTP GET /api/staff responded 200 in 10.4076 ms
2026-07-19 12:38:59.314 +03:00 [INF] HTTP GET /api/slots responded 200 in 43.5021 ms
2026-07-19 12:38:59.798 +03:00 [INF] Expired 1 stale QR token(s); a replacement was pushed to the kiosk.
2026-07-19 12:39:04.924 +03:00 [INF] HTTP GET /api/staff responded 200 in 19.0546 ms
2026-07-19 12:39:19.785 +03:00 [INF] Expired 1 stale QR token(s); a replacement was pushed to the kiosk.
2026-07-19 12:39:39.818 +03:00 [INF] Expired 1 stale QR token(s); a replacement was pushed to the kiosk.
2026-07-19 12:39:59.839 +03:00 [INF] Expired 1 stale QR token(s); a replacement was pushed to the kiosk.
2026-07-19 12:40:19.785 +03:00 [INF] Expired 1 stale QR token(s); a replacement was pushed to the kiosk.
2026-07-19 12:40:34.821 +03:00 [INF] Expired 1 stale QR token(s); a replacement was pushed to the kiosk.
2026-07-19 12:40:54.807 +03:00 [INF] Expired 1 stale QR token(s); a replacement was pushed to the kiosk.
2026-07-19 12:41:14.787 +03:00 [INF] Expired 1 stale QR token(s); a replacement was pushed to the kiosk.
2026-07-19 12:41:33.018 +03:00 [INF] HTTP GET /hubs/attendance responded 101 in 262106.9931 ms
2026-07-19 12:41:34.823 +03:00 [INF] Expired 1 stale QR token(s); a replacement was pushed to the kiosk.
2026-07-19 12:41:54.817 +03:00 [INF] Expired 1 stale QR token(s); a replacement was pushed to the kiosk.
2026-07-19 12:42:14.818 +03:00 [INF] Expired 1 stale QR token(s); a replacement was pushed to the kiosk.
2026-07-19 12:42:34.819 +03:00 [INF] Expired 1 stale QR token(s); a replacement was pushed to the kiosk.
2026-07-19 12:42:54.825 +03:00 [INF] Expired 1 stale QR token(s); a replacement was pushed to the kiosk.
2026-07-19 12:43:14.788 +03:00 [INF] Expired 1 stale QR token(s); a replacement was pushed to the kiosk.
2026-07-19 12:43:34.808 +03:00 [INF] Expired 1 stale QR token(s); a replacement was pushed to the kiosk.
2026-07-19 12:43:54.788 +03:00 [INF] Expired 1 stale QR token(s); a replacement was pushed to the kiosk.
2026-07-19 12:44:14.804 +03:00 [INF] Expired 1 stale QR token(s); a replacement was pushed to the kiosk.
2026-07-19 12:44:34.820 +03:00 [INF] Expired 1 stale QR token(s); a replacement was pushed to the kiosk.
2026-07-19 12:44:54.813 +03:00 [INF] Expired 1 stale QR token(s); a replacement was pushed to the kiosk.
2026-07-19 12:45:14.807 +03:00 [INF] Expired 1 stale QR token(s); a replacement was pushed to the kiosk.
2026-07-19 12:45:34.811 +03:00 [INF] Expired 1 stale QR token(s); a replacement was pushed to the kiosk.
2026-07-19 12:45:54.776 +03:00 [INF] Expired 1 stale QR token(s); a replacement was pushed to the kiosk.
2026-07-19 12:46:09.791 +03:00 [INF] Expired 1 stale QR token(s); a replacement was pushed to the kiosk.
2026-07-19 12:46:29.809 +03:00 [INF] Expired 1 stale QR token(s); a replacement was pushed to the kiosk.
2026-07-19 12:46:49.784 +03:00 [INF] Expired 1 stale QR token(s); a replacement was pushed to the kiosk.
2026-07-19 12:47:04.820 +03:00 [INF] Expired 1 stale QR token(s); a replacement was pushed to the kiosk.
2026-07-19 12:47:24.814 +03:00 [INF] Expired 1 stale QR token(s); a replacement was pushed to the kiosk.
2026-07-19 12:47:34.377 +03:00 [INF] HTTP GET /api/staff responded 200 in 10.5357 ms
2026-07-19 12:47:37.531 +03:00 [INF] HTTP POST /hubs/attendance/negotiate responded 200 in 0.5825 ms
2026-07-19 12:47:38.785 +03:00 [INF] HTTP GET /hubs/attendance responded 101 in 612.4951 ms
2026-07-19 12:47:39.285 +03:00 [INF] HTTP POST /hubs/attendance/negotiate responded 200 in 0.2982 ms
2026-07-19 12:47:44.831 +03:00 [INF] Expired 1 stale QR token(s); a replacement was pushed to the kiosk.
2026-07-19 12:48:04.816 +03:00 [INF] Expired 1 stale QR token(s); a replacement was pushed to the kiosk.
2026-07-19 12:48:24.816 +03:00 [INF] Expired 1 stale QR token(s); a replacement was pushed to the kiosk.
2026-07-19 12:48:44.803 +03:00 [INF] Expired 1 stale QR token(s); a replacement was pushed to the kiosk.
2026-07-19 12:49:04.820 +03:00 [INF] Expired 1 stale QR token(s); a replacement was pushed to the kiosk.
2026-07-19 12:49:24.805 +03:00 [INF] Expired 1 stale QR token(s); a replacement was pushed to the kiosk.
2026-07-19 12:49:44.809 +03:00 [INF] Expired 1 stale QR token(s); a replacement was pushed to the kiosk.
2026-07-19 12:50:04.816 +03:00 [INF] Expired 1 stale QR token(s); a replacement was pushed to the kiosk.
2026-07-19 12:50:24.816 +03:00 [INF] Expired 1 stale QR token(s); a replacement was pushed to the kiosk.
2026-07-19 12:50:44.813 +03:00 [INF] Expired 1 stale QR token(s); a replacement was pushed to the kiosk.
2026-07-19 12:51:04.809 +03:00 [INF] Expired 1 stale QR token(s); a replacement was pushed to the kiosk.
2026-07-19 12:51:24.553 +03:00 [INF] HTTP GET /api/staff responded 200 in 10.3494 ms
2026-07-19 12:51:24.804 +03:00 [INF] Expired 1 stale QR token(s); a replacement was pushed to the kiosk.
2026-07-19 12:51:31.975 +03:00 [INF] HTTP GET /hubs/attendance responded 101 in 232053.9629 ms
2026-07-19 12:51:44.813 +03:00 [INF] Expired 1 stale QR token(s); a replacement was pushed to the kiosk.
2026-07-19 12:52:04.781 +03:00 [INF] Expired 1 stale QR token(s); a replacement was pushed to the kiosk.
2026-07-19 12:52:24.788 +03:00 [INF] Expired 1 stale QR token(s); a replacement was pushed to the kiosk.
2026-07-19 12:52:44.809 +03:00 [INF] Expired 1 stale QR token(s); a replacement was pushed to the kiosk.
2026-07-19 12:53:04.790 +03:00 [INF] Expired 1 stale QR token(s); a replacement was pushed to the kiosk.
2026-07-19 12:53:24.819 +03:00 [INF] Expired 1 stale QR token(s); a replacement was pushed to the kiosk.
2026-07-19 12:53:44.825 +03:00 [INF] Expired 1 stale QR token(s); a replacement was pushed to the kiosk.
2026-07-19 12:54:04.814 +03:00 [INF] Expired 1 stale QR token(s); a replacement was pushed to the kiosk.
2026-07-19 12:54:24.783 +03:00 [INF] Expired 1 stale QR token(s); a replacement was pushed to the kiosk.
2026-07-19 12:54:44.809 +03:00 [INF] Expired 1 stale QR token(s); a replacement was pushed to the kiosk.
2026-07-19 12:55:04.776 +03:00 [INF] Expired 1 stale QR token(s); a replacement was pushed to the kiosk.
2026-07-19 12:55:19.787 +03:00 [INF] Expired 1 stale QR token(s); a replacement was pushed to the kiosk.
2026-07-19 12:55:39.793 +03:00 [INF] Expired 1 stale QR token(s); a replacement was pushed to the kiosk.
2026-07-19 12:55:59.777 +03:00 [INF] Expired 1 stale QR token(s); a replacement was pushed to the kiosk.
2026-07-19 12:56:04.700 +03:00 [INF] HTTP POST /hubs/attendance/negotiate responded 200 in 0.2963 ms
2026-07-19 12:56:05.519 +03:00 [INF] HTTP POST /hubs/attendance/negotiate responded 200 in 0.2446 ms
2026-07-19 12:56:14.783 +03:00 [INF] Expired 1 stale QR token(s); a replacement was pushed to the kiosk.
2026-07-19 12:56:34.778 +03:00 [INF] Expired 1 stale QR token(s); a replacement was pushed to the kiosk.
2026-07-19 12:56:36.977 +03:00 [INF] HTTP GET /hubs/attendance responded 101 in 30824.4698 ms
2026-07-19 12:56:45.444 +03:00 [INF] HTTP POST /api/auth/login responded 200 in 113.0257 ms
2026-07-19 12:56:54.785 +03:00 [INF] Expired 1 stale QR token(s); a replacement was pushed to the kiosk.
2026-07-19 12:57:14.783 +03:00 [INF] Expired 1 stale QR token(s); a replacement was pushed to the kiosk.
2026-07-19 12:57:21.137 +03:00 [INF] HTTP POST /api/attendance/scan responded 400 in 13.8944 ms
2026-07-19 12:57:34.792 +03:00 [INF] Expired 1 stale QR token(s); a replacement was pushed to the kiosk.
2026-07-19 12:57:54.788 +03:00 [INF] Expired 1 stale QR token(s); a replacement was pushed to the kiosk.
2026-07-19 12:58:14.784 +03:00 [INF] Expired 1 stale QR token(s); a replacement was pushed to the kiosk.
2026-07-19 12:58:34.844 +03:00 [INF] Expired 1 stale QR token(s); a replacement was pushed to the kiosk.
2026-07-19 12:58:54.775 +03:00 [INF] Expired 1 stale QR token(s); a replacement was pushed to the kiosk.
2026-07-19 12:59:09.785 +03:00 [INF] Expired 1 stale QR token(s); a replacement was pushed to the kiosk.
2026-07-19 12:59:29.787 +03:00 [INF] Expired 1 stale QR token(s); a replacement was pushed to the kiosk.
2026-07-19 12:59:49.791 +03:00 [INF] Expired 1 stale QR token(s); a replacement was pushed to the kiosk.
2026-07-19 13:00:09.771 +03:00 [INF] Expired 1 stale QR token(s); a replacement was pushed to the kiosk.
2026-07-19 13:00:24.780 +03:00 [INF] Expired 1 stale QR token(s); a replacement was pushed to the kiosk.
2026-07-19 13:00:27.378 +03:00 [INF] HTTP POST /api/attendance/scan responded 400 in 1.7609 ms
2026-07-19 13:00:44.770 +03:00 [INF] Expired 1 stale QR token(s); a replacement was pushed to the kiosk.
2026-07-19 13:01:04.780 +03:00 [INF] Expired 1 stale QR token(s); a replacement was pushed to the kiosk.
2026-07-19 13:01:24.778 +03:00 [INF] Expired 1 stale QR token(s); a replacement was pushed to the kiosk.
2026-07-19 13:01:44.774 +03:00 [INF] Expired 1 stale QR token(s); a replacement was pushed to the kiosk.
2026-07-19 13:02:04.781 +03:00 [INF] Expired 1 stale QR token(s); a replacement was pushed to the kiosk.
2026-07-19 13:02:24.772 +03:00 [INF] Expired 1 stale QR token(s); a replacement was pushed to the kiosk.
2026-07-19 13:02:44.775 +03:00 [INF] Expired 1 stale QR token(s); a replacement was pushed to the kiosk.
2026-07-19 13:03:04.774 +03:00 [INF] Expired 1 stale QR token(s); a replacement was pushed to the kiosk.
2026-07-19 13:03:24.780 +03:00 [INF] Expired 1 stale QR token(s); a replacement was pushed to the kiosk.
2026-07-19 13:03:44.779 +03:00 [INF] Expired 1 stale QR token(s); a replacement was pushed to the kiosk.
2026-07-19 13:04:04.782 +03:00 [INF] Expired 1 stale QR token(s); a replacement was pushed to the kiosk.
2026-07-19 13:04:24.767 +03:00 [INF] Expired 1 stale QR token(s); a replacement was pushed to the kiosk.
2026-07-19 13:04:39.778 +03:00 [INF] Expired 1 stale QR token(s); a replacement was pushed to the kiosk.
2026-07-19 13:04:59.780 +03:00 [INF] Expired 1 stale QR token(s); a replacement was pushed to the kiosk.
2026-07-19 13:05:19.772 +03:00 [INF] Expired 1 stale QR token(s); a replacement was pushed to the kiosk.
2026-07-19 13:05:34.779 +03:00 [INF] Expired 1 stale QR token(s); a replacement was pushed to the kiosk.
2026-07-19 13:05:54.774 +03:00 [INF] Expired 1 stale QR token(s); a replacement was pushed to the kiosk.
2026-07-19 13:06:07.437 +03:00 [INF] HTTP GET /api/departments responded 403 in 3.1783 ms
2026-07-19 13:06:09.780 +03:00 [INF] Expired 1 stale QR token(s); a replacement was pushed to the kiosk.
2026-07-19 13:06:29.780 +03:00 [INF] Expired 1 stale QR token(s); a replacement was pushed to the kiosk.
2026-07-19 13:06:49.778 +03:00 [INF] Expired 1 stale QR token(s); a replacement was pushed to the kiosk.
2026-07-19 13:07:09.778 +03:00 [INF] Expired 1 stale QR token(s); a replacement was pushed to the kiosk.
2026-07-19 13:07:29.780 +03:00 [INF] Expired 1 stale QR token(s); a replacement was pushed to the kiosk.
2026-07-19 13:07:49.786 +03:00 [INF] Expired 1 stale QR token(s); a replacement was pushed to the kiosk.
2026-07-19 13:08:09.778 +03:00 [INF] Expired 1 stale QR token(s); a replacement was pushed to the kiosk.
2026-07-19 13:08:18.510 +03:00 [INF] HTTP POST /api/auth/login responded 200 in 115.7522 ms
2026-07-19 13:08:18.648 +03:00 [INF] HTTP GET /api/staff responded 200 in 10.2697 ms
2026-07-19 13:08:20.522 +03:00 [INF] HTTP GET /api/slots responded 200 in 5.2898 ms
2026-07-19 13:08:21.690 +03:00 [INF] HTTP GET /api/staff responded 200 in 17.7621 ms
2026-07-19 13:08:22.931 +03:00 [INF] HTTP GET /api/departments responded 200 in 26.3505 ms
2026-07-19 13:08:29.780 +03:00 [INF] Expired 1 stale QR token(s); a replacement was pushed to the kiosk.
2026-07-19 13:08:49.788 +03:00 [INF] Expired 1 stale QR token(s); a replacement was pushed to the kiosk.
2026-07-19 13:09:09.778 +03:00 [INF] Expired 1 stale QR token(s); a replacement was pushed to the kiosk.
2026-07-19 13:09:29.783 +03:00 [INF] Expired 1 stale QR token(s); a replacement was pushed to the kiosk.
2026-07-19 13:09:49.790 +03:00 [INF] Expired 1 stale QR token(s); a replacement was pushed to the kiosk.
2026-07-19 13:10:09.792 +03:00 [INF] Expired 1 stale QR token(s); a replacement was pushed to the kiosk.
2026-07-19 13:10:29.785 +03:00 [INF] Expired 1 stale QR token(s); a replacement was pushed to the kiosk.
2026-07-19 13:10:49.779 +03:00 [INF] Expired 1 stale QR token(s); a replacement was pushed to the kiosk.
2026-07-19 13:11:04.785 +03:00 [INF] Expired 1 stale QR token(s); a replacement was pushed to the kiosk.
2026-07-19 13:11:24.783 +03:00 [INF] Expired 1 stale QR token(s); a replacement was pushed to the kiosk.
2026-07-19 13:11:44.786 +03:00 [INF] Expired 1 stale QR token(s); a replacement was pushed to the kiosk.
2026-07-19 13:12:04.796 +03:00 [INF] Expired 1 stale QR token(s); a replacement was pushed to the kiosk.
2026-07-19 13:12:24.782 +03:00 [INF] Expired 1 stale QR token(s); a replacement was pushed to the kiosk.
2026-07-19 13:12:44.792 +03:00 [INF] Expired 1 stale QR token(s); a replacement was pushed to the kiosk.
2026-07-19 13:13:04.781 +03:00 [INF] Expired 1 stale QR token(s); a replacement was pushed to the kiosk.
2026-07-19 13:13:19.789 +03:00 [INF] Expired 1 stale QR token(s); a replacement was pushed to the kiosk.
2026-07-19 13:13:39.774 +03:00 [INF] Expired 1 stale QR token(s); a replacement was pushed to the kiosk.
2026-07-19 13:13:54.782 +03:00 [INF] Expired 1 stale QR token(s); a replacement was pushed to the kiosk.
2026-07-19 13:14:14.780 +03:00 [INF] Expired 1 stale QR token(s); a replacement was pushed to the kiosk.
2026-07-19 13:14:29.786 +03:00 [INF] Expired 1 stale QR token(s); a replacement was pushed to the kiosk.
2026-07-19 13:14:49.789 +03:00 [INF] Expired 1 stale QR token(s); a replacement was pushed to the kiosk.
2026-07-19 13:15:09.782 +03:00 [INF] Expired 1 stale QR token(s); a replacement was pushed to the kiosk.
2026-07-19 13:15:24.794 +03:00 [INF] Expired 1 stale QR token(s); a replacement was pushed to the kiosk.
2026-07-19 13:15:44.794 +03:00 [INF] Expired 1 stale QR token(s); a replacement was pushed to the kiosk.
2026-07-19 13:16:04.790 +03:00 [INF] Expired 1 stale QR token(s); a replacement was pushed to the kiosk.
2026-07-19 13:16:24.807 +03:00 [INF] Expired 1 stale QR token(s); a replacement was pushed to the kiosk.
2026-07-19 13:16:44.779 +03:00 [INF] Expired 1 stale QR token(s); a replacement was pushed to the kiosk.
2026-07-19 13:17:04.785 +03:00 [INF] Expired 1 stale QR token(s); a replacement was pushed to the kiosk.
2026-07-19 13:17:24.788 +03:00 [INF] Expired 1 stale QR token(s); a replacement was pushed to the kiosk.
2026-07-19 13:17:44.782 +03:00 [INF] Expired 1 stale QR token(s); a replacement was pushed to the kiosk.
2026-07-19 13:18:04.785 +03:00 [INF] Expired 1 stale QR token(s); a replacement was pushed to the kiosk.
2026-07-19 13:18:24.836 +03:00 [INF] Expired 1 stale QR token(s); a replacement was pushed to the kiosk.
2026-07-19 13:18:44.777 +03:00 [INF] Expired 1 stale QR token(s); a replacement was pushed to the kiosk.
2026-07-19 13:19:04.797 +03:00 [INF] Expired 1 stale QR token(s); a replacement was pushed to the kiosk.
2026-07-19 13:19:24.776 +03:00 [INF] Expired 1 stale QR token(s); a replacement was pushed to the kiosk.
2026-07-19 13:19:39.787 +03:00 [INF] Expired 1 stale QR token(s); a replacement was pushed to the kiosk.
2026-07-19 13:19:59.785 +03:00 [INF] Expired 1 stale QR token(s); a replacement was pushed to the kiosk.
2026-07-19 13:20:19.783 +03:00 [INF] Expired 1 stale QR token(s); a replacement was pushed to the kiosk.
2026-07-19 13:20:39.782 +03:00 [INF] Expired 1 stale QR token(s); a replacement was pushed to the kiosk.
2026-07-19 13:20:43.165 +03:00 [INF] HTTP POST /api/auth/login responded 200 in 132.7543 ms
2026-07-19 13:20:59.782 +03:00 [INF] Expired 1 stale QR token(s); a replacement was pushed to the kiosk.
2026-07-19 13:21:19.788 +03:00 [INF] Expired 1 stale QR token(s); a replacement was pushed to the kiosk.
2026-07-19 13:21:39.776 +03:00 [INF] Expired 1 stale QR token(s); a replacement was pushed to the kiosk.
2026-07-19 13:21:53.836 +03:00 [INF] HTTP POST /api/attendance/scan responded 400 in 1.8900 ms
2026-07-19 13:21:59.772 +03:00 [INF] Expired 1 stale QR token(s); a replacement was pushed to the kiosk.
2026-07-19 13:22:14.783 +03:00 [INF] Expired 1 stale QR token(s); a replacement was pushed to the kiosk.
2026-07-19 13:22:34.783 +03:00 [INF] Expired 1 stale QR token(s); a replacement was pushed to the kiosk.
2026-07-19 13:22:54.789 +03:00 [INF] Expired 1 stale QR token(s); a replacement was pushed to the kiosk.
2026-07-19 13:23:14.781 +03:00 [INF] Expired 1 stale QR token(s); a replacement was pushed to the kiosk.
2026-07-19 13:23:34.789 +03:00 [INF] Expired 1 stale QR token(s); a replacement was pushed to the kiosk.
2026-07-19 13:23:54.782 +03:00 [INF] Expired 1 stale QR token(s); a replacement was pushed to the kiosk.
2026-07-19 13:24:09.787 +03:00 [INF] Expired 1 stale QR token(s); a replacement was pushed to the kiosk.
2026-07-19 13:24:29.776 +03:00 [INF] Expired 1 stale QR token(s); a replacement was pushed to the kiosk.
2026-07-19 13:24:44.784 +03:00 [INF] Expired 1 stale QR token(s); a replacement was pushed to the kiosk.
2026-07-19 13:25:04.788 +03:00 [INF] Expired 1 stale QR token(s); a replacement was pushed to the kiosk.
2026-07-19 13:25:24.782 +03:00 [INF] Expired 1 stale QR token(s); a replacement was pushed to the kiosk.
2026-07-19 13:25:44.784 +03:00 [INF] Expired 1 stale QR token(s); a replacement was pushed to the kiosk.
2026-07-19 13:26:04.778 +03:00 [INF] Expired 1 stale QR token(s); a replacement was pushed to the kiosk.
2026-07-19 13:26:24.784 +03:00 [INF] Expired 1 stale QR token(s); a replacement was pushed to the kiosk.
2026-07-19 13:26:44.779 +03:00 [INF] Expired 1 stale QR token(s); a replacement was pushed to the kiosk.
2026-07-19 13:27:04.766 +03:00 [INF] Expired 1 stale QR token(s); a replacement was pushed to the kiosk.
2026-07-19 13:27:19.791 +03:00 [INF] Expired 1 stale QR token(s); a replacement was pushed to the kiosk.
2026-07-19 13:27:39.770 +03:00 [INF] Expired 1 stale QR token(s); a replacement was pushed to the kiosk.
2026-07-19 13:27:54.774 +03:00 [INF] Expired 1 stale QR token(s); a replacement was pushed to the kiosk.
2026-07-19 13:28:14.767 +03:00 [INF] Expired 1 stale QR token(s); a replacement was pushed to the kiosk.
2026-07-19 13:28:29.774 +03:00 [INF] Expired 1 stale QR token(s); a replacement was pushed to the kiosk.
2026-07-19 13:28:44.783 +03:00 [INF] Expired 1 stale QR token(s); a replacement was pushed to the kiosk.
2026-07-19 13:29:04.770 +03:00 [INF] Expired 1 stale QR token(s); a replacement was pushed to the kiosk.
2026-07-19 13:29:19.781 +03:00 [INF] Expired 1 stale QR token(s); a replacement was pushed to the kiosk.
2026-07-19 13:29:39.779 +03:00 [INF] Expired 1 stale QR token(s); a replacement was pushed to the kiosk.
2026-07-19 13:29:59.782 +03:00 [INF] Expired 1 stale QR token(s); a replacement was pushed to the kiosk.
2026-07-19 13:30:19.767 +03:00 [INF] Expired 1 stale QR token(s); a replacement was pushed to the kiosk.
2026-07-19 13:30:34.790 +03:00 [INF] Expired 1 stale QR token(s); a replacement was pushed to the kiosk.
2026-07-19 13:30:54.781 +03:00 [INF] Expired 1 stale QR token(s); a replacement was pushed to the kiosk.
2026-07-19 13:31:14.779 +03:00 [INF] Expired 1 stale QR token(s); a replacement was pushed to the kiosk.
2026-07-19 13:31:34.773 +03:00 [INF] Expired 1 stale QR token(s); a replacement was pushed to the kiosk.
2026-07-19 13:31:54.782 +03:00 [INF] Expired 1 stale QR token(s); a replacement was pushed to the kiosk.
2026-07-19 13:32:14.779 +03:00 [INF] Expired 1 stale QR token(s); a replacement was pushed to the kiosk.
2026-07-19 13:32:34.768 +03:00 [INF] Expired 1 stale QR token(s); a replacement was pushed to the kiosk.
2026-07-19 13:32:49.777 +03:00 [INF] Expired 1 stale QR token(s); a replacement was pushed to the kiosk.
2026-07-19 13:33:09.779 +03:00 [INF] Expired 1 stale QR token(s); a replacement was pushed to the kiosk.
2026-07-19 13:33:29.778 +03:00 [INF] Expired 1 stale QR token(s); a replacement was pushed to the kiosk.
2026-07-19 13:33:49.779 +03:00 [INF] Expired 1 stale QR token(s); a replacement was pushed to the kiosk.
2026-07-19 13:34:09.782 +03:00 [INF] Expired 1 stale QR token(s); a replacement was pushed to the kiosk.
2026-07-19 13:34:29.776 +03:00 [INF] Expired 1 stale QR token(s); a replacement was pushed to the kiosk.
2026-07-19 13:34:49.770 +03:00 [INF] Expired 1 stale QR token(s); a replacement was pushed to the kiosk.
2026-07-19 13:35:04.776 +03:00 [INF] Expired 1 stale QR token(s); a replacement was pushed to the kiosk.
2026-07-19 13:35:24.783 +03:00 [INF] Expired 1 stale QR token(s); a replacement was pushed to the kiosk.
2026-07-19 13:35:44.784 +03:00 [INF] Expired 1 stale QR token(s); a replacement was pushed to the kiosk.
2026-07-19 13:36:04.780 +03:00 [INF] Expired 1 stale QR token(s); a replacement was pushed to the kiosk.
2026-07-19 13:36:24.779 +03:00 [INF] Expired 1 stale QR token(s); a replacement was pushed to the kiosk.
2026-07-19 13:36:44.772 +03:00 [INF] Expired 1 stale QR token(s); a replacement was pushed to the kiosk.
2026-07-19 13:37:04.776 +03:00 [INF] Expired 1 stale QR token(s); a replacement was pushed to the kiosk.
2026-07-19 13:37:24.778 +03:00 [INF] Expired 1 stale QR token(s); a replacement was pushed to the kiosk.
2026-07-19 13:37:44.772 +03:00 [INF] Expired 1 stale QR token(s); a replacement was pushed to the kiosk.
2026-07-19 13:38:04.778 +03:00 [INF] Expired 1 stale QR token(s); a replacement was pushed to the kiosk.
2026-07-19 13:38:19.790 +03:00 [INF] Expired 1 stale QR token(s); a replacement was pushed to the kiosk.
2026-07-19 13:38:39.779 +03:00 [INF] Expired 1 stale QR token(s); a replacement was pushed to the kiosk.
2026-07-19 13:38:59.772 +03:00 [INF] Expired 1 stale QR token(s); a replacement was pushed to the kiosk.
2026-07-19 13:39:14.780 +03:00 [INF] Expired 1 stale QR token(s); a replacement was pushed to the kiosk.
2026-07-19 13:39:34.783 +03:00 [INF] Expired 1 stale QR token(s); a replacement was pushed to the kiosk.
2026-07-19 13:39:54.776 +03:00 [INF] Expired 1 stale QR token(s); a replacement was pushed to the kiosk.
2026-07-19 13:40:14.767 +03:00 [INF] Expired 1 stale QR token(s); a replacement was pushed to the kiosk.
2026-07-19 13:40:29.775 +03:00 [INF] Expired 1 stale QR token(s); a replacement was pushed to the kiosk.
2026-07-19 13:40:44.787 +03:00 [INF] Expired 1 stale QR token(s); a replacement was pushed to the kiosk.
2026-07-19 13:41:04.766 +03:00 [INF] Expired 1 stale QR token(s); a replacement was pushed to the kiosk.
2026-07-19 13:41:19.777 +03:00 [INF] Expired 1 stale QR token(s); a replacement was pushed to the kiosk.
2026-07-19 13:41:39.774 +03:00 [INF] Expired 1 stale QR token(s); a replacement was pushed to the kiosk.
2026-07-19 13:41:59.782 +03:00 [INF] Expired 1 stale QR token(s); a replacement was pushed to the kiosk.
2026-07-19 13:42:19.774 +03:00 [INF] Expired 1 stale QR token(s); a replacement was pushed to the kiosk.
2026-07-19 13:42:39.786 +03:00 [INF] Expired 1 stale QR token(s); a replacement was pushed to the kiosk.
2026-07-19 13:42:59.771 +03:00 [INF] Expired 1 stale QR token(s); a replacement was pushed to the kiosk.
2026-07-19 13:43:19.775 +03:00 [INF] Expired 1 stale QR token(s); a replacement was pushed to the kiosk.
2026-07-19 13:43:39.778 +03:00 [INF] Expired 1 stale QR token(s); a replacement was pushed to the kiosk.
2026-07-19 13:43:59.784 +03:00 [INF] Expired 1 stale QR token(s); a replacement was pushed to the kiosk.
2026-07-19 13:44:19.792 +03:00 [INF] Expired 1 stale QR token(s); a replacement was pushed to the kiosk.
2026-07-19 13:44:39.766 +03:00 [INF] Expired 1 stale QR token(s); a replacement was pushed to the kiosk.
2026-07-19 13:44:54.800 +03:00 [INF] Expired 1 stale QR token(s); a replacement was pushed to the kiosk.
2026-07-19 13:45:14.779 +03:00 [INF] Expired 1 stale QR token(s); a replacement was pushed to the kiosk.
2026-07-19 13:45:34.778 +03:00 [INF] Expired 1 stale QR token(s); a replacement was pushed to the kiosk.
2026-07-19 13:45:54.778 +03:00 [INF] Expired 1 stale QR token(s); a replacement was pushed to the kiosk.
2026-07-19 13:46:09.793 +03:00 [INF] Expired 1 stale QR token(s); a replacement was pushed to the kiosk.
2026-07-19 13:46:29.771 +03:00 [INF] Expired 1 stale QR token(s); a replacement was pushed to the kiosk.
2026-07-19 13:46:49.773 +03:00 [INF] Expired 1 stale QR token(s); a replacement was pushed to the kiosk.
2026-07-19 13:47:04.789 +03:00 [INF] Expired 1 stale QR token(s); a replacement was pushed to the kiosk.
2026-07-19 13:47:24.783 +03:00 [INF] Expired 1 stale QR token(s); a replacement was pushed to the kiosk.
2026-07-19 13:47:44.767 +03:00 [INF] Expired 1 stale QR token(s); a replacement was pushed to the kiosk.
2026-07-19 13:47:59.781 +03:00 [INF] Expired 1 stale QR token(s); a replacement was pushed to the kiosk.
2026-07-19 13:48:19.775 +03:00 [INF] Expired 1 stale QR token(s); a replacement was pushed to the kiosk.
2026-07-19 13:48:34.780 +03:00 [INF] Expired 1 stale QR token(s); a replacement was pushed to the kiosk.
2026-07-19 13:48:54.775 +03:00 [INF] Expired 1 stale QR token(s); a replacement was pushed to the kiosk.
2026-07-19 13:49:14.790 +03:00 [INF] Expired 1 stale QR token(s); a replacement was pushed to the kiosk.
2026-07-19 13:49:34.784 +03:00 [INF] Expired 1 stale QR token(s); a replacement was pushed to the kiosk.
2026-07-19 13:49:54.767 +03:00 [INF] Expired 1 stale QR token(s); a replacement was pushed to the kiosk.
2026-07-19 13:50:09.784 +03:00 [INF] Expired 1 stale QR token(s); a replacement was pushed to the kiosk.
2026-07-19 13:50:29.774 +03:00 [INF] Expired 1 stale QR token(s); a replacement was pushed to the kiosk.
2026-07-19 13:50:49.775 +03:00 [INF] Expired 1 stale QR token(s); a replacement was pushed to the kiosk.
2026-07-19 13:51:09.778 +03:00 [INF] Expired 1 stale QR token(s); a replacement was pushed to the kiosk.
2026-07-19 13:51:29.782 +03:00 [INF] Expired 1 stale QR token(s); a replacement was pushed to the kiosk.
2026-07-19 13:51:49.774 +03:00 [INF] Expired 1 stale QR token(s); a replacement was pushed to the kiosk.
2026-07-19 13:52:04.775 +03:00 [INF] Expired 1 stale QR token(s); a replacement was pushed to the kiosk.
2026-07-19 13:52:24.767 +03:00 [INF] Expired 1 stale QR token(s); a replacement was pushed to the kiosk.
2026-07-19 13:52:39.794 +03:00 [INF] Expired 1 stale QR token(s); a replacement was pushed to the kiosk.
2026-07-19 13:52:59.777 +03:00 [INF] Expired 1 stale QR token(s); a replacement was pushed to the kiosk.
2026-07-19 13:53:14.780 +03:00 [INF] Expired 1 stale QR token(s); a replacement was pushed to the kiosk.
2026-07-19 13:53:34.781 +03:00 [INF] Expired 1 stale QR token(s); a replacement was pushed to the kiosk.
2026-07-19 13:53:54.794 +03:00 [INF] Expired 1 stale QR token(s); a replacement was pushed to the kiosk.
2026-07-19 13:54:14.770 +03:00 [INF] Expired 1 stale QR token(s); a replacement was pushed to the kiosk.
2026-07-19 13:54:34.767 +03:00 [INF] Expired 1 stale QR token(s); a replacement was pushed to the kiosk.
2026-07-19 13:54:49.781 +03:00 [INF] Expired 1 stale QR token(s); a replacement was pushed to the kiosk.
2026-07-19 13:55:09.780 +03:00 [INF] Expired 1 stale QR token(s); a replacement was pushed to the kiosk.
2026-07-19 13:55:29.779 +03:00 [INF] Expired 1 stale QR token(s); a replacement was pushed to the kiosk.
2026-07-19 13:55:49.772 +03:00 [INF] Expired 1 stale QR token(s); a replacement was pushed to the kiosk.
2026-07-19 13:56:04.794 +03:00 [INF] Expired 1 stale QR token(s); a replacement was pushed to the kiosk.
2026-07-19 13:56:24.780 +03:00 [INF] Expired 1 stale QR token(s); a replacement was pushed to the kiosk.
2026-07-19 13:56:44.771 +03:00 [INF] Expired 1 stale QR token(s); a replacement was pushed to the kiosk.
2026-07-19 13:57:04.793 +03:00 [INF] Expired 1 stale QR token(s); a replacement was pushed to the kiosk.
2026-07-19 13:57:24.781 +03:00 [INF] Expired 1 stale QR token(s); a replacement was pushed to the kiosk.
2026-07-19 13:57:44.768 +03:00 [INF] Expired 1 stale QR token(s); a replacement was pushed to the kiosk.
2026-07-19 13:58:04.786 +03:00 [INF] Expired 1 stale QR token(s); a replacement was pushed to the kiosk.
2026-07-19 13:58:24.767 +03:00 [INF] Expired 1 stale QR token(s); a replacement was pushed to the kiosk.
2026-07-19 13:58:39.782 +03:00 [INF] Expired 1 stale QR token(s); a replacement was pushed to the kiosk.
2026-07-19 13:58:59.770 +03:00 [INF] Expired 1 stale QR token(s); a replacement was pushed to the kiosk.
2026-07-19 13:59:14.780 +03:00 [INF] Expired 1 stale QR token(s); a replacement was pushed to the kiosk.
2026-07-19 13:59:34.782 +03:00 [INF] Expired 1 stale QR token(s); a replacement was pushed to the kiosk.
2026-07-19 13:59:54.774 +03:00 [INF] Expired 1 stale QR token(s); a replacement was pushed to the kiosk.
2026-07-19 14:00:09.783 +03:00 [INF] Expired 1 stale QR token(s); a replacement was pushed to the kiosk.
2026-07-19 14:00:29.782 +03:00 [INF] Expired 1 stale QR token(s); a replacement was pushed to the kiosk.
2026-07-19 14:00:49.767 +03:00 [INF] Expired 1 stale QR token(s); a replacement was pushed to the kiosk.
2026-07-19 14:01:09.774 +03:00 [INF] Expired 1 stale QR token(s); a replacement was pushed to the kiosk.
2026-07-19 14:01:24.781 +03:00 [INF] Expired 1 stale QR token(s); a replacement was pushed to the kiosk.
2026-07-19 14:01:44.775 +03:00 [INF] Expired 1 stale QR token(s); a replacement was pushed to the kiosk.
2026-07-19 14:02:04.772 +03:00 [INF] Expired 1 stale QR token(s); a replacement was pushed to the kiosk.
2026-07-19 14:02:24.778 +03:00 [INF] Expired 1 stale QR token(s); a replacement was pushed to the kiosk.
2026-07-19 14:02:39.791 +03:00 [INF] Expired 1 stale QR token(s); a replacement was pushed to the kiosk.
2026-07-19 14:02:59.772 +03:00 [INF] Expired 1 stale QR token(s); a replacement was pushed to the kiosk.
2026-07-19 14:03:19.779 +03:00 [INF] Expired 1 stale QR token(s); a replacement was pushed to the kiosk.
2026-07-19 14:03:34.791 +03:00 [INF] Expired 1 stale QR token(s); a replacement was pushed to the kiosk.
2026-07-19 14:03:54.785 +03:00 [INF] Expired 1 stale QR token(s); a replacement was pushed to the kiosk.
2026-07-19 14:04:14.781 +03:00 [INF] Expired 1 stale QR token(s); a replacement was pushed to the kiosk.
2026-07-19 14:04:34.771 +03:00 [INF] Expired 1 stale QR token(s); a replacement was pushed to the kiosk.
2026-07-19 14:04:49.784 +03:00 [INF] Expired 1 stale QR token(s); a replacement was pushed to the kiosk.
2026-07-19 14:05:09.780 +03:00 [INF] Expired 1 stale QR token(s); a replacement was pushed to the kiosk.
2026-07-19 14:05:29.779 +03:00 [INF] Expired 1 stale QR token(s); a replacement was pushed to the kiosk.
2026-07-19 14:05:49.788 +03:00 [INF] Expired 1 stale QR token(s); a replacement was pushed to the kiosk.
2026-07-19 14:06:09.782 +03:00 [INF] Expired 1 stale QR token(s); a replacement was pushed to the kiosk.
2026-07-19 14:06:29.779 +03:00 [INF] Expired 1 stale QR token(s); a replacement was pushed to the kiosk.
2026-07-19 14:06:49.795 +03:00 [INF] Expired 1 stale QR token(s); a replacement was pushed to the kiosk.
2026-07-19 14:07:09.774 +03:00 [INF] Expired 1 stale QR token(s); a replacement was pushed to the kiosk.
2026-07-19 14:07:24.782 +03:00 [INF] Expired 1 stale QR token(s); a replacement was pushed to the kiosk.
2026-07-19 14:07:44.775 +03:00 [INF] Expired 1 stale QR token(s); a replacement was pushed to the kiosk.
2026-07-19 14:07:59.790 +03:00 [INF] Expired 1 stale QR token(s); a replacement was pushed to the kiosk.
2026-07-19 14:08:19.775 +03:00 [INF] Expired 1 stale QR token(s); a replacement was pushed to the kiosk.
2026-07-19 14:08:34.783 +03:00 [INF] Expired 1 stale QR token(s); a replacement was pushed to the kiosk.
2026-07-19 14:08:54.774 +03:00 [INF] Expired 1 stale QR token(s); a replacement was pushed to the kiosk.
2026-07-19 14:09:09.780 +03:00 [INF] Expired 1 stale QR token(s); a replacement was pushed to the kiosk.
2026-07-19 14:09:29.769 +03:00 [INF] Expired 1 stale QR token(s); a replacement was pushed to the kiosk.
2026-07-19 14:09:44.780 +03:00 [INF] Expired 1 stale QR token(s); a replacement was pushed to the kiosk.
2026-07-19 14:10:04.768 +03:00 [INF] Expired 1 stale QR token(s); a replacement was pushed to the kiosk.
2026-07-19 14:10:19.780 +03:00 [INF] Expired 1 stale QR token(s); a replacement was pushed to the kiosk.
2026-07-19 14:10:39.784 +03:00 [INF] Expired 1 stale QR token(s); a replacement was pushed to the kiosk.
2026-07-19 14:10:59.766 +03:00 [INF] Expired 1 stale QR token(s); a replacement was pushed to the kiosk.
2026-07-19 14:11:14.809 +03:00 [INF] Expired 1 stale QR token(s); a replacement was pushed to the kiosk.
2026-07-19 14:11:34.774 +03:00 [INF] Expired 1 stale QR token(s); a replacement was pushed to the kiosk.
2026-07-19 14:11:54.770 +03:00 [INF] Expired 1 stale QR token(s); a replacement was pushed to the kiosk.
2026-07-19 14:12:14.769 +03:00 [INF] Expired 1 stale QR token(s); a replacement was pushed to the kiosk.
2026-07-19 14:12:29.783 +03:00 [INF] Expired 1 stale QR token(s); a replacement was pushed to the kiosk.
2026-07-19 14:12:49.786 +03:00 [INF] Expired 1 stale QR token(s); a replacement was pushed to the kiosk.
2026-07-19 14:13:04.819 +03:00 [INF] Expired 1 stale QR token(s); a replacement was pushed to the kiosk.
2026-07-19 14:13:24.779 +03:00 [INF] Expired 1 stale QR token(s); a replacement was pushed to the kiosk.
2026-07-19 14:13:44.783 +03:00 [INF] Expired 1 stale QR token(s); a replacement was pushed to the kiosk.
2026-07-19 14:14:04.777 +03:00 [INF] Expired 1 stale QR token(s); a replacement was pushed to the kiosk.
2026-07-19 14:14:24.766 +03:00 [INF] Expired 1 stale QR token(s); a replacement was pushed to the kiosk.
2026-07-19 14:14:39.783 +03:00 [INF] Expired 1 stale QR token(s); a replacement was pushed to the kiosk.
2026-07-19 14:14:59.781 +03:00 [INF] Expired 1 stale QR token(s); a replacement was pushed to the kiosk.
2026-07-19 14:15:19.768 +03:00 [INF] Expired 1 stale QR token(s); a replacement was pushed to the kiosk.
2026-07-19 14:15:34.777 +03:00 [INF] Expired 1 stale QR token(s); a replacement was pushed to the kiosk.
2026-07-19 14:15:54.782 +03:00 [INF] Expired 1 stale QR token(s); a replacement was pushed to the kiosk.
2026-07-19 14:16:14.770 +03:00 [INF] Expired 1 stale QR token(s); a replacement was pushed to the kiosk.
2026-07-19 14:16:29.778 +03:00 [INF] Expired 1 stale QR token(s); a replacement was pushed to the kiosk.
2026-07-19 14:16:49.784 +03:00 [INF] Expired 1 stale QR token(s); a replacement was pushed to the kiosk.
2026-07-19 14:17:04.796 +03:00 [INF] Expired 1 stale QR token(s); a replacement was pushed to the kiosk.
2026-07-19 14:17:24.787 +03:00 [INF] Expired 1 stale QR token(s); a replacement was pushed to the kiosk.
2026-07-19 14:17:44.791 +03:00 [INF] Expired 1 stale QR token(s); a replacement was pushed to the kiosk.
2026-07-19 14:18:04.778 +03:00 [INF] Expired 1 stale QR token(s); a replacement was pushed to the kiosk.
2026-07-19 14:18:24.776 +03:00 [INF] Expired 1 stale QR token(s); a replacement was pushed to the kiosk.
2026-07-19 14:18:39.777 +03:00 [INF] Expired 1 stale QR token(s); a replacement was pushed to the kiosk.
2026-07-19 14:18:59.769 +03:00 [INF] Expired 1 stale QR token(s); a replacement was pushed to the kiosk.
2026-07-19 14:19:14.777 +03:00 [INF] Expired 1 stale QR token(s); a replacement was pushed to the kiosk.
2026-07-19 14:19:34.791 +03:00 [INF] Expired 1 stale QR token(s); a replacement was pushed to the kiosk.
2026-07-19 14:19:54.774 +03:00 [INF] Expired 1 stale QR token(s); a replacement was pushed to the kiosk.
2026-07-19 14:20:14.776 +03:00 [INF] Expired 1 stale QR token(s); a replacement was pushed to the kiosk.
2026-07-19 14:20:29.783 +03:00 [INF] Expired 1 stale QR token(s); a replacement was pushed to the kiosk.
2026-07-19 14:20:49.777 +03:00 [INF] Expired 1 stale QR token(s); a replacement was pushed to the kiosk.
2026-07-19 14:21:09.774 +03:00 [INF] Expired 1 stale QR token(s); a replacement was pushed to the kiosk.
2026-07-19 14:21:29.783 +03:00 [INF] Expired 1 stale QR token(s); a replacement was pushed to the kiosk.
2026-07-19 14:21:49.770 +03:00 [INF] Expired 1 stale QR token(s); a replacement was pushed to the kiosk.
2026-07-19 14:22:04.776 +03:00 [INF] Expired 1 stale QR token(s); a replacement was pushed to the kiosk.
2026-07-19 14:22:24.775 +03:00 [INF] Expired 1 stale QR token(s); a replacement was pushed to the kiosk.
2026-07-19 14:22:44.775 +03:00 [INF] Expired 1 stale QR token(s); a replacement was pushed to the kiosk.
2026-07-19 14:22:59.778 +03:00 [INF] Expired 1 stale QR token(s); a replacement was pushed to the kiosk.
2026-07-19 14:23:19.774 +03:00 [INF] Expired 1 stale QR token(s); a replacement was pushed to the kiosk.
2026-07-19 14:23:34.786 +03:00 [INF] Expired 1 stale QR token(s); a replacement was pushed to the kiosk.
2026-07-19 14:23:54.772 +03:00 [INF] Expired 1 stale QR token(s); a replacement was pushed to the kiosk.
2026-07-19 14:24:14.773 +03:00 [INF] Expired 1 stale QR token(s); a replacement was pushed to the kiosk.
2026-07-19 14:24:34.770 +03:00 [INF] Expired 1 stale QR token(s); a replacement was pushed to the kiosk.
2026-07-19 14:24:54.777 +03:00 [INF] Expired 1 stale QR token(s); a replacement was pushed to the kiosk.
2026-07-19 14:25:14.773 +03:00 [INF] Expired 1 stale QR token(s); a replacement was pushed to the kiosk.
2026-07-19 14:25:34.776 +03:00 [INF] Expired 1 stale QR token(s); a replacement was pushed to the kiosk.
2026-07-19 14:25:54.771 +03:00 [INF] Expired 1 stale QR token(s); a replacement was pushed to the kiosk.
2026-07-19 14:26:14.769 +03:00 [INF] Expired 1 stale QR token(s); a replacement was pushed to the kiosk.
2026-07-19 14:26:34.779 +03:00 [INF] Expired 1 stale QR token(s); a replacement was pushed to the kiosk.
2026-07-19 14:26:54.787 +03:00 [INF] Expired 1 stale QR token(s); a replacement was pushed to the kiosk.
2026-07-19 14:27:14.777 +03:00 [INF] Expired 1 stale QR token(s); a replacement was pushed to the kiosk.
2026-07-19 14:27:34.783 +03:00 [INF] Expired 1 stale QR token(s); a replacement was pushed to the kiosk.
2026-07-19 14:27:54.794 +03:00 [INF] Expired 1 stale QR token(s); a replacement was pushed to the kiosk.
2026-07-19 14:28:14.779 +03:00 [INF] Expired 1 stale QR token(s); a replacement was pushed to the kiosk.
2026-07-19 14:28:29.780 +03:00 [INF] Expired 1 stale QR token(s); a replacement was pushed to the kiosk.
2026-07-19 14:28:49.779 +03:00 [INF] Expired 1 stale QR token(s); a replacement was pushed to the kiosk.
2026-07-19 14:29:04.787 +03:00 [INF] Expired 1 stale QR token(s); a replacement was pushed to the kiosk.
2026-07-19 14:29:24.768 +03:00 [INF] Expired 1 stale QR token(s); a replacement was pushed to the kiosk.
2026-07-19 14:29:44.792 +03:00 [INF] Expired 1 stale QR token(s); a replacement was pushed to the kiosk.
2026-07-19 14:30:04.788 +03:00 [INF] Expired 1 stale QR token(s); a replacement was pushed to the kiosk.
2026-07-19 14:30:24.782 +03:00 [INF] Expired 1 stale QR token(s); a replacement was pushed to the kiosk.
2026-07-19 14:30:44.790 +03:00 [INF] Expired 1 stale QR token(s); a replacement was pushed to the kiosk.
2026-07-19 14:31:04.783 +03:00 [INF] Expired 1 stale QR token(s); a replacement was pushed to the kiosk.
2026-07-19 14:31:24.782 +03:00 [INF] Expired 1 stale QR token(s); a replacement was pushed to the kiosk.
2026-07-19 14:31:44.781 +03:00 [INF] Expired 1 stale QR token(s); a replacement was pushed to the kiosk.
2026-07-19 14:31:59.788 +03:00 [INF] Expired 1 stale QR token(s); a replacement was pushed to the kiosk.
2026-07-19 14:32:19.781 +03:00 [INF] Expired 1 stale QR token(s); a replacement was pushed to the kiosk.
2026-07-19 14:32:34.789 +03:00 [INF] Expired 1 stale QR token(s); a replacement was pushed to the kiosk.
2026-07-19 14:32:54.772 +03:00 [INF] Expired 1 stale QR token(s); a replacement was pushed to the kiosk.
2026-07-19 14:33:09.779 +03:00 [INF] Expired 1 stale QR token(s); a replacement was pushed to the kiosk.
2026-07-19 14:33:29.793 +03:00 [INF] Expired 1 stale QR token(s); a replacement was pushed to the kiosk.
2026-07-19 14:33:49.784 +03:00 [INF] Expired 1 stale QR token(s); a replacement was pushed to the kiosk.
2026-07-19 14:34:09.781 +03:00 [INF] Expired 1 stale QR token(s); a replacement was pushed to the kiosk.
2026-07-19 14:34:29.788 +03:00 [INF] Expired 1 stale QR token(s); a replacement was pushed to the kiosk.
2026-07-19 14:34:49.774 +03:00 [INF] Expired 1 stale QR token(s); a replacement was pushed to the kiosk.
2026-07-19 14:35:04.779 +03:00 [INF] Expired 1 stale QR token(s); a replacement was pushed to the kiosk.
2026-07-19 14:35:24.768 +03:00 [INF] Expired 1 stale QR token(s); a replacement was pushed to the kiosk.
2026-07-19 14:35:39.794 +03:00 [INF] Expired 1 stale QR token(s); a replacement was pushed to the kiosk.
2026-07-19 14:35:59.768 +03:00 [INF] Expired 1 stale QR token(s); a replacement was pushed to the kiosk.
2026-07-19 14:36:19.767 +03:00 [INF] Expired 1 stale QR token(s); a replacement was pushed to the kiosk.
2026-07-19 14:36:34.779 +03:00 [INF] Expired 1 stale QR token(s); a replacement was pushed to the kiosk.
2026-07-19 14:36:54.779 +03:00 [INF] Expired 1 stale QR token(s); a replacement was pushed to the kiosk.
2026-07-19 14:37:14.770 +03:00 [INF] Expired 1 stale QR token(s); a replacement was pushed to the kiosk.
2026-07-19 14:37:29.779 +03:00 [INF] Expired 1 stale QR token(s); a replacement was pushed to the kiosk.
2026-07-19 14:37:49.772 +03:00 [INF] Expired 1 stale QR token(s); a replacement was pushed to the kiosk.
2026-07-19 14:38:09.778 +03:00 [INF] Expired 1 stale QR token(s); a replacement was pushed to the kiosk.
2026-07-19 14:38:29.767 +03:00 [INF] Expired 1 stale QR token(s); a replacement was pushed to the kiosk.
2026-07-19 14:38:44.772 +03:00 [INF] Expired 1 stale QR token(s); a replacement was pushed to the kiosk.
2026-07-19 14:38:59.792 +03:00 [INF] Expired 1 stale QR token(s); a replacement was pushed to the kiosk.
2026-07-19 14:39:19.777 +03:00 [INF] Expired 1 stale QR token(s); a replacement was pushed to the kiosk.
2026-07-19 14:39:39.780 +03:00 [INF] Expired 1 stale QR token(s); a replacement was pushed to the kiosk.
2026-07-19 14:39:59.785 +03:00 [INF] Expired 1 stale QR token(s); a replacement was pushed to the kiosk.
2026-07-19 14:40:19.774 +03:00 [INF] Expired 1 stale QR token(s); a replacement was pushed to the kiosk.
2026-07-19 14:40:39.782 +03:00 [INF] Expired 1 stale QR token(s); a replacement was pushed to the kiosk.
2026-07-19 14:40:59.777 +03:00 [INF] Expired 1 stale QR token(s); a replacement was pushed to the kiosk.
2026-07-19 14:41:19.780 +03:00 [INF] Expired 1 stale QR token(s); a replacement was pushed to the kiosk.
2026-07-19 14:41:39.771 +03:00 [INF] Expired 1 stale QR token(s); a replacement was pushed to the kiosk.
2026-07-19 14:41:59.774 +03:00 [INF] Expired 1 stale QR token(s); a replacement was pushed to the kiosk.
2026-07-19 14:42:19.771 +03:00 [INF] Expired 1 stale QR token(s); a replacement was pushed to the kiosk.
2026-07-19 14:42:34.776 +03:00 [INF] Expired 1 stale QR token(s); a replacement was pushed to the kiosk.
2026-07-19 14:42:54.803 +03:00 [INF] Expired 1 stale QR token(s); a replacement was pushed to the kiosk.
2026-07-19 14:43:14.792 +03:00 [INF] Expired 1 stale QR token(s); a replacement was pushed to the kiosk.
2026-07-19 14:43:34.776 +03:00 [INF] Expired 1 stale QR token(s); a replacement was pushed to the kiosk.
2026-07-19 14:43:49.778 +03:00 [INF] Expired 1 stale QR token(s); a replacement was pushed to the kiosk.
2026-07-19 14:44:09.780 +03:00 [INF] Expired 1 stale QR token(s); a replacement was pushed to the kiosk.
2026-07-19 14:44:29.779 +03:00 [INF] Expired 1 stale QR token(s); a replacement was pushed to the kiosk.
2026-07-19 14:44:36.233 +03:00 [INF] HTTP POST /hubs/attendance/negotiate responded 200 in 8.6328 ms
2026-07-19 14:44:44.784 +03:00 [INF] Expired 1 stale QR token(s); a replacement was pushed to the kiosk.
2026-07-19 14:45:04.788 +03:00 [INF] Expired 1 stale QR token(s); a replacement was pushed to the kiosk.
2026-07-19 14:45:24.779 +03:00 [INF] Expired 1 stale QR token(s); a replacement was pushed to the kiosk.
2026-07-19 14:45:44.771 +03:00 [INF] Expired 1 stale QR token(s); a replacement was pushed to the kiosk.
2026-07-19 14:46:04.776 +03:00 [INF] Expired 1 stale QR token(s); a replacement was pushed to the kiosk.
2026-07-19 14:46:24.775 +03:00 [INF] Expired 1 stale QR token(s); a replacement was pushed to the kiosk.
2026-07-19 14:46:39.781 +03:00 [INF] Expired 1 stale QR token(s); a replacement was pushed to the kiosk.
2026-07-19 14:46:59.767 +03:00 [INF] Expired 1 stale QR token(s); a replacement was pushed to the kiosk.
2026-07-19 14:47:19.774 +03:00 [INF] Expired 1 stale QR token(s); a replacement was pushed to the kiosk.
2026-07-19 14:47:39.792 +03:00 [INF] Expired 1 stale QR token(s); a replacement was pushed to the kiosk.
2026-07-19 14:47:59.773 +03:00 [INF] Expired 1 stale QR token(s); a replacement was pushed to the kiosk.
2026-07-19 14:48:19.770 +03:00 [INF] Expired 1 stale QR token(s); a replacement was pushed to the kiosk.
2026-07-19 14:48:34.779 +03:00 [INF] Expired 1 stale QR token(s); a replacement was pushed to the kiosk.
2026-07-19 14:48:49.786 +03:00 [INF] Expired 1 stale QR token(s); a replacement was pushed to the kiosk.
2026-07-19 14:49:09.776 +03:00 [INF] Expired 1 stale QR token(s); a replacement was pushed to the kiosk.
2026-07-19 14:49:29.774 +03:00 [INF] Expired 1 stale QR token(s); a replacement was pushed to the kiosk.
2026-07-19 14:49:44.782 +03:00 [INF] Expired 1 stale QR token(s); a replacement was pushed to the kiosk.
2026-07-19 14:50:04.776 +03:00 [INF] Expired 1 stale QR token(s); a replacement was pushed to the kiosk.
2026-07-19 14:50:19.778 +03:00 [INF] Expired 1 stale QR token(s); a replacement was pushed to the kiosk.
2026-07-19 14:50:39.775 +03:00 [INF] Expired 1 stale QR token(s); a replacement was pushed to the kiosk.
2026-07-19 14:50:59.780 +03:00 [INF] Expired 1 stale QR token(s); a replacement was pushed to the kiosk.
2026-07-19 14:51:19.768 +03:00 [INF] Expired 1 stale QR token(s); a replacement was pushed to the kiosk.
2026-07-19 14:51:34.777 +03:00 [INF] Expired 1 stale QR token(s); a replacement was pushed to the kiosk.
2026-07-19 14:51:54.773 +03:00 [INF] Expired 1 stale QR token(s); a replacement was pushed to the kiosk.
2026-07-19 14:52:09.790 +03:00 [INF] Expired 1 stale QR token(s); a replacement was pushed to the kiosk.
2026-07-19 14:52:29.777 +03:00 [INF] Expired 1 stale QR token(s); a replacement was pushed to the kiosk.
2026-07-19 14:52:49.775 +03:00 [INF] Expired 1 stale QR token(s); a replacement was pushed to the kiosk.
2026-07-19 14:53:09.785 +03:00 [INF] Expired 1 stale QR token(s); a replacement was pushed to the kiosk.
2026-07-19 14:53:29.770 +03:00 [INF] Expired 1 stale QR token(s); a replacement was pushed to the kiosk.
2026-07-19 14:53:49.777 +03:00 [INF] Expired 1 stale QR token(s); a replacement was pushed to the kiosk.
2026-07-19 14:54:09.773 +03:00 [INF] Expired 1 stale QR token(s); a replacement was pushed to the kiosk.
2026-07-19 14:54:29.781 +03:00 [INF] Expired 1 stale QR token(s); a replacement was pushed to the kiosk.
2026-07-19 14:54:49.777 +03:00 [INF] Expired 1 stale QR token(s); a replacement was pushed to the kiosk.
2026-07-19 14:55:09.770 +03:00 [INF] Expired 1 stale QR token(s); a replacement was pushed to the kiosk.
2026-07-19 14:55:24.789 +03:00 [INF] Expired 1 stale QR token(s); a replacement was pushed to the kiosk.
2026-07-19 14:55:44.771 +03:00 [INF] Expired 1 stale QR token(s); a replacement was pushed to the kiosk.
2026-07-19 14:55:59.780 +03:00 [INF] Expired 1 stale QR token(s); a replacement was pushed to the kiosk.
2026-07-19 14:56:19.769 +03:00 [INF] Expired 1 stale QR token(s); a replacement was pushed to the kiosk.
2026-07-19 14:56:34.789 +03:00 [INF] Expired 1 stale QR token(s); a replacement was pushed to the kiosk.
2026-07-19 14:56:54.781 +03:00 [INF] Expired 1 stale QR token(s); a replacement was pushed to the kiosk.
2026-07-19 14:57:14.775 +03:00 [INF] Expired 1 stale QR token(s); a replacement was pushed to the kiosk.
2026-07-19 14:57:29.792 +03:00 [INF] Expired 1 stale QR token(s); a replacement was pushed to the kiosk.
2026-07-19 14:57:49.771 +03:00 [INF] Expired 1 stale QR token(s); a replacement was pushed to the kiosk.
2026-07-19 14:58:04.777 +03:00 [INF] Expired 1 stale QR token(s); a replacement was pushed to the kiosk.
2026-07-19 14:58:24.783 +03:00 [INF] Expired 1 stale QR token(s); a replacement was pushed to the kiosk.
2026-07-19 14:58:39.790 +03:00 [INF] Expired 1 stale QR token(s); a replacement was pushed to the kiosk.
2026-07-19 14:58:59.773 +03:00 [INF] Expired 1 stale QR token(s); a replacement was pushed to the kiosk.
2026-07-19 14:59:19.772 +03:00 [INF] Expired 1 stale QR token(s); a replacement was pushed to the kiosk.
2026-07-19 14:59:34.775 +03:00 [INF] Expired 1 stale QR token(s); a replacement was pushed to the kiosk.
2026-07-19 14:59:49.788 +03:00 [INF] Expired 1 stale QR token(s); a replacement was pushed to the kiosk.
2026-07-19 15:00:09.779 +03:00 [INF] Expired 1 stale QR token(s); a replacement was pushed to the kiosk.
2026-07-19 15:00:29.775 +03:00 [INF] Expired 1 stale QR token(s); a replacement was pushed to the kiosk.
2026-07-19 15:00:49.785 +03:00 [INF] Expired 1 stale QR token(s); a replacement was pushed to the kiosk.
2026-07-19 15:01:09.770 +03:00 [INF] Expired 1 stale QR token(s); a replacement was pushed to the kiosk.
2026-07-19 15:01:29.777 +03:00 [INF] Expired 1 stale QR token(s); a replacement was pushed to the kiosk.
2026-07-19 15:01:49.777 +03:00 [INF] Expired 1 stale QR token(s); a replacement was pushed to the kiosk.
2026-07-19 15:02:09.769 +03:00 [INF] Expired 1 stale QR token(s); a replacement was pushed to the kiosk.
2026-07-19 15:02:24.771 +03:00 [INF] Expired 1 stale QR token(s); a replacement was pushed to the kiosk.
2026-07-19 15:02:39.781 +03:00 [INF] Expired 1 stale QR token(s); a replacement was pushed to the kiosk.
2026-07-19 15:02:59.774 +03:00 [INF] Expired 1 stale QR token(s); a replacement was pushed to the kiosk.
2026-07-19 15:03:19.776 +03:00 [INF] Expired 1 stale QR token(s); a replacement was pushed to the kiosk.
2026-07-19 15:03:34.779 +03:00 [INF] Expired 1 stale QR token(s); a replacement was pushed to the kiosk.
2026-07-19 15:03:54.779 +03:00 [INF] Expired 1 stale QR token(s); a replacement was pushed to the kiosk.
2026-07-19 15:04:09.794 +03:00 [INF] Expired 1 stale QR token(s); a replacement was pushed to the kiosk.
2026-07-19 15:04:29.781 +03:00 [INF] Expired 1 stale QR token(s); a replacement was pushed to the kiosk.
2026-07-19 15:04:49.775 +03:00 [INF] Expired 1 stale QR token(s); a replacement was pushed to the kiosk.
2026-07-19 15:05:09.777 +03:00 [INF] Expired 1 stale QR token(s); a replacement was pushed to the kiosk.
2026-07-19 15:05:29.773 +03:00 [INF] Expired 1 stale QR token(s); a replacement was pushed to the kiosk.
2026-07-19 15:05:44.782 +03:00 [INF] Expired 1 stale QR token(s); a replacement was pushed to the kiosk.
2026-07-19 15:06:04.777 +03:00 [INF] Expired 1 stale QR token(s); a replacement was pushed to the kiosk.
2026-07-19 15:06:24.782 +03:00 [INF] Expired 1 stale QR token(s); a replacement was pushed to the kiosk.
2026-07-19 15:06:44.779 +03:00 [INF] Expired 1 stale QR token(s); a replacement was pushed to the kiosk.
2026-07-19 15:07:04.776 +03:00 [INF] Expired 1 stale QR token(s); a replacement was pushed to the kiosk.
2026-07-19 15:07:24.779 +03:00 [INF] Expired 1 stale QR token(s); a replacement was pushed to the kiosk.
2026-07-19 15:07:44.774 +03:00 [INF] Expired 1 stale QR token(s); a replacement was pushed to the kiosk.
2026-07-19 15:08:04.774 +03:00 [INF] Expired 1 stale QR token(s); a replacement was pushed to the kiosk.
2026-07-19 15:08:24.777 +03:00 [INF] Expired 1 stale QR token(s); a replacement was pushed to the kiosk.
2026-07-19 15:08:44.782 +03:00 [INF] Expired 1 stale QR token(s); a replacement was pushed to the kiosk.
2026-07-19 15:09:04.766 +03:00 [INF] Expired 1 stale QR token(s); a replacement was pushed to the kiosk.
2026-07-19 15:09:19.777 +03:00 [INF] Expired 1 stale QR token(s); a replacement was pushed to the kiosk.
2026-07-19 15:09:34.783 +03:00 [INF] Expired 1 stale QR token(s); a replacement was pushed to the kiosk.
2026-07-19 15:09:54.776 +03:00 [INF] Expired 1 stale QR token(s); a replacement was pushed to the kiosk.
2026-07-19 15:10:09.780 +03:00 [INF] Expired 1 stale QR token(s); a replacement was pushed to the kiosk.
2026-07-19 15:10:29.774 +03:00 [INF] Expired 1 stale QR token(s); a replacement was pushed to the kiosk.
2026-07-19 15:10:44.785 +03:00 [INF] Expired 1 stale QR token(s); a replacement was pushed to the kiosk.
2026-07-19 15:11:04.768 +03:00 [INF] Expired 1 stale QR token(s); a replacement was pushed to the kiosk.
2026-07-19 15:11:19.779 +03:00 [INF] Expired 1 stale QR token(s); a replacement was pushed to the kiosk.
2026-07-19 15:11:39.780 +03:00 [INF] Expired 1 stale QR token(s); a replacement was pushed to the kiosk.
2026-07-19 15:11:59.771 +03:00 [INF] Expired 1 stale QR token(s); a replacement was pushed to the kiosk.
2026-07-19 15:12:19.774 +03:00 [INF] Expired 1 stale QR token(s); a replacement was pushed to the kiosk.
2026-07-19 15:12:39.776 +03:00 [INF] Expired 1 stale QR token(s); a replacement was pushed to the kiosk.
2026-07-19 15:12:59.776 +03:00 [INF] Expired 1 stale QR token(s); a replacement was pushed to the kiosk.
2026-07-19 15:13:19.769 +03:00 [INF] Expired 1 stale QR token(s); a replacement was pushed to the kiosk.
2026-07-19 15:13:39.765 +03:00 [INF] Expired 1 stale QR token(s); a replacement was pushed to the kiosk.
2026-07-19 15:13:59.788 +03:00 [INF] Expired 1 stale QR token(s); a replacement was pushed to the kiosk.
2026-07-19 15:14:19.781 +03:00 [INF] Expired 1 stale QR token(s); a replacement was pushed to the kiosk.
2026-07-19 15:14:39.776 +03:00 [INF] Expired 1 stale QR token(s); a replacement was pushed to the kiosk.
2026-07-19 15:14:54.829 +03:00 [INF] Expired 1 stale QR token(s); a replacement was pushed to the kiosk.
2026-07-19 15:15:14.782 +03:00 [INF] Expired 1 stale QR token(s); a replacement was pushed to the kiosk.
2026-07-19 15:15:34.797 +03:00 [INF] Expired 1 stale QR token(s); a replacement was pushed to the kiosk.
2026-07-19 15:15:54.779 +03:00 [INF] Expired 1 stale QR token(s); a replacement was pushed to the kiosk.
2026-07-19 15:16:09.790 +03:00 [INF] Expired 1 stale QR token(s); a replacement was pushed to the kiosk.
2026-07-19 15:16:29.771 +03:00 [INF] Expired 1 stale QR token(s); a replacement was pushed to the kiosk.
2026-07-19 15:16:44.780 +03:00 [INF] Expired 1 stale QR token(s); a replacement was pushed to the kiosk.
2026-07-19 15:17:04.780 +03:00 [INF] Expired 1 stale QR token(s); a replacement was pushed to the kiosk.
2026-07-19 15:17:24.787 +03:00 [INF] Expired 1 stale QR token(s); a replacement was pushed to the kiosk.
2026-07-19 15:17:44.772 +03:00 [INF] Expired 1 stale QR token(s); a replacement was pushed to the kiosk.
2026-07-19 15:17:59.781 +03:00 [INF] Expired 1 stale QR token(s); a replacement was pushed to the kiosk.
2026-07-19 15:18:19.781 +03:00 [INF] Expired 1 stale QR token(s); a replacement was pushed to the kiosk.
2026-07-19 15:18:39.775 +03:00 [INF] Expired 1 stale QR token(s); a replacement was pushed to the kiosk.
2026-07-19 15:18:59.769 +03:00 [INF] Expired 1 stale QR token(s); a replacement was pushed to the kiosk.
2026-07-19 15:19:14.784 +03:00 [INF] Expired 1 stale QR token(s); a replacement was pushed to the kiosk.
2026-07-19 15:19:29.796 +03:00 [INF] Expired 1 stale QR token(s); a replacement was pushed to the kiosk.
2026-07-19 15:19:49.775 +03:00 [INF] Expired 1 stale QR token(s); a replacement was pushed to the kiosk.
2026-07-19 15:20:09.774 +03:00 [INF] Expired 1 stale QR token(s); a replacement was pushed to the kiosk.
2026-07-19 15:20:29.782 +03:00 [INF] Expired 1 stale QR token(s); a replacement was pushed to the kiosk.
2026-07-19 15:20:49.779 +03:00 [INF] Expired 1 stale QR token(s); a replacement was pushed to the kiosk.
2026-07-19 15:21:09.777 +03:00 [INF] Expired 1 stale QR token(s); a replacement was pushed to the kiosk.
2026-07-19 15:21:29.778 +03:00 [INF] Expired 1 stale QR token(s); a replacement was pushed to the kiosk.
2026-07-19 15:21:49.796 +03:00 [INF] Expired 1 stale QR token(s); a replacement was pushed to the kiosk.
2026-07-19 15:22:09.781 +03:00 [INF] Expired 1 stale QR token(s); a replacement was pushed to the kiosk.
2026-07-19 15:22:29.772 +03:00 [INF] Expired 1 stale QR token(s); a replacement was pushed to the kiosk.
2026-07-19 15:22:49.784 +03:00 [INF] Expired 1 stale QR token(s); a replacement was pushed to the kiosk.
2026-07-19 15:23:09.777 +03:00 [INF] Expired 1 stale QR token(s); a replacement was pushed to the kiosk.
2026-07-19 15:23:29.781 +03:00 [INF] Expired 1 stale QR token(s); a replacement was pushed to the kiosk.
2026-07-19 15:23:49.781 +03:00 [INF] Expired 1 stale QR token(s); a replacement was pushed to the kiosk.
2026-07-19 15:24:09.775 +03:00 [INF] Expired 1 stale QR token(s); a replacement was pushed to the kiosk.
2026-07-19 15:24:29.781 +03:00 [INF] Expired 1 stale QR token(s); a replacement was pushed to the kiosk.
2026-07-19 15:24:44.794 +03:00 [INF] Expired 1 stale QR token(s); a replacement was pushed to the kiosk.
2026-07-19 15:25:04.785 +03:00 [INF] Expired 1 stale QR token(s); a replacement was pushed to the kiosk.
2026-07-19 15:25:24.784 +03:00 [INF] Expired 1 stale QR token(s); a replacement was pushed to the kiosk.
2026-07-19 15:25:44.778 +03:00 [INF] Expired 1 stale QR token(s); a replacement was pushed to the kiosk.
2026-07-19 15:25:53.986 +03:00 [INF] HTTP GET /hubs/attendance responded 101 in 2477074.0003 ms
2026-07-19 15:25:59.781 +03:00 [INF] Expired 1 stale QR token(s); a replacement was pushed to the kiosk.
2026-07-19 15:26:19.778 +03:00 [INF] Expired 1 stale QR token(s); a replacement was pushed to the kiosk.
2026-07-19 15:26:39.772 +03:00 [INF] Expired 1 stale QR token(s); a replacement was pushed to the kiosk.
2026-07-19 15:26:54.780 +03:00 [INF] Expired 1 stale QR token(s); a replacement was pushed to the kiosk.
2026-07-19 15:27:14.782 +03:00 [INF] Expired 1 stale QR token(s); a replacement was pushed to the kiosk.
2026-07-19 15:27:34.778 +03:00 [INF] Expired 1 stale QR token(s); a replacement was pushed to the kiosk.
2026-07-19 15:27:54.775 +03:00 [INF] Expired 1 stale QR token(s); a replacement was pushed to the kiosk.
2026-07-19 15:28:14.782 +03:00 [INF] Expired 1 stale QR token(s); a replacement was pushed to the kiosk.
2026-07-19 15:28:34.771 +03:00 [INF] Expired 1 stale QR token(s); a replacement was pushed to the kiosk.
2026-07-19 15:28:49.776 +03:00 [INF] Expired 1 stale QR token(s); a replacement was pushed to the kiosk.
2026-07-19 15:29:09.781 +03:00 [INF] Expired 1 stale QR token(s); a replacement was pushed to the kiosk.
2026-07-19 15:29:29.778 +03:00 [INF] Expired 1 stale QR token(s); a replacement was pushed to the kiosk.
2026-07-19 15:29:49.782 +03:00 [INF] Expired 1 stale QR token(s); a replacement was pushed to the kiosk.
2026-07-19 15:30:09.770 +03:00 [INF] Expired 1 stale QR token(s); a replacement was pushed to the kiosk.
2026-07-19 15:30:29.776 +03:00 [INF] Expired 1 stale QR token(s); a replacement was pushed to the kiosk.
2026-07-19 15:30:49.779 +03:00 [INF] Expired 1 stale QR token(s); a replacement was pushed to the kiosk.
2026-07-19 15:31:09.781 +03:00 [INF] Expired 1 stale QR token(s); a replacement was pushed to the kiosk.
2026-07-19 15:31:29.770 +03:00 [INF] Expired 1 stale QR token(s); a replacement was pushed to the kiosk.
2026-07-19 15:31:49.776 +03:00 [INF] Expired 1 stale QR token(s); a replacement was pushed to the kiosk.
2026-07-19 15:32:09.772 +03:00 [INF] Expired 1 stale QR token(s); a replacement was pushed to the kiosk.
2026-07-19 15:32:24.780 +03:00 [INF] Expired 1 stale QR token(s); a replacement was pushed to the kiosk.
2026-07-19 15:32:44.775 +03:00 [INF] Expired 1 stale QR token(s); a replacement was pushed to the kiosk.
2026-07-19 15:33:04.775 +03:00 [INF] Expired 1 stale QR token(s); a replacement was pushed to the kiosk.
2026-07-19 15:33:24.769 +03:00 [INF] Expired 1 stale QR token(s); a replacement was pushed to the kiosk.
2026-07-19 15:33:44.787 +03:00 [INF] Expired 1 stale QR token(s); a replacement was pushed to the kiosk.
2026-07-19 15:34:04.779 +03:00 [INF] Expired 1 stale QR token(s); a replacement was pushed to the kiosk.
2026-07-19 15:34:24.781 +03:00 [INF] Expired 1 stale QR token(s); a replacement was pushed to the kiosk.
2026-07-19 15:34:44.779 +03:00 [INF] Expired 1 stale QR token(s); a replacement was pushed to the kiosk.
2026-07-19 15:35:04.775 +03:00 [INF] Expired 1 stale QR token(s); a replacement was pushed to the kiosk.
2026-07-19 15:35:24.781 +03:00 [INF] Expired 1 stale QR token(s); a replacement was pushed to the kiosk.
2026-07-19 15:35:44.781 +03:00 [INF] Expired 1 stale QR token(s); a replacement was pushed to the kiosk.
2026-07-19 15:36:04.773 +03:00 [INF] Expired 1 stale QR token(s); a replacement was pushed to the kiosk.
2026-07-19 15:36:24.767 +03:00 [INF] Expired 1 stale QR token(s); a replacement was pushed to the kiosk.
2026-07-19 15:36:39.772 +03:00 [INF] Expired 1 stale QR token(s); a replacement was pushed to the kiosk.
2026-07-19 15:36:54.776 +03:00 [INF] Expired 1 stale QR token(s); a replacement was pushed to the kiosk.
2026-07-19 15:37:09.783 +03:00 [INF] Expired 1 stale QR token(s); a replacement was pushed to the kiosk.
2026-07-19 15:37:29.771 +03:00 [INF] Expired 1 stale QR token(s); a replacement was pushed to the kiosk.
2026-07-19 15:37:49.779 +03:00 [INF] Expired 1 stale QR token(s); a replacement was pushed to the kiosk.
2026-07-19 15:38:09.783 +03:00 [INF] Expired 1 stale QR token(s); a replacement was pushed to the kiosk.
2026-07-19 15:38:29.782 +03:00 [INF] Expired 1 stale QR token(s); a replacement was pushed to the kiosk.
2026-07-19 15:38:49.774 +03:00 [INF] Expired 1 stale QR token(s); a replacement was pushed to the kiosk.
2026-07-19 15:39:09.770 +03:00 [INF] Expired 1 stale QR token(s); a replacement was pushed to the kiosk.
2026-07-19 15:39:24.781 +03:00 [INF] Expired 1 stale QR token(s); a replacement was pushed to the kiosk.
2026-07-19 15:39:44.774 +03:00 [INF] Expired 1 stale QR token(s); a replacement was pushed to the kiosk.
2026-07-19 15:40:04.768 +03:00 [INF] Expired 1 stale QR token(s); a replacement was pushed to the kiosk.
2026-07-19 15:40:19.780 +03:00 [INF] Expired 1 stale QR token(s); a replacement was pushed to the kiosk.
2026-07-19 15:40:34.783 +03:00 [INF] Expired 1 stale QR token(s); a replacement was pushed to the kiosk.
2026-07-19 15:40:54.768 +03:00 [INF] Expired 1 stale QR token(s); a replacement was pushed to the kiosk.
2026-07-19 15:41:14.782 +03:00 [INF] Expired 1 stale QR token(s); a replacement was pushed to the kiosk.
2026-07-19 15:41:34.775 +03:00 [INF] Expired 1 stale QR token(s); a replacement was pushed to the kiosk.
2026-07-19 15:41:54.779 +03:00 [INF] Expired 1 stale QR token(s); a replacement was pushed to the kiosk.
2026-07-19 15:42:14.768 +03:00 [INF] Expired 1 stale QR token(s); a replacement was pushed to the kiosk.
2026-07-19 15:42:34.781 +03:00 [INF] Expired 1 stale QR token(s); a replacement was pushed to the kiosk.
2026-07-19 15:42:54.779 +03:00 [INF] Expired 1 stale QR token(s); a replacement was pushed to the kiosk.
2026-07-19 15:43:14.766 +03:00 [INF] Expired 1 stale QR token(s); a replacement was pushed to the kiosk.
2026-07-19 15:43:29.777 +03:00 [INF] Expired 1 stale QR token(s); a replacement was pushed to the kiosk.
2026-07-19 15:43:49.775 +03:00 [INF] Expired 1 stale QR token(s); a replacement was pushed to the kiosk.
2026-07-19 15:44:04.780 +03:00 [INF] Expired 1 stale QR token(s); a replacement was pushed to the kiosk.
2026-07-19 15:44:24.776 +03:00 [INF] Expired 1 stale QR token(s); a replacement was pushed to the kiosk.
2026-07-19 15:44:44.778 +03:00 [INF] Expired 1 stale QR token(s); a replacement was pushed to the kiosk.
2026-07-19 15:45:04.783 +03:00 [INF] Expired 1 stale QR token(s); a replacement was pushed to the kiosk.
2026-07-19 15:45:24.767 +03:00 [INF] Expired 1 stale QR token(s); a replacement was pushed to the kiosk.
2026-07-19 15:45:39.781 +03:00 [INF] Expired 1 stale QR token(s); a replacement was pushed to the kiosk.
2026-07-19 15:45:59.773 +03:00 [INF] Expired 1 stale QR token(s); a replacement was pushed to the kiosk.
2026-07-19 15:46:19.767 +03:00 [INF] Expired 1 stale QR token(s); a replacement was pushed to the kiosk.
2026-07-19 15:46:34.781 +03:00 [INF] Expired 1 stale QR token(s); a replacement was pushed to the kiosk.
2026-07-19 15:46:54.789 +03:00 [INF] Expired 1 stale QR token(s); a replacement was pushed to the kiosk.
2026-07-19 15:47:14.773 +03:00 [INF] Expired 1 stale QR token(s); a replacement was pushed to the kiosk.
2026-07-19 15:47:34.770 +03:00 [INF] Expired 1 stale QR token(s); a replacement was pushed to the kiosk.
2026-07-19 15:47:49.778 +03:00 [INF] Expired 1 stale QR token(s); a replacement was pushed to the kiosk.
2026-07-19 15:48:09.772 +03:00 [INF] Expired 1 stale QR token(s); a replacement was pushed to the kiosk.
2026-07-19 15:48:24.779 +03:00 [INF] Expired 1 stale QR token(s); a replacement was pushed to the kiosk.
2026-07-19 15:48:44.772 +03:00 [INF] Expired 1 stale QR token(s); a replacement was pushed to the kiosk.
2026-07-19 15:49:04.780 +03:00 [INF] Expired 1 stale QR token(s); a replacement was pushed to the kiosk.
2026-07-19 15:49:24.776 +03:00 [INF] Expired 1 stale QR token(s); a replacement was pushed to the kiosk.
2026-07-19 15:49:44.768 +03:00 [INF] Expired 1 stale QR token(s); a replacement was pushed to the kiosk.
2026-07-19 15:49:59.776 +03:00 [INF] Expired 1 stale QR token(s); a replacement was pushed to the kiosk.
2026-07-19 15:50:19.786 +03:00 [INF] Expired 1 stale QR token(s); a replacement was pushed to the kiosk.
2026-07-19 15:50:39.780 +03:00 [INF] Expired 1 stale QR token(s); a replacement was pushed to the kiosk.
2026-07-19 15:50:59.768 +03:00 [INF] Expired 1 stale QR token(s); a replacement was pushed to the kiosk.
2026-07-19 15:51:14.781 +03:00 [INF] Expired 1 stale QR token(s); a replacement was pushed to the kiosk.
2026-07-19 15:51:34.779 +03:00 [INF] Expired 1 stale QR token(s); a replacement was pushed to the kiosk.
2026-07-19 15:51:54.773 +03:00 [INF] Expired 1 stale QR token(s); a replacement was pushed to the kiosk.
2026-07-19 15:52:14.766 +03:00 [INF] Expired 1 stale QR token(s); a replacement was pushed to the kiosk.
2026-07-19 15:52:29.788 +03:00 [INF] Expired 1 stale QR token(s); a replacement was pushed to the kiosk.
2026-07-19 15:52:49.772 +03:00 [INF] Expired 1 stale QR token(s); a replacement was pushed to the kiosk.
2026-07-19 15:53:09.783 +03:00 [INF] Expired 1 stale QR token(s); a replacement was pushed to the kiosk.
2026-07-19 15:53:29.782 +03:00 [INF] Expired 1 stale QR token(s); a replacement was pushed to the kiosk.
2026-07-19 15:53:49.780 +03:00 [INF] Expired 1 stale QR token(s); a replacement was pushed to the kiosk.
2026-07-19 15:54:04.797 +03:00 [INF] Expired 1 stale QR token(s); a replacement was pushed to the kiosk.
2026-07-19 15:54:24.785 +03:00 [INF] Expired 1 stale QR token(s); a replacement was pushed to the kiosk.
2026-07-19 15:54:44.786 +03:00 [INF] Expired 1 stale QR token(s); a replacement was pushed to the kiosk.
2026-07-19 15:55:04.786 +03:00 [INF] Expired 1 stale QR token(s); a replacement was pushed to the kiosk.
2026-07-19 15:55:24.785 +03:00 [INF] Expired 1 stale QR token(s); a replacement was pushed to the kiosk.
2026-07-19 15:55:44.782 +03:00 [INF] Expired 1 stale QR token(s); a replacement was pushed to the kiosk.
2026-07-19 15:56:04.770 +03:00 [INF] Expired 1 stale QR token(s); a replacement was pushed to the kiosk.
2026-07-19 15:56:19.782 +03:00 [INF] Expired 1 stale QR token(s); a replacement was pushed to the kiosk.
2026-07-19 15:56:39.783 +03:00 [INF] Expired 1 stale QR token(s); a replacement was pushed to the kiosk.
2026-07-19 15:56:54.788 +03:00 [INF] Expired 1 stale QR token(s); a replacement was pushed to the kiosk.
2026-07-19 15:57:14.772 +03:00 [INF] Expired 1 stale QR token(s); a replacement was pushed to the kiosk.
2026-07-19 15:57:34.770 +03:00 [INF] Expired 1 stale QR token(s); a replacement was pushed to the kiosk.
2026-07-19 15:57:54.799 +03:00 [INF] Expired 1 stale QR token(s); a replacement was pushed to the kiosk.
2026-07-19 15:58:14.780 +03:00 [INF] Expired 1 stale QR token(s); a replacement was pushed to the kiosk.
2026-07-19 15:58:29.799 +03:00 [INF] Expired 1 stale QR token(s); a replacement was pushed to the kiosk.
2026-07-19 15:58:49.779 +03:00 [INF] Expired 1 stale QR token(s); a replacement was pushed to the kiosk.
2026-07-19 15:59:04.788 +03:00 [INF] Expired 1 stale QR token(s); a replacement was pushed to the kiosk.
2026-07-19 15:59:24.773 +03:00 [INF] Expired 1 stale QR token(s); a replacement was pushed to the kiosk.
2026-07-19 15:59:39.778 +03:00 [INF] Expired 1 stale QR token(s); a replacement was pushed to the kiosk.
2026-07-19 15:59:59.798 +03:00 [INF] Expired 1 stale QR token(s); a replacement was pushed to the kiosk.
2026-07-19 16:00:14.787 +03:00 [INF] Expired 1 stale QR token(s); a replacement was pushed to the kiosk.
2026-07-19 16:00:34.774 +03:00 [INF] Expired 1 stale QR token(s); a replacement was pushed to the kiosk.
2026-07-19 16:00:54.773 +03:00 [INF] Expired 1 stale QR token(s); a replacement was pushed to the kiosk.
2026-07-19 16:01:14.788 +03:00 [INF] Expired 1 stale QR token(s); a replacement was pushed to the kiosk.
2026-07-19 16:01:34.778 +03:00 [INF] Expired 1 stale QR token(s); a replacement was pushed to the kiosk.
2026-07-19 16:01:54.769 +03:00 [INF] Expired 1 stale QR token(s); a replacement was pushed to the kiosk.
2026-07-19 16:02:14.774 +03:00 [INF] Expired 1 stale QR token(s); a replacement was pushed to the kiosk.
2026-07-19 16:02:34.780 +03:00 [INF] Expired 1 stale QR token(s); a replacement was pushed to the kiosk.
2026-07-19 16:02:54.780 +03:00 [INF] Expired 1 stale QR token(s); a replacement was pushed to the kiosk.
2026-07-19 16:03:14.779 +03:00 [INF] Expired 1 stale QR token(s); a replacement was pushed to the kiosk.
2026-07-19 16:03:34.781 +03:00 [INF] Expired 1 stale QR token(s); a replacement was pushed to the kiosk.
2026-07-19 16:03:54.772 +03:00 [INF] Expired 1 stale QR token(s); a replacement was pushed to the kiosk.
2026-07-19 16:04:09.777 +03:00 [INF] Expired 1 stale QR token(s); a replacement was pushed to the kiosk.
2026-07-19 16:04:29.782 +03:00 [INF] Expired 1 stale QR token(s); a replacement was pushed to the kiosk.
2026-07-19 16:04:49.779 +03:00 [INF] Expired 1 stale QR token(s); a replacement was pushed to the kiosk.
2026-07-19 16:05:09.773 +03:00 [INF] Expired 1 stale QR token(s); a replacement was pushed to the kiosk.
2026-07-19 16:05:24.781 +03:00 [INF] Expired 1 stale QR token(s); a replacement was pushed to the kiosk.
2026-07-19 16:05:44.791 +03:00 [INF] Expired 1 stale QR token(s); a replacement was pushed to the kiosk.
2026-07-19 16:06:04.774 +03:00 [INF] Expired 1 stale QR token(s); a replacement was pushed to the kiosk.
2026-07-19 16:06:24.767 +03:00 [INF] Expired 1 stale QR token(s); a replacement was pushed to the kiosk.
2026-07-19 16:06:44.795 +03:00 [INF] Expired 1 stale QR token(s); a replacement was pushed to the kiosk.
2026-07-19 16:07:04.783 +03:00 [INF] Expired 1 stale QR token(s); a replacement was pushed to the kiosk.
2026-07-19 16:07:24.779 +03:00 [INF] Expired 1 stale QR token(s); a replacement was pushed to the kiosk.
2026-07-19 16:07:44.779 +03:00 [INF] Expired 1 stale QR token(s); a replacement was pushed to the kiosk.
2026-07-19 16:08:04.782 +03:00 [INF] Expired 1 stale QR token(s); a replacement was pushed to the kiosk.
2026-07-19 16:08:24.775 +03:00 [INF] Expired 1 stale QR token(s); a replacement was pushed to the kiosk.
2026-07-19 16:08:39.782 +03:00 [INF] Expired 1 stale QR token(s); a replacement was pushed to the kiosk.
2026-07-19 16:08:59.775 +03:00 [INF] Expired 1 stale QR token(s); a replacement was pushed to the kiosk.
2026-07-19 16:09:19.769 +03:00 [INF] Expired 1 stale QR token(s); a replacement was pushed to the kiosk.
2026-07-19 16:09:34.783 +03:00 [INF] Expired 1 stale QR token(s); a replacement was pushed to the kiosk.
2026-07-19 16:09:54.773 +03:00 [INF] Expired 1 stale QR token(s); a replacement was pushed to the kiosk.
2026-07-19 16:10:09.783 +03:00 [INF] Expired 1 stale QR token(s); a replacement was pushed to the kiosk.
2026-07-19 16:10:29.771 +03:00 [INF] Expired 1 stale QR token(s); a replacement was pushed to the kiosk.
2026-07-19 16:10:49.776 +03:00 [INF] Expired 1 stale QR token(s); a replacement was pushed to the kiosk.
2026-07-19 16:11:04.792 +03:00 [INF] Expired 1 stale QR token(s); a replacement was pushed to the kiosk.
2026-07-19 16:11:24.773 +03:00 [INF] Expired 1 stale QR token(s); a replacement was pushed to the kiosk.
2026-07-19 16:11:44.775 +03:00 [INF] Expired 1 stale QR token(s); a replacement was pushed to the kiosk.
2026-07-19 16:12:04.769 +03:00 [INF] Expired 1 stale QR token(s); a replacement was pushed to the kiosk.
2026-07-19 16:12:24.779 +03:00 [INF] Expired 1 stale QR token(s); a replacement was pushed to the kiosk.
2026-07-19 16:12:44.771 +03:00 [INF] Expired 1 stale QR token(s); a replacement was pushed to the kiosk.
2026-07-19 16:12:59.779 +03:00 [INF] Expired 1 stale QR token(s); a replacement was pushed to the kiosk.
2026-07-19 16:13:19.794 +03:00 [INF] Expired 1 stale QR token(s); a replacement was pushed to the kiosk.
2026-07-19 16:13:39.774 +03:00 [INF] Expired 1 stale QR token(s); a replacement was pushed to the kiosk.
2026-07-19 16:13:59.779 +03:00 [INF] Expired 1 stale QR token(s); a replacement was pushed to the kiosk.
2026-07-19 16:14:19.779 +03:00 [INF] Expired 1 stale QR token(s); a replacement was pushed to the kiosk.
2026-07-19 16:14:39.776 +03:00 [INF] Expired 1 stale QR token(s); a replacement was pushed to the kiosk.
2026-07-19 16:14:54.782 +03:00 [INF] Expired 1 stale QR token(s); a replacement was pushed to the kiosk.
2026-07-19 16:15:14.775 +03:00 [INF] Expired 1 stale QR token(s); a replacement was pushed to the kiosk.
2026-07-19 16:15:29.789 +03:00 [INF] Expired 1 stale QR token(s); a replacement was pushed to the kiosk.
2026-07-19 16:15:49.780 +03:00 [INF] Expired 1 stale QR token(s); a replacement was pushed to the kiosk.
2026-07-19 16:16:04.781 +03:00 [INF] Expired 1 stale QR token(s); a replacement was pushed to the kiosk.
2026-07-19 16:16:24.770 +03:00 [INF] Expired 1 stale QR token(s); a replacement was pushed to the kiosk.
2026-07-19 16:16:39.788 +03:00 [INF] Expired 1 stale QR token(s); a replacement was pushed to the kiosk.
2026-07-19 16:16:59.778 +03:00 [INF] Expired 1 stale QR token(s); a replacement was pushed to the kiosk.
2026-07-19 16:17:19.777 +03:00 [INF] Expired 1 stale QR token(s); a replacement was pushed to the kiosk.
2026-07-19 16:17:39.780 +03:00 [INF] Expired 1 stale QR token(s); a replacement was pushed to the kiosk.
2026-07-19 16:17:59.781 +03:00 [INF] Expired 1 stale QR token(s); a replacement was pushed to the kiosk.
2026-07-19 16:18:19.771 +03:00 [INF] Expired 1 stale QR token(s); a replacement was pushed to the kiosk.
2026-07-19 16:18:39.785 +03:00 [INF] Expired 1 stale QR token(s); a replacement was pushed to the kiosk.
2026-07-19 16:18:59.780 +03:00 [INF] Expired 1 stale QR token(s); a replacement was pushed to the kiosk.
2026-07-19 16:19:19.777 +03:00 [INF] Expired 1 stale QR token(s); a replacement was pushed to the kiosk.
2026-07-19 16:19:39.780 +03:00 [INF] Expired 1 stale QR token(s); a replacement was pushed to the kiosk.
2026-07-19 16:19:59.786 +03:00 [INF] Expired 1 stale QR token(s); a replacement was pushed to the kiosk.
2026-07-19 16:20:19.777 +03:00 [INF] Expired 1 stale QR token(s); a replacement was pushed to the kiosk.
2026-07-19 16:20:39.781 +03:00 [INF] Expired 1 stale QR token(s); a replacement was pushed to the kiosk.
2026-07-19 16:20:59.784 +03:00 [INF] Expired 1 stale QR token(s); a replacement was pushed to the kiosk.
2026-07-19 16:21:19.781 +03:00 [INF] Expired 1 stale QR token(s); a replacement was pushed to the kiosk.
2026-07-19 16:21:39.771 +03:00 [INF] Expired 1 stale QR token(s); a replacement was pushed to the kiosk.
2026-07-19 16:21:54.780 +03:00 [INF] Expired 1 stale QR token(s); a replacement was pushed to the kiosk.
2026-07-19 16:22:14.786 +03:00 [INF] Expired 1 stale QR token(s); a replacement was pushed to the kiosk.
2026-07-19 16:22:34.768 +03:00 [INF] Expired 1 stale QR token(s); a replacement was pushed to the kiosk.
2026-07-19 16:22:49.777 +03:00 [INF] Expired 1 stale QR token(s); a replacement was pushed to the kiosk.
2026-07-19 16:23:09.781 +03:00 [INF] Expired 1 stale QR token(s); a replacement was pushed to the kiosk.
2026-07-19 16:23:29.785 +03:00 [INF] Expired 1 stale QR token(s); a replacement was pushed to the kiosk.
2026-07-19 16:23:49.774 +03:00 [INF] Expired 1 stale QR token(s); a replacement was pushed to the kiosk.
2026-07-19 16:24:09.772 +03:00 [INF] Expired 1 stale QR token(s); a replacement was pushed to the kiosk.
2026-07-19 16:24:24.781 +03:00 [INF] Expired 1 stale QR token(s); a replacement was pushed to the kiosk.
2026-07-19 16:24:44.777 +03:00 [INF] Expired 1 stale QR token(s); a replacement was pushed to the kiosk.
2026-07-19 16:25:04.777 +03:00 [INF] Expired 1 stale QR token(s); a replacement was pushed to the kiosk.
2026-07-19 16:25:24.781 +03:00 [INF] Expired 1 stale QR token(s); a replacement was pushed to the kiosk.
2026-07-19 16:25:44.770 +03:00 [INF] Expired 1 stale QR token(s); a replacement was pushed to the kiosk.
2026-07-19 16:26:04.778 +03:00 [INF] Expired 1 stale QR token(s); a replacement was pushed to the kiosk.
2026-07-19 16:26:24.767 +03:00 [INF] Expired 1 stale QR token(s); a replacement was pushed to the kiosk.
2026-07-19 16:26:39.778 +03:00 [INF] Expired 1 stale QR token(s); a replacement was pushed to the kiosk.
2026-07-19 16:26:59.783 +03:00 [INF] Expired 1 stale QR token(s); a replacement was pushed to the kiosk.
2026-07-19 16:27:19.774 +03:00 [INF] Expired 1 stale QR token(s); a replacement was pushed to the kiosk.
2026-07-19 16:27:34.784 +03:00 [INF] Expired 1 stale QR token(s); a replacement was pushed to the kiosk.
2026-07-19 16:27:54.780 +03:00 [INF] Expired 1 stale QR token(s); a replacement was pushed to the kiosk.
2026-07-19 16:28:14.777 +03:00 [INF] Expired 1 stale QR token(s); a replacement was pushed to the kiosk.
2026-07-19 16:28:34.779 +03:00 [INF] Expired 1 stale QR token(s); a replacement was pushed to the kiosk.
2026-07-19 16:28:54.777 +03:00 [INF] Expired 1 stale QR token(s); a replacement was pushed to the kiosk.
2026-07-19 16:29:14.775 +03:00 [INF] Expired 1 stale QR token(s); a replacement was pushed to the kiosk.
2026-07-19 16:29:34.777 +03:00 [INF] Expired 1 stale QR token(s); a replacement was pushed to the kiosk.
2026-07-19 16:29:54.780 +03:00 [INF] Expired 1 stale QR token(s); a replacement was pushed to the kiosk.
2026-07-19 16:30:14.772 +03:00 [INF] Expired 1 stale QR token(s); a replacement was pushed to the kiosk.
2026-07-19 16:30:34.779 +03:00 [INF] Expired 1 stale QR token(s); a replacement was pushed to the kiosk.
2026-07-19 16:30:49.790 +03:00 [INF] Expired 1 stale QR token(s); a replacement was pushed to the kiosk.
2026-07-19 16:31:09.776 +03:00 [INF] Expired 1 stale QR token(s); a replacement was pushed to the kiosk.
2026-07-19 16:31:29.780 +03:00 [INF] Expired 1 stale QR token(s); a replacement was pushed to the kiosk.
2026-07-19 16:31:49.773 +03:00 [INF] Expired 1 stale QR token(s); a replacement was pushed to the kiosk.
2026-07-19 16:32:04.792 +03:00 [INF] Expired 1 stale QR token(s); a replacement was pushed to the kiosk.
2026-07-19 16:32:24.785 +03:00 [INF] Expired 1 stale QR token(s); a replacement was pushed to the kiosk.
2026-07-19 16:32:44.773 +03:00 [INF] Expired 1 stale QR token(s); a replacement was pushed to the kiosk.
2026-07-19 16:32:59.780 +03:00 [INF] Expired 1 stale QR token(s); a replacement was pushed to the kiosk.
2026-07-19 16:33:19.772 +03:00 [INF] Expired 1 stale QR token(s); a replacement was pushed to the kiosk.
2026-07-19 16:33:39.779 +03:00 [INF] Expired 1 stale QR token(s); a replacement was pushed to the kiosk.
2026-07-19 16:33:59.771 +03:00 [INF] Expired 1 stale QR token(s); a replacement was pushed to the kiosk.
2026-07-19 16:34:19.773 +03:00 [INF] Expired 1 stale QR token(s); a replacement was pushed to the kiosk.
2026-07-19 16:34:39.783 +03:00 [INF] Expired 1 stale QR token(s); a replacement was pushed to the kiosk.
2026-07-19 16:34:59.782 +03:00 [INF] Expired 1 stale QR token(s); a replacement was pushed to the kiosk.
2026-07-19 16:35:19.781 +03:00 [INF] Expired 1 stale QR token(s); a replacement was pushed to the kiosk.
2026-07-19 16:35:39.779 +03:00 [INF] Expired 1 stale QR token(s); a replacement was pushed to the kiosk.
2026-07-19 16:35:59.770 +03:00 [INF] Expired 1 stale QR token(s); a replacement was pushed to the kiosk.
2026-07-19 16:36:19.782 +03:00 [INF] Expired 1 stale QR token(s); a replacement was pushed to the kiosk.
2026-07-19 16:36:39.774 +03:00 [INF] Expired 1 stale QR token(s); a replacement was pushed to the kiosk.
2026-07-19 16:36:54.781 +03:00 [INF] Expired 1 stale QR token(s); a replacement was pushed to the kiosk.
2026-07-19 16:37:14.769 +03:00 [INF] Expired 1 stale QR token(s); a replacement was pushed to the kiosk.
2026-07-19 16:37:34.777 +03:00 [INF] Expired 1 stale QR token(s); a replacement was pushed to the kiosk.
2026-07-19 16:37:49.780 +03:00 [INF] Expired 1 stale QR token(s); a replacement was pushed to the kiosk.
2026-07-19 16:38:09.777 +03:00 [INF] Expired 1 stale QR token(s); a replacement was pushed to the kiosk.
2026-07-19 16:38:29.785 +03:00 [INF] Expired 1 stale QR token(s); a replacement was pushed to the kiosk.
2026-07-19 16:38:49.782 +03:00 [INF] Expired 1 stale QR token(s); a replacement was pushed to the kiosk.
2026-07-19 16:39:09.773 +03:00 [INF] Expired 1 stale QR token(s); a replacement was pushed to the kiosk.
2026-07-19 16:39:24.778 +03:00 [INF] Expired 1 stale QR token(s); a replacement was pushed to the kiosk.
2026-07-19 16:39:39.788 +03:00 [INF] Expired 1 stale QR token(s); a replacement was pushed to the kiosk.
2026-07-19 16:39:59.777 +03:00 [INF] Expired 1 stale QR token(s); a replacement was pushed to the kiosk.
2026-07-19 16:40:19.780 +03:00 [INF] Expired 1 stale QR token(s); a replacement was pushed to the kiosk.
2026-07-19 16:40:39.768 +03:00 [INF] Expired 1 stale QR token(s); a replacement was pushed to the kiosk.
2026-07-19 16:40:54.782 +03:00 [INF] Expired 1 stale QR token(s); a replacement was pushed to the kiosk.
2026-07-19 16:41:14.770 +03:00 [INF] Expired 1 stale QR token(s); a replacement was pushed to the kiosk.
2026-07-19 16:41:29.780 +03:00 [INF] Expired 1 stale QR token(s); a replacement was pushed to the kiosk.
2026-07-19 16:41:49.784 +03:00 [INF] Expired 1 stale QR token(s); a replacement was pushed to the kiosk.
2026-07-19 16:42:09.780 +03:00 [INF] Expired 1 stale QR token(s); a replacement was pushed to the kiosk.
2026-07-19 16:42:29.775 +03:00 [INF] Expired 1 stale QR token(s); a replacement was pushed to the kiosk.
2026-07-19 16:42:49.774 +03:00 [INF] Expired 1 stale QR token(s); a replacement was pushed to the kiosk.
2026-07-19 16:43:04.786 +03:00 [INF] Expired 1 stale QR token(s); a replacement was pushed to the kiosk.
2026-07-19 16:43:24.786 +03:00 [INF] Expired 1 stale QR token(s); a replacement was pushed to the kiosk.
2026-07-19 16:43:44.792 +03:00 [INF] Expired 1 stale QR token(s); a replacement was pushed to the kiosk.
2026-07-19 16:44:04.776 +03:00 [INF] Expired 1 stale QR token(s); a replacement was pushed to the kiosk.
2026-07-19 16:44:19.790 +03:00 [INF] Expired 1 stale QR token(s); a replacement was pushed to the kiosk.
2026-07-19 16:44:39.792 +03:00 [INF] Expired 1 stale QR token(s); a replacement was pushed to the kiosk.
2026-07-19 16:44:59.786 +03:00 [INF] Expired 1 stale QR token(s); a replacement was pushed to the kiosk.
2026-07-19 16:45:19.789 +03:00 [INF] Expired 1 stale QR token(s); a replacement was pushed to the kiosk.
2026-07-19 16:45:39.768 +03:00 [INF] Expired 1 stale QR token(s); a replacement was pushed to the kiosk.
2026-07-19 16:45:59.781 +03:00 [INF] Expired 1 stale QR token(s); a replacement was pushed to the kiosk.
2026-07-19 16:46:19.782 +03:00 [INF] Expired 1 stale QR token(s); a replacement was pushed to the kiosk.
2026-07-19 16:46:39.790 +03:00 [INF] Expired 1 stale QR token(s); a replacement was pushed to the kiosk.
2026-07-19 16:46:59.787 +03:00 [INF] Expired 1 stale QR token(s); a replacement was pushed to the kiosk.
2026-07-19 16:47:19.778 +03:00 [INF] Expired 1 stale QR token(s); a replacement was pushed to the kiosk.
2026-07-19 16:47:34.791 +03:00 [INF] Expired 1 stale QR token(s); a replacement was pushed to the kiosk.
2026-07-19 16:47:54.788 +03:00 [INF] Expired 1 stale QR token(s); a replacement was pushed to the kiosk.
2026-07-19 16:48:14.779 +03:00 [INF] Expired 1 stale QR token(s); a replacement was pushed to the kiosk.
2026-07-19 16:48:29.786 +03:00 [INF] Expired 1 stale QR token(s); a replacement was pushed to the kiosk.
2026-07-19 16:48:49.780 +03:00 [INF] Expired 1 stale QR token(s); a replacement was pushed to the kiosk.
2026-07-19 16:49:09.778 +03:00 [INF] Expired 1 stale QR token(s); a replacement was pushed to the kiosk.
2026-07-19 16:49:24.782 +03:00 [INF] Expired 1 stale QR token(s); a replacement was pushed to the kiosk.
2026-07-19 16:49:44.772 +03:00 [INF] Expired 1 stale QR token(s); a replacement was pushed to the kiosk.
2026-07-19 16:49:59.794 +03:00 [INF] Expired 1 stale QR token(s); a replacement was pushed to the kiosk.
2026-07-19 16:50:19.788 +03:00 [INF] Expired 1 stale QR token(s); a replacement was pushed to the kiosk.
2026-07-19 16:50:34.792 +03:00 [INF] Expired 1 stale QR token(s); a replacement was pushed to the kiosk.
2026-07-19 16:50:54.776 +03:00 [INF] Expired 1 stale QR token(s); a replacement was pushed to the kiosk.
2026-07-19 16:51:14.778 +03:00 [INF] Expired 1 stale QR token(s); a replacement was pushed to the kiosk.
2026-07-19 16:51:34.779 +03:00 [INF] Expired 1 stale QR token(s); a replacement was pushed to the kiosk.
2026-07-19 16:51:54.772 +03:00 [INF] Expired 1 stale QR token(s); a replacement was pushed to the kiosk.
2026-07-19 16:52:09.782 +03:00 [INF] Expired 1 stale QR token(s); a replacement was pushed to the kiosk.
2026-07-19 16:52:29.780 +03:00 [INF] Expired 1 stale QR token(s); a replacement was pushed to the kiosk.
2026-07-19 16:52:49.779 +03:00 [INF] Expired 1 stale QR token(s); a replacement was pushed to the kiosk.
2026-07-19 16:53:09.782 +03:00 [INF] Expired 1 stale QR token(s); a replacement was pushed to the kiosk.
2026-07-19 16:53:29.777 +03:00 [INF] Expired 1 stale QR token(s); a replacement was pushed to the kiosk.
2026-07-19 16:53:49.780 +03:00 [INF] Expired 1 stale QR token(s); a replacement was pushed to the kiosk.
2026-07-19 16:54:09.773 +03:00 [INF] Expired 1 stale QR token(s); a replacement was pushed to the kiosk.
2026-07-19 16:54:29.774 +03:00 [INF] Expired 1 stale QR token(s); a replacement was pushed to the kiosk.
2026-07-19 16:54:49.768 +03:00 [INF] Expired 1 stale QR token(s); a replacement was pushed to the kiosk.
2026-07-19 16:55:04.790 +03:00 [INF] Expired 1 stale QR token(s); a replacement was pushed to the kiosk.
2026-07-19 16:55:24.777 +03:00 [INF] Expired 1 stale QR token(s); a replacement was pushed to the kiosk.
2026-07-19 16:55:44.771 +03:00 [INF] Expired 1 stale QR token(s); a replacement was pushed to the kiosk.
2026-07-19 16:56:04.774 +03:00 [INF] Expired 1 stale QR token(s); a replacement was pushed to the kiosk.
2026-07-19 16:56:24.787 +03:00 [INF] Expired 1 stale QR token(s); a replacement was pushed to the kiosk.
2026-07-19 16:56:44.773 +03:00 [INF] Expired 1 stale QR token(s); a replacement was pushed to the kiosk.
2026-07-19 16:56:59.781 +03:00 [INF] Expired 1 stale QR token(s); a replacement was pushed to the kiosk.
2026-07-19 16:57:19.774 +03:00 [INF] Expired 1 stale QR token(s); a replacement was pushed to the kiosk.
2026-07-19 16:57:39.777 +03:00 [INF] Expired 1 stale QR token(s); a replacement was pushed to the kiosk.
2026-07-19 16:57:59.769 +03:00 [INF] Expired 1 stale QR token(s); a replacement was pushed to the kiosk.
2026-07-19 16:58:14.777 +03:00 [INF] Expired 1 stale QR token(s); a replacement was pushed to the kiosk.
2026-07-19 16:58:34.782 +03:00 [INF] Expired 1 stale QR token(s); a replacement was pushed to the kiosk.
2026-07-19 16:58:54.780 +03:00 [INF] Expired 1 stale QR token(s); a replacement was pushed to the kiosk.
2026-07-19 16:59:14.778 +03:00 [INF] Expired 1 stale QR token(s); a replacement was pushed to the kiosk.
2026-07-19 16:59:34.771 +03:00 [INF] Expired 1 stale QR token(s); a replacement was pushed to the kiosk.
2026-07-19 16:59:49.780 +03:00 [INF] Expired 1 stale QR token(s); a replacement was pushed to the kiosk.
2026-07-19 17:00:09.769 +03:00 [INF] Expired 1 stale QR token(s); a replacement was pushed to the kiosk.
2026-07-19 17:00:29.770 +03:00 [INF] Expired 1 stale QR token(s); a replacement was pushed to the kiosk.
2026-07-19 17:00:44.786 +03:00 [INF] Expired 1 stale QR token(s); a replacement was pushed to the kiosk.
2026-07-19 17:01:04.771 +03:00 [INF] Expired 1 stale QR token(s); a replacement was pushed to the kiosk.
2026-07-19 17:01:24.768 +03:00 [INF] Expired 1 stale QR token(s); a replacement was pushed to the kiosk.
2026-07-19 17:01:39.779 +03:00 [INF] Expired 1 stale QR token(s); a replacement was pushed to the kiosk.
2026-07-19 17:01:59.776 +03:00 [INF] Expired 1 stale QR token(s); a replacement was pushed to the kiosk.
2026-07-19 17:02:19.775 +03:00 [INF] Expired 1 stale QR token(s); a replacement was pushed to the kiosk.
2026-07-19 17:02:39.769 +03:00 [INF] Expired 1 stale QR token(s); a replacement was pushed to the kiosk.
2026-07-19 17:02:54.779 +03:00 [INF] Expired 1 stale QR token(s); a replacement was pushed to the kiosk.
2026-07-19 17:03:14.771 +03:00 [INF] Expired 1 stale QR token(s); a replacement was pushed to the kiosk.
2026-07-19 17:03:34.782 +03:00 [INF] Expired 1 stale QR token(s); a replacement was pushed to the kiosk.
2026-07-19 17:03:54.779 +03:00 [INF] Expired 1 stale QR token(s); a replacement was pushed to the kiosk.
2026-07-19 17:04:14.774 +03:00 [INF] Expired 1 stale QR token(s); a replacement was pushed to the kiosk.
2026-07-19 17:04:34.781 +03:00 [INF] Expired 1 stale QR token(s); a replacement was pushed to the kiosk.
2026-07-19 17:04:54.779 +03:00 [INF] Expired 1 stale QR token(s); a replacement was pushed to the kiosk.
2026-07-19 17:05:14.771 +03:00 [INF] Expired 1 stale QR token(s); a replacement was pushed to the kiosk.
2026-07-19 17:05:29.780 +03:00 [INF] Expired 1 stale QR token(s); a replacement was pushed to the kiosk.
2026-07-19 17:05:49.768 +03:00 [INF] Expired 1 stale QR token(s); a replacement was pushed to the kiosk.
2026-07-19 17:06:09.781 +03:00 [INF] Expired 1 stale QR token(s); a replacement was pushed to the kiosk.
2026-07-19 17:06:29.773 +03:00 [INF] Expired 1 stale QR token(s); a replacement was pushed to the kiosk.
2026-07-19 17:06:44.779 +03:00 [INF] Expired 1 stale QR token(s); a replacement was pushed to the kiosk.
2026-07-19 17:07:04.779 +03:00 [INF] Expired 1 stale QR token(s); a replacement was pushed to the kiosk.
2026-07-19 17:07:24.778 +03:00 [INF] Expired 1 stale QR token(s); a replacement was pushed to the kiosk.
2026-07-19 17:07:44.774 +03:00 [INF] Expired 1 stale QR token(s); a replacement was pushed to the kiosk.
2026-07-19 17:08:04.772 +03:00 [INF] Expired 1 stale QR token(s); a replacement was pushed to the kiosk.
2026-07-19 17:08:19.815 +03:00 [INF] Expired 1 stale QR token(s); a replacement was pushed to the kiosk.
2026-07-19 17:08:39.776 +03:00 [INF] Expired 1 stale QR token(s); a replacement was pushed to the kiosk.
2026-07-19 17:08:59.777 +03:00 [INF] Expired 1 stale QR token(s); a replacement was pushed to the kiosk.
2026-07-19 17:09:14.786 +03:00 [INF] Expired 1 stale QR token(s); a replacement was pushed to the kiosk.
2026-07-19 17:09:34.783 +03:00 [INF] Expired 1 stale QR token(s); a replacement was pushed to the kiosk.
2026-07-19 17:09:54.769 +03:00 [INF] Expired 1 stale QR token(s); a replacement was pushed to the kiosk.
2026-07-19 17:10:14.775 +03:00 [INF] Expired 1 stale QR token(s); a replacement was pushed to the kiosk.
2026-07-19 17:10:29.789 +03:00 [INF] Expired 1 stale QR token(s); a replacement was pushed to the kiosk.
2026-07-19 17:10:49.774 +03:00 [INF] Expired 1 stale QR token(s); a replacement was pushed to the kiosk.
2026-07-19 17:11:09.775 +03:00 [INF] Expired 1 stale QR token(s); a replacement was pushed to the kiosk.
2026-07-19 17:11:29.780 +03:00 [INF] Expired 1 stale QR token(s); a replacement was pushed to the kiosk.
2026-07-19 17:11:49.782 +03:00 [INF] Expired 1 stale QR token(s); a replacement was pushed to the kiosk.
2026-07-19 17:12:09.779 +03:00 [INF] Expired 1 stale QR token(s); a replacement was pushed to the kiosk.
2026-07-19 17:12:29.773 +03:00 [INF] Expired 1 stale QR token(s); a replacement was pushed to the kiosk.
2026-07-19 17:12:44.782 +03:00 [INF] Expired 1 stale QR token(s); a replacement was pushed to the kiosk.
2026-07-19 17:13:04.777 +03:00 [INF] Expired 1 stale QR token(s); a replacement was pushed to the kiosk.
2026-07-19 17:13:24.770 +03:00 [INF] Expired 1 stale QR token(s); a replacement was pushed to the kiosk.
2026-07-19 17:13:39.781 +03:00 [INF] Expired 1 stale QR token(s); a replacement was pushed to the kiosk.
2026-07-19 17:13:59.773 +03:00 [INF] Expired 1 stale QR token(s); a replacement was pushed to the kiosk.
2026-07-19 17:14:14.779 +03:00 [INF] Expired 1 stale QR token(s); a replacement was pushed to the kiosk.
2026-07-19 17:14:34.767 +03:00 [INF] Expired 1 stale QR token(s); a replacement was pushed to the kiosk.
2026-07-19 17:14:49.797 +03:00 [INF] Expired 1 stale QR token(s); a replacement was pushed to the kiosk.
2026-07-19 17:15:09.767 +03:00 [INF] Expired 1 stale QR token(s); a replacement was pushed to the kiosk.
2026-07-19 17:15:24.782 +03:00 [INF] Expired 1 stale QR token(s); a replacement was pushed to the kiosk.
2026-07-19 17:15:44.777 +03:00 [INF] Expired 1 stale QR token(s); a replacement was pushed to the kiosk.
2026-07-19 17:16:04.774 +03:00 [INF] Expired 1 stale QR token(s); a replacement was pushed to the kiosk.
2026-07-19 17:16:19.824 +03:00 [INF] Expired 1 stale QR token(s); a replacement was pushed to the kiosk.
2026-07-19 17:16:39.767 +03:00 [INF] Expired 1 stale QR token(s); a replacement was pushed to the kiosk.
2026-07-19 17:16:54.782 +03:00 [INF] Expired 1 stale QR token(s); a replacement was pushed to the kiosk.
2026-07-19 17:17:14.780 +03:00 [INF] Expired 1 stale QR token(s); a replacement was pushed to the kiosk.
2026-07-19 17:17:34.773 +03:00 [INF] Expired 1 stale QR token(s); a replacement was pushed to the kiosk.
2026-07-19 17:17:49.781 +03:00 [INF] Expired 1 stale QR token(s); a replacement was pushed to the kiosk.
2026-07-19 17:18:09.777 +03:00 [INF] Expired 1 stale QR token(s); a replacement was pushed to the kiosk.
2026-07-19 17:18:29.781 +03:00 [INF] Expired 1 stale QR token(s); a replacement was pushed to the kiosk.
2026-07-19 17:18:49.772 +03:00 [INF] Expired 1 stale QR token(s); a replacement was pushed to the kiosk.
2026-07-19 17:19:09.781 +03:00 [INF] Expired 1 stale QR token(s); a replacement was pushed to the kiosk.
2026-07-19 17:19:29.775 +03:00 [INF] Expired 1 stale QR token(s); a replacement was pushed to the kiosk.
2026-07-19 17:19:44.782 +03:00 [INF] Expired 1 stale QR token(s); a replacement was pushed to the kiosk.
2026-07-19 17:20:04.774 +03:00 [INF] Expired 1 stale QR token(s); a replacement was pushed to the kiosk.
2026-07-19 17:20:24.770 +03:00 [INF] Expired 1 stale QR token(s); a replacement was pushed to the kiosk.
2026-07-19 17:20:39.777 +03:00 [INF] Expired 1 stale QR token(s); a replacement was pushed to the kiosk.
2026-07-19 17:20:59.770 +03:00 [INF] Expired 1 stale QR token(s); a replacement was pushed to the kiosk.
2026-07-19 17:21:19.774 +03:00 [INF] Expired 1 stale QR token(s); a replacement was pushed to the kiosk.
2026-07-19 17:21:39.769 +03:00 [INF] Expired 1 stale QR token(s); a replacement was pushed to the kiosk.
2026-07-19 17:21:59.772 +03:00 [INF] Expired 1 stale QR token(s); a replacement was pushed to the kiosk.
2026-07-19 17:22:14.781 +03:00 [INF] Expired 1 stale QR token(s); a replacement was pushed to the kiosk.
2026-07-19 17:22:34.786 +03:00 [INF] Expired 1 stale QR token(s); a replacement was pushed to the kiosk.
2026-07-19 17:22:54.775 +03:00 [INF] Expired 1 stale QR token(s); a replacement was pushed to the kiosk.
2026-07-19 17:23:14.778 +03:00 [INF] Expired 1 stale QR token(s); a replacement was pushed to the kiosk.
2026-07-19 17:23:34.776 +03:00 [INF] Expired 1 stale QR token(s); a replacement was pushed to the kiosk.
2026-07-19 17:23:54.773 +03:00 [INF] Expired 1 stale QR token(s); a replacement was pushed to the kiosk.
2026-07-19 17:24:14.772 +03:00 [INF] Expired 1 stale QR token(s); a replacement was pushed to the kiosk.
2026-07-19 17:24:34.766 +03:00 [INF] Expired 1 stale QR token(s); a replacement was pushed to the kiosk.
2026-07-19 17:24:49.775 +03:00 [INF] Expired 1 stale QR token(s); a replacement was pushed to the kiosk.
2026-07-19 17:25:09.775 +03:00 [INF] Expired 1 stale QR token(s); a replacement was pushed to the kiosk.
2026-07-19 17:25:29.779 +03:00 [INF] Expired 1 stale QR token(s); a replacement was pushed to the kiosk.
2026-07-19 17:25:49.787 +03:00 [INF] Expired 1 stale QR token(s); a replacement was pushed to the kiosk.
2026-07-19 17:26:09.774 +03:00 [INF] Expired 1 stale QR token(s); a replacement was pushed to the kiosk.
2026-07-19 17:26:29.772 +03:00 [INF] Expired 1 stale QR token(s); a replacement was pushed to the kiosk.
2026-07-19 17:26:44.781 +03:00 [INF] Expired 1 stale QR token(s); a replacement was pushed to the kiosk.
2026-07-19 17:27:04.781 +03:00 [INF] Expired 1 stale QR token(s); a replacement was pushed to the kiosk.
2026-07-19 17:27:24.771 +03:00 [INF] Expired 1 stale QR token(s); a replacement was pushed to the kiosk.
2026-07-19 17:27:39.774 +03:00 [INF] Expired 1 stale QR token(s); a replacement was pushed to the kiosk.
2026-07-19 17:27:59.782 +03:00 [INF] Expired 1 stale QR token(s); a replacement was pushed to the kiosk.
2026-07-19 17:28:19.769 +03:00 [INF] Expired 1 stale QR token(s); a replacement was pushed to the kiosk.
2026-07-19 17:28:34.780 +03:00 [INF] Expired 1 stale QR token(s); a replacement was pushed to the kiosk.
2026-07-19 17:28:54.773 +03:00 [INF] Expired 1 stale QR token(s); a replacement was pushed to the kiosk.
2026-07-19 17:29:09.778 +03:00 [INF] Expired 1 stale QR token(s); a replacement was pushed to the kiosk.
2026-07-19 17:29:29.774 +03:00 [INF] Expired 1 stale QR token(s); a replacement was pushed to the kiosk.
2026-07-19 17:29:44.783 +03:00 [INF] Expired 1 stale QR token(s); a replacement was pushed to the kiosk.
2026-07-19 17:30:04.772 +03:00 [INF] Expired 1 stale QR token(s); a replacement was pushed to the kiosk.
2026-07-19 17:30:19.797 +03:00 [INF] Expired 1 stale QR token(s); a replacement was pushed to the kiosk.
2026-07-19 17:30:39.778 +03:00 [INF] Expired 1 stale QR token(s); a replacement was pushed to the kiosk.
2026-07-19 17:30:59.782 +03:00 [INF] Expired 1 stale QR token(s); a replacement was pushed to the kiosk.
2026-07-19 17:31:19.775 +03:00 [INF] Expired 1 stale QR token(s); a replacement was pushed to the kiosk.
2026-07-19 17:31:34.778 +03:00 [INF] Expired 1 stale QR token(s); a replacement was pushed to the kiosk.
2026-07-19 17:31:54.767 +03:00 [INF] Expired 1 stale QR token(s); a replacement was pushed to the kiosk.
2026-07-19 17:32:09.782 +03:00 [INF] Expired 1 stale QR token(s); a replacement was pushed to the kiosk.
2026-07-19 17:32:29.782 +03:00 [INF] Expired 1 stale QR token(s); a replacement was pushed to the kiosk.
2026-07-19 17:32:49.769 +03:00 [INF] Expired 1 stale QR token(s); a replacement was pushed to the kiosk.
2026-07-19 17:33:04.775 +03:00 [INF] Expired 1 stale QR token(s); a replacement was pushed to the kiosk.
2026-07-19 17:33:24.772 +03:00 [INF] Expired 1 stale QR token(s); a replacement was pushed to the kiosk.
2026-07-19 17:33:39.782 +03:00 [INF] Expired 1 stale QR token(s); a replacement was pushed to the kiosk.
2026-07-19 17:33:59.781 +03:00 [INF] Expired 1 stale QR token(s); a replacement was pushed to the kiosk.
2026-07-19 17:34:19.768 +03:00 [INF] Expired 1 stale QR token(s); a replacement was pushed to the kiosk.
2026-07-19 17:34:34.786 +03:00 [INF] Expired 1 stale QR token(s); a replacement was pushed to the kiosk.
2026-07-19 17:34:54.771 +03:00 [INF] Expired 1 stale QR token(s); a replacement was pushed to the kiosk.
2026-07-19 17:35:09.777 +03:00 [INF] Expired 1 stale QR token(s); a replacement was pushed to the kiosk.
2026-07-19 17:35:29.767 +03:00 [INF] Expired 1 stale QR token(s); a replacement was pushed to the kiosk.
2026-07-19 17:35:44.783 +03:00 [INF] Expired 1 stale QR token(s); a replacement was pushed to the kiosk.
2026-07-19 17:36:04.772 +03:00 [INF] Expired 1 stale QR token(s); a replacement was pushed to the kiosk.
2026-07-19 17:36:24.772 +03:00 [INF] Expired 1 stale QR token(s); a replacement was pushed to the kiosk.
2026-07-19 17:36:44.778 +03:00 [INF] Expired 1 stale QR token(s); a replacement was pushed to the kiosk.
2026-07-19 17:37:04.781 +03:00 [INF] Expired 1 stale QR token(s); a replacement was pushed to the kiosk.
2026-07-19 17:37:24.771 +03:00 [INF] Expired 1 stale QR token(s); a replacement was pushed to the kiosk.
2026-07-19 17:37:39.779 +03:00 [INF] Expired 1 stale QR token(s); a replacement was pushed to the kiosk.
2026-07-19 17:37:54.788 +03:00 [INF] Expired 1 stale QR token(s); a replacement was pushed to the kiosk.
2026-07-19 17:38:14.767 +03:00 [INF] Expired 1 stale QR token(s); a replacement was pushed to the kiosk.
2026-07-19 17:38:29.775 +03:00 [INF] Expired 1 stale QR token(s); a replacement was pushed to the kiosk.
2026-07-19 17:38:49.779 +03:00 [INF] Expired 1 stale QR token(s); a replacement was pushed to the kiosk.
2026-07-19 17:39:09.782 +03:00 [INF] Expired 1 stale QR token(s); a replacement was pushed to the kiosk.
2026-07-19 17:39:29.772 +03:00 [INF] Expired 1 stale QR token(s); a replacement was pushed to the kiosk.
2026-07-19 17:39:44.776 +03:00 [INF] Expired 1 stale QR token(s); a replacement was pushed to the kiosk.
2026-07-19 17:39:59.802 +03:00 [INF] Expired 1 stale QR token(s); a replacement was pushed to the kiosk.
2026-07-19 17:40:19.783 +03:00 [INF] Expired 1 stale QR token(s); a replacement was pushed to the kiosk.
2026-07-19 17:40:39.770 +03:00 [INF] Expired 1 stale QR token(s); a replacement was pushed to the kiosk.
2026-07-19 17:40:59.769 +03:00 [INF] Expired 1 stale QR token(s); a replacement was pushed to the kiosk.
2026-07-19 17:41:14.778 +03:00 [INF] Expired 1 stale QR token(s); a replacement was pushed to the kiosk.
2026-07-19 17:41:34.769 +03:00 [INF] Expired 1 stale QR token(s); a replacement was pushed to the kiosk.
2026-07-19 17:41:54.769 +03:00 [INF] Expired 1 stale QR token(s); a replacement was pushed to the kiosk.
2026-07-19 17:42:09.777 +03:00 [INF] Expired 1 stale QR token(s); a replacement was pushed to the kiosk.
2026-07-19 17:42:29.771 +03:00 [INF] Expired 1 stale QR token(s); a replacement was pushed to the kiosk.
2026-07-19 17:42:44.776 +03:00 [INF] Expired 1 stale QR token(s); a replacement was pushed to the kiosk.
2026-07-19 17:43:04.768 +03:00 [INF] Expired 1 stale QR token(s); a replacement was pushed to the kiosk.
2026-07-19 17:43:19.786 +03:00 [INF] Expired 1 stale QR token(s); a replacement was pushed to the kiosk.
2026-07-19 17:43:39.779 +03:00 [INF] Expired 1 stale QR token(s); a replacement was pushed to the kiosk.
2026-07-19 17:43:59.786 +03:00 [INF] Expired 1 stale QR token(s); a replacement was pushed to the kiosk.
2026-07-19 17:44:19.773 +03:00 [INF] Expired 1 stale QR token(s); a replacement was pushed to the kiosk.
2026-07-19 17:44:34.786 +03:00 [INF] Expired 1 stale QR token(s); a replacement was pushed to the kiosk.
2026-07-19 17:44:54.775 +03:00 [INF] Expired 1 stale QR token(s); a replacement was pushed to the kiosk.
2026-07-19 17:45:14.770 +03:00 [INF] Expired 1 stale QR token(s); a replacement was pushed to the kiosk.
2026-07-19 17:45:29.787 +03:00 [INF] Expired 1 stale QR token(s); a replacement was pushed to the kiosk.
2026-07-19 17:45:49.772 +03:00 [INF] Expired 1 stale QR token(s); a replacement was pushed to the kiosk.
2026-07-19 17:46:04.779 +03:00 [INF] Expired 1 stale QR token(s); a replacement was pushed to the kiosk.
2026-07-19 17:46:24.769 +03:00 [INF] Expired 1 stale QR token(s); a replacement was pushed to the kiosk.
2026-07-19 17:46:39.782 +03:00 [INF] Expired 1 stale QR token(s); a replacement was pushed to the kiosk.
2026-07-19 17:46:54.781 +03:00 [INF] Expired 1 stale QR token(s); a replacement was pushed to the kiosk.
2026-07-19 17:47:14.775 +03:00 [INF] Expired 1 stale QR token(s); a replacement was pushed to the kiosk.
2026-07-19 17:47:29.791 +03:00 [INF] Expired 1 stale QR token(s); a replacement was pushed to the kiosk.
2026-07-19 17:47:49.786 +03:00 [INF] Expired 1 stale QR token(s); a replacement was pushed to the kiosk.
2026-07-19 17:48:09.778 +03:00 [INF] Expired 1 stale QR token(s); a replacement was pushed to the kiosk.
2026-07-19 17:48:29.777 +03:00 [INF] Expired 1 stale QR token(s); a replacement was pushed to the kiosk.
2026-07-19 17:48:49.776 +03:00 [INF] Expired 1 stale QR token(s); a replacement was pushed to the kiosk.
2026-07-19 17:49:09.769 +03:00 [INF] Expired 1 stale QR token(s); a replacement was pushed to the kiosk.
2026-07-19 17:49:24.779 +03:00 [INF] Expired 1 stale QR token(s); a replacement was pushed to the kiosk.
2026-07-19 17:49:44.773 +03:00 [INF] Expired 1 stale QR token(s); a replacement was pushed to the kiosk.
2026-07-19 17:49:59.784 +03:00 [INF] Expired 1 stale QR token(s); a replacement was pushed to the kiosk.
2026-07-19 17:50:19.776 +03:00 [INF] Expired 1 stale QR token(s); a replacement was pushed to the kiosk.
2026-07-19 17:50:39.779 +03:00 [INF] Expired 1 stale QR token(s); a replacement was pushed to the kiosk.
2026-07-19 17:50:59.789 +03:00 [INF] Expired 1 stale QR token(s); a replacement was pushed to the kiosk.
2026-07-19 17:51:19.783 +03:00 [INF] Expired 1 stale QR token(s); a replacement was pushed to the kiosk.
2026-07-19 17:51:39.768 +03:00 [INF] Expired 1 stale QR token(s); a replacement was pushed to the kiosk.
2026-07-19 17:51:54.775 +03:00 [INF] Expired 1 stale QR token(s); a replacement was pushed to the kiosk.
2026-07-19 17:52:09.787 +03:00 [INF] Expired 1 stale QR token(s); a replacement was pushed to the kiosk.
2026-07-19 17:52:29.780 +03:00 [INF] Expired 1 stale QR token(s); a replacement was pushed to the kiosk.
2026-07-19 17:52:49.768 +03:00 [INF] Expired 1 stale QR token(s); a replacement was pushed to the kiosk.
2026-07-19 17:53:09.792 +03:00 [INF] Expired 1 stale QR token(s); a replacement was pushed to the kiosk.
2026-07-19 17:53:29.776 +03:00 [INF] Expired 1 stale QR token(s); a replacement was pushed to the kiosk.
2026-07-19 17:53:49.778 +03:00 [INF] Expired 1 stale QR token(s); a replacement was pushed to the kiosk.
2026-07-19 17:54:09.767 +03:00 [INF] Expired 1 stale QR token(s); a replacement was pushed to the kiosk.
2026-07-19 17:54:24.789 +03:00 [INF] Expired 1 stale QR token(s); a replacement was pushed to the kiosk.
2026-07-19 17:54:44.816 +03:00 [INF] Expired 1 stale QR token(s); a replacement was pushed to the kiosk.
2026-07-19 17:55:04.779 +03:00 [INF] Expired 1 stale QR token(s); a replacement was pushed to the kiosk.
2026-07-19 17:55:24.801 +03:00 [INF] Expired 1 stale QR token(s); a replacement was pushed to the kiosk.
2026-07-19 17:55:44.776 +03:00 [INF] Expired 1 stale QR token(s); a replacement was pushed to the kiosk.
2026-07-19 17:55:59.777 +03:00 [INF] Expired 1 stale QR token(s); a replacement was pushed to the kiosk.
2026-07-19 17:56:19.770 +03:00 [INF] Expired 1 stale QR token(s); a replacement was pushed to the kiosk.
2026-07-19 17:56:34.784 +03:00 [INF] Expired 1 stale QR token(s); a replacement was pushed to the kiosk.
2026-07-19 17:56:49.797 +03:00 [INF] Expired 1 stale QR token(s); a replacement was pushed to the kiosk.
2026-07-19 17:57:09.781 +03:00 [INF] Expired 1 stale QR token(s); a replacement was pushed to the kiosk.
2026-07-19 17:57:29.770 +03:00 [INF] Expired 1 stale QR token(s); a replacement was pushed to the kiosk.
2026-07-19 17:57:49.789 +03:00 [INF] Expired 1 stale QR token(s); a replacement was pushed to the kiosk.
2026-07-19 17:58:09.772 +03:00 [INF] Expired 1 stale QR token(s); a replacement was pushed to the kiosk.
2026-07-19 17:58:29.770 +03:00 [INF] Expired 1 stale QR token(s); a replacement was pushed to the kiosk.
2026-07-19 17:58:44.781 +03:00 [INF] Expired 1 stale QR token(s); a replacement was pushed to the kiosk.
2026-07-19 17:59:04.773 +03:00 [INF] Expired 1 stale QR token(s); a replacement was pushed to the kiosk.
2026-07-19 17:59:24.778 +03:00 [INF] Expired 1 stale QR token(s); a replacement was pushed to the kiosk.
2026-07-19 17:59:44.786 +03:00 [INF] Expired 1 stale QR token(s); a replacement was pushed to the kiosk.
2026-07-19 18:00:04.783 +03:00 [INF] Expired 1 stale QR token(s); a replacement was pushed to the kiosk.
2026-07-19 18:00:24.772 +03:00 [INF] Expired 1 stale QR token(s); a replacement was pushed to the kiosk.
2026-07-19 18:00:44.768 +03:00 [INF] Expired 1 stale QR token(s); a replacement was pushed to the kiosk.
2026-07-19 18:00:59.777 +03:00 [INF] Expired 1 stale QR token(s); a replacement was pushed to the kiosk.
2026-07-19 18:01:19.773 +03:00 [INF] Expired 1 stale QR token(s); a replacement was pushed to the kiosk.
2026-07-19 18:01:34.779 +03:00 [INF] Expired 1 stale QR token(s); a replacement was pushed to the kiosk.
2026-07-19 18:01:54.767 +03:00 [INF] Expired 1 stale QR token(s); a replacement was pushed to the kiosk.
2026-07-19 18:02:09.780 +03:00 [INF] Expired 1 stale QR token(s); a replacement was pushed to the kiosk.
2026-07-19 18:02:29.776 +03:00 [INF] Expired 1 stale QR token(s); a replacement was pushed to the kiosk.
2026-07-19 18:02:49.771 +03:00 [INF] Expired 1 stale QR token(s); a replacement was pushed to the kiosk.
2026-07-19 18:03:04.777 +03:00 [INF] Expired 1 stale QR token(s); a replacement was pushed to the kiosk.
2026-07-19 18:03:24.783 +03:00 [INF] Expired 1 stale QR token(s); a replacement was pushed to the kiosk.
2026-07-19 18:03:44.773 +03:00 [INF] Expired 1 stale QR token(s); a replacement was pushed to the kiosk.
2026-07-19 18:04:04.774 +03:00 [INF] Expired 1 stale QR token(s); a replacement was pushed to the kiosk.
2026-07-19 18:04:19.781 +03:00 [INF] Expired 1 stale QR token(s); a replacement was pushed to the kiosk.
2026-07-19 18:04:39.771 +03:00 [INF] Expired 1 stale QR token(s); a replacement was pushed to the kiosk.
2026-07-19 18:04:59.777 +03:00 [INF] Expired 1 stale QR token(s); a replacement was pushed to the kiosk.
2026-07-19 18:05:19.775 +03:00 [INF] Expired 1 stale QR token(s); a replacement was pushed to the kiosk.
2026-07-19 18:05:39.768 +03:00 [INF] Expired 1 stale QR token(s); a replacement was pushed to the kiosk.
2026-07-19 18:05:54.776 +03:00 [INF] Expired 1 stale QR token(s); a replacement was pushed to the kiosk.
2026-07-19 18:06:14.770 +03:00 [INF] Expired 1 stale QR token(s); a replacement was pushed to the kiosk.
2026-07-19 18:06:29.778 +03:00 [INF] Expired 1 stale QR token(s); a replacement was pushed to the kiosk.
2026-07-19 18:06:49.781 +03:00 [INF] Expired 1 stale QR token(s); a replacement was pushed to the kiosk.
2026-07-19 18:07:09.779 +03:00 [INF] Expired 1 stale QR token(s); a replacement was pushed to the kiosk.
2026-07-19 18:07:29.774 +03:00 [INF] Expired 1 stale QR token(s); a replacement was pushed to the kiosk.
2026-07-19 18:07:44.776 +03:00 [INF] Expired 1 stale QR token(s); a replacement was pushed to the kiosk.
2026-07-19 18:08:04.766 +03:00 [INF] Expired 1 stale QR token(s); a replacement was pushed to the kiosk.
2026-07-19 18:08:19.779 +03:00 [INF] Expired 1 stale QR token(s); a replacement was pushed to the kiosk.
2026-07-19 18:08:34.787 +03:00 [INF] Expired 1 stale QR token(s); a replacement was pushed to the kiosk.
2026-07-19 18:08:54.776 +03:00 [INF] Expired 1 stale QR token(s); a replacement was pushed to the kiosk.
2026-07-19 18:09:14.765 +03:00 [INF] Expired 1 stale QR token(s); a replacement was pushed to the kiosk.
2026-07-19 18:09:29.779 +03:00 [INF] Expired 1 stale QR token(s); a replacement was pushed to the kiosk.
2026-07-19 18:09:49.770 +03:00 [INF] Expired 1 stale QR token(s); a replacement was pushed to the kiosk.
2026-07-19 18:10:04.782 +03:00 [INF] Expired 1 stale QR token(s); a replacement was pushed to the kiosk.
2026-07-19 18:10:24.776 +03:00 [INF] Expired 1 stale QR token(s); a replacement was pushed to the kiosk.
2026-07-19 18:10:39.780 +03:00 [INF] Expired 1 stale QR token(s); a replacement was pushed to the kiosk.
2026-07-19 18:10:59.783 +03:00 [INF] Expired 1 stale QR token(s); a replacement was pushed to the kiosk.
2026-07-19 18:11:19.779 +03:00 [INF] Expired 1 stale QR token(s); a replacement was pushed to the kiosk.
2026-07-19 18:11:39.769 +03:00 [INF] Expired 1 stale QR token(s); a replacement was pushed to the kiosk.
2026-07-19 18:11:54.780 +03:00 [INF] Expired 1 stale QR token(s); a replacement was pushed to the kiosk.
2026-07-19 18:12:14.778 +03:00 [INF] Expired 1 stale QR token(s); a replacement was pushed to the kiosk.
2026-07-19 18:12:34.771 +03:00 [INF] Expired 1 stale QR token(s); a replacement was pushed to the kiosk.
2026-07-19 18:12:49.780 +03:00 [INF] Expired 1 stale QR token(s); a replacement was pushed to the kiosk.
2026-07-19 18:13:09.786 +03:00 [INF] Expired 1 stale QR token(s); a replacement was pushed to the kiosk.
2026-07-19 18:13:29.773 +03:00 [INF] Expired 1 stale QR token(s); a replacement was pushed to the kiosk.
2026-07-19 18:13:49.777 +03:00 [INF] Expired 1 stale QR token(s); a replacement was pushed to the kiosk.
2026-07-19 18:14:09.776 +03:00 [INF] Expired 1 stale QR token(s); a replacement was pushed to the kiosk.
2026-07-19 18:14:24.778 +03:00 [INF] Expired 1 stale QR token(s); a replacement was pushed to the kiosk.
2026-07-19 18:14:44.777 +03:00 [INF] Expired 1 stale QR token(s); a replacement was pushed to the kiosk.
2026-07-19 18:15:04.782 +03:00 [INF] Expired 1 stale QR token(s); a replacement was pushed to the kiosk.
2026-07-19 18:15:24.778 +03:00 [INF] Expired 1 stale QR token(s); a replacement was pushed to the kiosk.
2026-07-19 18:15:44.778 +03:00 [INF] Expired 1 stale QR token(s); a replacement was pushed to the kiosk.
2026-07-19 18:16:04.777 +03:00 [INF] Expired 1 stale QR token(s); a replacement was pushed to the kiosk.
2026-07-19 18:16:24.772 +03:00 [INF] Expired 1 stale QR token(s); a replacement was pushed to the kiosk.
2026-07-19 18:16:44.767 +03:00 [INF] Expired 1 stale QR token(s); a replacement was pushed to the kiosk.
2026-07-19 18:17:04.778 +03:00 [INF] Expired 1 stale QR token(s); a replacement was pushed to the kiosk.
2026-07-19 18:17:24.778 +03:00 [INF] Expired 1 stale QR token(s); a replacement was pushed to the kiosk.
2026-07-19 18:17:44.769 +03:00 [INF] Expired 1 stale QR token(s); a replacement was pushed to the kiosk.
2026-07-19 18:17:59.780 +03:00 [INF] Expired 1 stale QR token(s); a replacement was pushed to the kiosk.
2026-07-19 18:18:19.771 +03:00 [INF] Expired 1 stale QR token(s); a replacement was pushed to the kiosk.
2026-07-19 18:18:34.779 +03:00 [INF] Expired 1 stale QR token(s); a replacement was pushed to the kiosk.
2026-07-19 18:18:54.770 +03:00 [INF] Expired 1 stale QR token(s); a replacement was pushed to the kiosk.
2026-07-19 18:19:14.767 +03:00 [INF] Expired 1 stale QR token(s); a replacement was pushed to the kiosk.
2026-07-19 18:19:29.792 +03:00 [INF] Expired 1 stale QR token(s); a replacement was pushed to the kiosk.
2026-07-19 18:19:49.780 +03:00 [INF] Expired 1 stale QR token(s); a replacement was pushed to the kiosk.
2026-07-19 18:20:09.770 +03:00 [INF] Expired 1 stale QR token(s); a replacement was pushed to the kiosk.
2026-07-19 18:20:29.768 +03:00 [INF] Expired 1 stale QR token(s); a replacement was pushed to the kiosk.
2026-07-19 18:20:49.777 +03:00 [INF] Expired 1 stale QR token(s); a replacement was pushed to the kiosk.
2026-07-19 18:21:09.771 +03:00 [INF] Expired 1 stale QR token(s); a replacement was pushed to the kiosk.
2026-07-19 18:21:29.775 +03:00 [INF] Expired 1 stale QR token(s); a replacement was pushed to the kiosk.
2026-07-19 18:21:49.783 +03:00 [INF] Expired 1 stale QR token(s); a replacement was pushed to the kiosk.
2026-07-19 18:22:09.769 +03:00 [INF] Expired 1 stale QR token(s); a replacement was pushed to the kiosk.
2026-07-19 18:22:29.779 +03:00 [INF] Expired 1 stale QR token(s); a replacement was pushed to the kiosk.
2026-07-19 18:22:49.783 +03:00 [INF] Expired 1 stale QR token(s); a replacement was pushed to the kiosk.
2026-07-19 18:23:09.770 +03:00 [INF] Expired 1 stale QR token(s); a replacement was pushed to the kiosk.
2026-07-19 18:23:29.767 +03:00 [INF] Expired 1 stale QR token(s); a replacement was pushed to the kiosk.
2026-07-19 18:23:44.779 +03:00 [INF] Expired 1 stale QR token(s); a replacement was pushed to the kiosk.
2026-07-19 18:24:04.789 +03:00 [INF] Expired 1 stale QR token(s); a replacement was pushed to the kiosk.
2026-07-19 18:24:24.772 +03:00 [INF] Expired 1 stale QR token(s); a replacement was pushed to the kiosk.
2026-07-19 18:24:44.772 +03:00 [INF] Expired 1 stale QR token(s); a replacement was pushed to the kiosk.
2026-07-19 18:25:04.778 +03:00 [INF] Expired 1 stale QR token(s); a replacement was pushed to the kiosk.
2026-07-19 18:25:24.770 +03:00 [INF] Expired 1 stale QR token(s); a replacement was pushed to the kiosk.
2026-07-19 18:25:39.777 +03:00 [INF] Expired 1 stale QR token(s); a replacement was pushed to the kiosk.
2026-07-19 18:25:59.777 +03:00 [INF] Expired 1 stale QR token(s); a replacement was pushed to the kiosk.
2026-07-19 18:26:19.769 +03:00 [INF] Expired 1 stale QR token(s); a replacement was pushed to the kiosk.
2026-07-19 18:26:39.780 +03:00 [INF] Expired 1 stale QR token(s); a replacement was pushed to the kiosk.
2026-07-19 18:26:59.774 +03:00 [INF] Expired 1 stale QR token(s); a replacement was pushed to the kiosk.
2026-07-19 18:27:14.781 +03:00 [INF] Expired 1 stale QR token(s); a replacement was pushed to the kiosk.
2026-07-19 18:27:34.775 +03:00 [INF] Expired 1 stale QR token(s); a replacement was pushed to the kiosk.
2026-07-19 18:27:49.789 +03:00 [INF] Expired 1 stale QR token(s); a replacement was pushed to the kiosk.
2026-07-19 18:28:09.768 +03:00 [INF] Expired 1 stale QR token(s); a replacement was pushed to the kiosk.
2026-07-19 18:28:29.769 +03:00 [INF] Expired 1 stale QR token(s); a replacement was pushed to the kiosk.
2026-07-19 18:28:49.771 +03:00 [INF] Expired 1 stale QR token(s); a replacement was pushed to the kiosk.
2026-07-19 18:29:09.782 +03:00 [INF] Expired 1 stale QR token(s); a replacement was pushed to the kiosk.
2026-07-19 18:29:29.780 +03:00 [INF] Expired 1 stale QR token(s); a replacement was pushed to the kiosk.
2026-07-19 18:29:49.773 +03:00 [INF] Expired 1 stale QR token(s); a replacement was pushed to the kiosk.
2026-07-19 18:30:04.781 +03:00 [INF] Expired 1 stale QR token(s); a replacement was pushed to the kiosk.
2026-07-19 18:30:24.768 +03:00 [INF] Expired 1 stale QR token(s); a replacement was pushed to the kiosk.
2026-07-19 18:30:39.785 +03:00 [INF] Expired 1 stale QR token(s); a replacement was pushed to the kiosk.
2026-07-19 18:30:59.768 +03:00 [INF] Expired 1 stale QR token(s); a replacement was pushed to the kiosk.
2026-07-19 18:31:14.772 +03:00 [INF] Expired 1 stale QR token(s); a replacement was pushed to the kiosk.
2026-07-19 18:31:34.779 +03:00 [INF] Expired 1 stale QR token(s); a replacement was pushed to the kiosk.
2026-07-19 18:31:54.773 +03:00 [INF] Expired 1 stale QR token(s); a replacement was pushed to the kiosk.
2026-07-19 18:32:14.771 +03:00 [INF] Expired 1 stale QR token(s); a replacement was pushed to the kiosk.
2026-07-19 18:32:34.769 +03:00 [INF] Expired 1 stale QR token(s); a replacement was pushed to the kiosk.
2026-07-19 18:32:49.781 +03:00 [INF] Expired 1 stale QR token(s); a replacement was pushed to the kiosk.
2026-07-19 18:33:09.781 +03:00 [INF] Expired 1 stale QR token(s); a replacement was pushed to the kiosk.
2026-07-19 18:33:29.777 +03:00 [INF] Expired 1 stale QR token(s); a replacement was pushed to the kiosk.
2026-07-19 18:33:49.790 +03:00 [INF] Expired 1 stale QR token(s); a replacement was pushed to the kiosk.
2026-07-19 18:34:09.771 +03:00 [INF] Expired 1 stale QR token(s); a replacement was pushed to the kiosk.
2026-07-19 18:34:29.779 +03:00 [INF] Expired 1 stale QR token(s); a replacement was pushed to the kiosk.
2026-07-19 18:34:49.774 +03:00 [INF] Expired 1 stale QR token(s); a replacement was pushed to the kiosk.
2026-07-19 18:35:09.779 +03:00 [INF] Expired 1 stale QR token(s); a replacement was pushed to the kiosk.
2026-07-19 18:35:29.778 +03:00 [INF] Expired 1 stale QR token(s); a replacement was pushed to the kiosk.
2026-07-19 18:35:49.769 +03:00 [INF] Expired 1 stale QR token(s); a replacement was pushed to the kiosk.
2026-07-19 18:36:04.788 +03:00 [INF] Expired 1 stale QR token(s); a replacement was pushed to the kiosk.
2026-07-19 18:36:24.769 +03:00 [INF] Expired 1 stale QR token(s); a replacement was pushed to the kiosk.
2026-07-19 18:36:39.773 +03:00 [INF] Expired 1 stale QR token(s); a replacement was pushed to the kiosk.
2026-07-19 18:36:59.767 +03:00 [INF] Expired 1 stale QR token(s); a replacement was pushed to the kiosk.
2026-07-19 18:37:19.776 +03:00 [INF] Expired 1 stale QR token(s); a replacement was pushed to the kiosk.
2026-07-19 18:37:39.777 +03:00 [INF] Expired 1 stale QR token(s); a replacement was pushed to the kiosk.
2026-07-19 18:37:59.778 +03:00 [INF] Expired 1 stale QR token(s); a replacement was pushed to the kiosk.
2026-07-19 18:38:14.788 +03:00 [INF] Expired 1 stale QR token(s); a replacement was pushed to the kiosk.
2026-07-19 18:38:34.773 +03:00 [INF] Expired 1 stale QR token(s); a replacement was pushed to the kiosk.
2026-07-19 18:38:49.778 +03:00 [INF] Expired 1 stale QR token(s); a replacement was pushed to the kiosk.
2026-07-19 18:39:09.781 +03:00 [INF] Expired 1 stale QR token(s); a replacement was pushed to the kiosk.
2026-07-19 18:39:29.770 +03:00 [INF] Expired 1 stale QR token(s); a replacement was pushed to the kiosk.
2026-07-19 18:39:44.773 +03:00 [INF] Expired 1 stale QR token(s); a replacement was pushed to the kiosk.
2026-07-19 18:39:59.780 +03:00 [INF] Expired 1 stale QR token(s); a replacement was pushed to the kiosk.
2026-07-19 18:40:19.769 +03:00 [INF] Expired 1 stale QR token(s); a replacement was pushed to the kiosk.
2026-07-19 18:40:39.784 +03:00 [INF] Expired 1 stale QR token(s); a replacement was pushed to the kiosk.
2026-07-19 18:40:59.774 +03:00 [INF] Expired 1 stale QR token(s); a replacement was pushed to the kiosk.
2026-07-19 18:41:19.771 +03:00 [INF] Expired 1 stale QR token(s); a replacement was pushed to the kiosk.
2026-07-19 18:41:34.780 +03:00 [INF] Expired 1 stale QR token(s); a replacement was pushed to the kiosk.
2026-07-19 18:41:54.778 +03:00 [INF] Expired 1 stale QR token(s); a replacement was pushed to the kiosk.
2026-07-19 18:42:14.775 +03:00 [INF] Expired 1 stale QR token(s); a replacement was pushed to the kiosk.
2026-07-19 18:42:34.775 +03:00 [INF] Expired 1 stale QR token(s); a replacement was pushed to the kiosk.
2026-07-19 18:42:54.782 +03:00 [INF] Expired 1 stale QR token(s); a replacement was pushed to the kiosk.
2026-07-19 18:43:14.768 +03:00 [INF] Expired 1 stale QR token(s); a replacement was pushed to the kiosk.
2026-07-19 18:43:29.779 +03:00 [INF] Expired 1 stale QR token(s); a replacement was pushed to the kiosk.
2026-07-19 18:43:49.780 +03:00 [INF] Expired 1 stale QR token(s); a replacement was pushed to the kiosk.
2026-07-19 18:44:09.766 +03:00 [INF] Expired 1 stale QR token(s); a replacement was pushed to the kiosk.
2026-07-19 18:44:24.774 +03:00 [INF] Expired 1 stale QR token(s); a replacement was pushed to the kiosk.
2026-07-19 18:44:44.770 +03:00 [INF] Expired 1 stale QR token(s); a replacement was pushed to the kiosk.
2026-07-19 18:44:59.787 +03:00 [INF] Expired 1 stale QR token(s); a replacement was pushed to the kiosk.
2026-07-19 18:45:19.788 +03:00 [INF] Expired 1 stale QR token(s); a replacement was pushed to the kiosk.
2026-07-19 18:45:39.777 +03:00 [INF] Expired 1 stale QR token(s); a replacement was pushed to the kiosk.
2026-07-19 18:45:54.792 +03:00 [INF] Expired 1 stale QR token(s); a replacement was pushed to the kiosk.
2026-07-19 18:46:14.774 +03:00 [INF] Expired 1 stale QR token(s); a replacement was pushed to the kiosk.
2026-07-19 18:46:29.780 +03:00 [INF] Expired 1 stale QR token(s); a replacement was pushed to the kiosk.
2026-07-19 18:46:49.772 +03:00 [INF] Expired 1 stale QR token(s); a replacement was pushed to the kiosk.
2026-07-19 18:47:09.784 +03:00 [INF] Expired 1 stale QR token(s); a replacement was pushed to the kiosk.
2026-07-19 18:47:29.779 +03:00 [INF] Expired 1 stale QR token(s); a replacement was pushed to the kiosk.
2026-07-19 18:47:49.772 +03:00 [INF] Expired 1 stale QR token(s); a replacement was pushed to the kiosk.
2026-07-19 18:48:04.776 +03:00 [INF] Expired 1 stale QR token(s); a replacement was pushed to the kiosk.
2026-07-19 18:48:24.777 +03:00 [INF] Expired 1 stale QR token(s); a replacement was pushed to the kiosk.
2026-07-19 18:48:44.780 +03:00 [INF] Expired 1 stale QR token(s); a replacement was pushed to the kiosk.
2026-07-19 18:49:04.772 +03:00 [INF] Expired 1 stale QR token(s); a replacement was pushed to the kiosk.
2026-07-19 18:49:24.771 +03:00 [INF] Expired 1 stale QR token(s); a replacement was pushed to the kiosk.
2026-07-19 18:49:39.778 +03:00 [INF] Expired 1 stale QR token(s); a replacement was pushed to the kiosk.
2026-07-19 18:49:59.776 +03:00 [INF] Expired 1 stale QR token(s); a replacement was pushed to the kiosk.
2026-07-19 18:50:19.789 +03:00 [INF] Expired 1 stale QR token(s); a replacement was pushed to the kiosk.
2026-07-19 18:50:39.793 +03:00 [INF] Expired 1 stale QR token(s); a replacement was pushed to the kiosk.
2026-07-19 18:50:59.775 +03:00 [INF] Expired 1 stale QR token(s); a replacement was pushed to the kiosk.
2026-07-19 18:51:19.769 +03:00 [INF] Expired 1 stale QR token(s); a replacement was pushed to the kiosk.
2026-07-19 18:51:39.776 +03:00 [INF] Expired 1 stale QR token(s); a replacement was pushed to the kiosk.
2026-07-19 18:51:59.769 +03:00 [INF] Expired 1 stale QR token(s); a replacement was pushed to the kiosk.
2026-07-19 18:52:14.774 +03:00 [INF] Expired 1 stale QR token(s); a replacement was pushed to the kiosk.
2026-07-19 18:52:29.782 +03:00 [INF] Expired 1 stale QR token(s); a replacement was pushed to the kiosk.
2026-07-19 18:52:49.781 +03:00 [INF] Expired 1 stale QR token(s); a replacement was pushed to the kiosk.
2026-07-19 18:53:09.783 +03:00 [INF] Expired 1 stale QR token(s); a replacement was pushed to the kiosk.
2026-07-19 18:53:29.779 +03:00 [INF] Expired 1 stale QR token(s); a replacement was pushed to the kiosk.
2026-07-19 18:53:49.776 +03:00 [INF] Expired 1 stale QR token(s); a replacement was pushed to the kiosk.
2026-07-19 18:54:09.766 +03:00 [INF] Expired 1 stale QR token(s); a replacement was pushed to the kiosk.
2026-07-19 18:54:24.774 +03:00 [INF] Expired 1 stale QR token(s); a replacement was pushed to the kiosk.
2026-07-19 18:54:44.773 +03:00 [INF] Expired 1 stale QR token(s); a replacement was pushed to the kiosk.
2026-07-19 18:54:59.777 +03:00 [INF] Expired 1 stale QR token(s); a replacement was pushed to the kiosk.
2026-07-19 18:55:19.779 +03:00 [INF] Expired 1 stale QR token(s); a replacement was pushed to the kiosk.
2026-07-19 18:55:39.767 +03:00 [INF] Expired 1 stale QR token(s); a replacement was pushed to the kiosk.
2026-07-19 18:55:54.781 +03:00 [INF] Expired 1 stale QR token(s); a replacement was pushed to the kiosk.
2026-07-19 18:56:14.779 +03:00 [INF] Expired 1 stale QR token(s); a replacement was pushed to the kiosk.
2026-07-19 18:56:29.785 +03:00 [INF] Expired 1 stale QR token(s); a replacement was pushed to the kiosk.
2026-07-19 18:56:49.774 +03:00 [INF] Expired 1 stale QR token(s); a replacement was pushed to the kiosk.
2026-07-19 18:57:09.786 +03:00 [INF] Expired 1 stale QR token(s); a replacement was pushed to the kiosk.
2026-07-19 18:57:29.776 +03:00 [INF] Expired 1 stale QR token(s); a replacement was pushed to the kiosk.
2026-07-19 18:57:49.776 +03:00 [INF] Expired 1 stale QR token(s); a replacement was pushed to the kiosk.
2026-07-19 18:58:09.775 +03:00 [INF] Expired 1 stale QR token(s); a replacement was pushed to the kiosk.
2026-07-19 18:58:29.771 +03:00 [INF] Expired 1 stale QR token(s); a replacement was pushed to the kiosk.
2026-07-19 18:58:49.775 +03:00 [INF] Expired 1 stale QR token(s); a replacement was pushed to the kiosk.
2026-07-19 18:59:09.782 +03:00 [INF] Expired 1 stale QR token(s); a replacement was pushed to the kiosk.
2026-07-19 18:59:29.772 +03:00 [INF] Expired 1 stale QR token(s); a replacement was pushed to the kiosk.
2026-07-19 18:59:49.775 +03:00 [INF] Expired 1 stale QR token(s); a replacement was pushed to the kiosk.
2026-07-19 19:00:09.785 +03:00 [INF] Expired 1 stale QR token(s); a replacement was pushed to the kiosk.
2026-07-19 19:00:29.783 +03:00 [INF] Expired 1 stale QR token(s); a replacement was pushed to the kiosk.
2026-07-19 19:00:49.779 +03:00 [INF] Expired 1 stale QR token(s); a replacement was pushed to the kiosk.
2026-07-19 19:01:09.770 +03:00 [INF] Expired 1 stale QR token(s); a replacement was pushed to the kiosk.
2026-07-19 19:01:29.776 +03:00 [INF] Expired 1 stale QR token(s); a replacement was pushed to the kiosk.
2026-07-19 19:01:44.782 +03:00 [INF] Expired 1 stale QR token(s); a replacement was pushed to the kiosk.
2026-07-19 19:02:04.782 +03:00 [INF] Expired 1 stale QR token(s); a replacement was pushed to the kiosk.
2026-07-19 19:02:24.778 +03:00 [INF] Expired 1 stale QR token(s); a replacement was pushed to the kiosk.
2026-07-19 19:02:44.771 +03:00 [INF] Expired 1 stale QR token(s); a replacement was pushed to the kiosk.
2026-07-19 19:02:59.776 +03:00 [INF] Expired 1 stale QR token(s); a replacement was pushed to the kiosk.
2026-07-19 19:03:19.774 +03:00 [INF] Expired 1 stale QR token(s); a replacement was pushed to the kiosk.
2026-07-19 19:03:34.786 +03:00 [INF] Expired 1 stale QR token(s); a replacement was pushed to the kiosk.
2026-07-19 19:03:54.781 +03:00 [INF] Expired 1 stale QR token(s); a replacement was pushed to the kiosk.
2026-07-19 19:04:14.772 +03:00 [INF] Expired 1 stale QR token(s); a replacement was pushed to the kiosk.
2026-07-19 19:04:34.783 +03:00 [INF] Expired 1 stale QR token(s); a replacement was pushed to the kiosk.
2026-07-19 19:04:54.781 +03:00 [INF] Expired 1 stale QR token(s); a replacement was pushed to the kiosk.
2026-07-19 19:05:14.772 +03:00 [INF] Expired 1 stale QR token(s); a replacement was pushed to the kiosk.
2026-07-19 19:05:34.777 +03:00 [INF] Expired 1 stale QR token(s); a replacement was pushed to the kiosk.
2026-07-19 19:05:49.783 +03:00 [INF] Expired 1 stale QR token(s); a replacement was pushed to the kiosk.
2026-07-19 19:06:09.774 +03:00 [INF] Expired 1 stale QR token(s); a replacement was pushed to the kiosk.
2026-07-19 19:06:29.770 +03:00 [INF] Expired 1 stale QR token(s); a replacement was pushed to the kiosk.
2026-07-19 19:06:44.787 +03:00 [INF] Expired 1 stale QR token(s); a replacement was pushed to the kiosk.
2026-07-19 19:07:04.775 +03:00 [INF] Expired 1 stale QR token(s); a replacement was pushed to the kiosk.
2026-07-19 19:07:24.773 +03:00 [INF] Expired 1 stale QR token(s); a replacement was pushed to the kiosk.
2026-07-19 19:07:44.775 +03:00 [INF] Expired 1 stale QR token(s); a replacement was pushed to the kiosk.
2026-07-19 19:08:04.771 +03:00 [INF] Expired 1 stale QR token(s); a replacement was pushed to the kiosk.
2026-07-19 19:08:19.772 +03:00 [INF] Expired 1 stale QR token(s); a replacement was pushed to the kiosk.
2026-07-19 19:08:39.767 +03:00 [INF] Expired 1 stale QR token(s); a replacement was pushed to the kiosk.
2026-07-19 19:08:54.792 +03:00 [INF] Expired 1 stale QR token(s); a replacement was pushed to the kiosk.
2026-07-19 19:09:14.784 +03:00 [INF] Expired 1 stale QR token(s); a replacement was pushed to the kiosk.
2026-07-19 19:09:34.782 +03:00 [INF] Expired 1 stale QR token(s); a replacement was pushed to the kiosk.
2026-07-19 19:09:54.770 +03:00 [INF] Expired 1 stale QR token(s); a replacement was pushed to the kiosk.
2026-07-19 19:10:09.783 +03:00 [INF] Expired 1 stale QR token(s); a replacement was pushed to the kiosk.
2026-07-19 19:10:29.768 +03:00 [INF] Expired 1 stale QR token(s); a replacement was pushed to the kiosk.
2026-07-19 19:10:44.775 +03:00 [INF] Expired 1 stale QR token(s); a replacement was pushed to the kiosk.
2026-07-19 19:11:04.783 +03:00 [INF] Expired 1 stale QR token(s); a replacement was pushed to the kiosk.
2026-07-19 19:11:24.772 +03:00 [INF] Expired 1 stale QR token(s); a replacement was pushed to the kiosk.
2026-07-19 19:11:44.769 +03:00 [INF] Expired 1 stale QR token(s); a replacement was pushed to the kiosk.
2026-07-19 19:11:59.776 +03:00 [INF] Expired 1 stale QR token(s); a replacement was pushed to the kiosk.
2026-07-19 19:12:19.774 +03:00 [INF] Expired 1 stale QR token(s); a replacement was pushed to the kiosk.
2026-07-19 19:12:53.029 +03:00 [INF] Expired 1 stale QR token(s); a replacement was pushed to the kiosk.
2026-07-19 19:34:26.474 +03:00 [INF] Expired 1 stale QR token(s); a replacement was pushed to the kiosk.
2026-07-19 21:51:27.396 +03:00 [INF] Expired 1 stale QR token(s); a replacement was pushed to the kiosk.
2026-07-19 21:51:46.610 +03:00 [INF] Expired 1 stale QR token(s); a replacement was pushed to the kiosk.
2026-07-19 21:52:06.607 +03:00 [INF] Expired 1 stale QR token(s); a replacement was pushed to the kiosk.
2026-07-19 21:52:26.605 +03:00 [INF] Expired 1 stale QR token(s); a replacement was pushed to the kiosk.
2026-07-19 21:52:46.633 +03:00 [INF] Expired 1 stale QR token(s); a replacement was pushed to the kiosk.
2026-07-19 21:53:06.629 +03:00 [INF] Expired 1 stale QR token(s); a replacement was pushed to the kiosk.
2026-07-19 21:53:26.609 +03:00 [INF] Expired 1 stale QR token(s); a replacement was pushed to the kiosk.
2026-07-19 21:53:41.646 +03:00 [INF] Expired 1 stale QR token(s); a replacement was pushed to the kiosk.
2026-07-19 21:54:01.611 +03:00 [INF] Expired 1 stale QR token(s); a replacement was pushed to the kiosk.
2026-07-19 21:54:21.630 +03:00 [INF] Expired 1 stale QR token(s); a replacement was pushed to the kiosk.
2026-07-19 21:54:41.636 +03:00 [INF] Expired 1 stale QR token(s); a replacement was pushed to the kiosk.
2026-07-19 21:55:01.611 +03:00 [INF] Expired 1 stale QR token(s); a replacement was pushed to the kiosk.
2026-07-19 21:55:21.642 +03:00 [INF] Expired 1 stale QR token(s); a replacement was pushed to the kiosk.
2026-07-19 21:55:41.606 +03:00 [INF] Expired 1 stale QR token(s); a replacement was pushed to the kiosk.
2026-07-19 21:56:01.631 +03:00 [INF] Expired 1 stale QR token(s); a replacement was pushed to the kiosk.
2026-07-19 21:56:21.623 +03:00 [INF] Expired 1 stale QR token(s); a replacement was pushed to the kiosk.
2026-07-19 21:56:41.591 +03:00 [INF] Expired 1 stale QR token(s); a replacement was pushed to the kiosk.
2026-07-19 21:56:56.640 +03:00 [INF] Expired 1 stale QR token(s); a replacement was pushed to the kiosk.
2026-07-19 21:57:16.635 +03:00 [INF] Expired 1 stale QR token(s); a replacement was pushed to the kiosk.
2026-07-19 21:57:36.630 +03:00 [INF] Expired 1 stale QR token(s); a replacement was pushed to the kiosk.
2026-07-19 21:57:56.633 +03:00 [INF] Expired 1 stale QR token(s); a replacement was pushed to the kiosk.
2026-07-19 21:58:16.605 +03:00 [INF] Expired 1 stale QR token(s); a replacement was pushed to the kiosk.
2026-07-19 21:58:36.624 +03:00 [INF] Expired 1 stale QR token(s); a replacement was pushed to the kiosk.
2026-07-19 21:58:56.640 +03:00 [INF] Expired 1 stale QR token(s); a replacement was pushed to the kiosk.
2026-07-19 21:59:16.615 +03:00 [INF] Expired 1 stale QR token(s); a replacement was pushed to the kiosk.
2026-07-19 21:59:36.631 +03:00 [INF] Expired 1 stale QR token(s); a replacement was pushed to the kiosk.
2026-07-19 21:59:56.637 +03:00 [INF] Expired 1 stale QR token(s); a replacement was pushed to the kiosk.
2026-07-19 22:00:16.635 +03:00 [INF] Expired 1 stale QR token(s); a replacement was pushed to the kiosk.
2026-07-19 22:00:36.634 +03:00 [INF] Expired 1 stale QR token(s); a replacement was pushed to the kiosk.
2026-07-19 22:00:56.628 +03:00 [INF] Expired 1 stale QR token(s); a replacement was pushed to the kiosk.
2026-07-19 22:01:16.625 +03:00 [INF] Expired 1 stale QR token(s); a replacement was pushed to the kiosk.
2026-07-19 22:01:36.634 +03:00 [INF] Expired 1 stale QR token(s); a replacement was pushed to the kiosk.
2026-07-19 22:01:56.628 +03:00 [INF] Expired 1 stale QR token(s); a replacement was pushed to the kiosk.
2026-07-19 22:02:16.635 +03:00 [INF] Expired 1 stale QR token(s); a replacement was pushed to the kiosk.
2026-07-19 22:02:36.627 +03:00 [INF] Expired 1 stale QR token(s); a replacement was pushed to the kiosk.
2026-07-19 22:02:56.629 +03:00 [INF] Expired 1 stale QR token(s); a replacement was pushed to the kiosk.
2026-07-19 22:03:16.626 +03:00 [INF] Expired 1 stale QR token(s); a replacement was pushed to the kiosk.
2026-07-19 22:03:36.615 +03:00 [INF] Expired 1 stale QR token(s); a replacement was pushed to the kiosk.
2026-07-19 22:03:56.634 +03:00 [INF] Expired 1 stale QR token(s); a replacement was pushed to the kiosk.
2026-07-19 22:04:16.636 +03:00 [INF] Expired 1 stale QR token(s); a replacement was pushed to the kiosk.
2026-07-19 22:04:36.609 +03:00 [INF] Expired 1 stale QR token(s); a replacement was pushed to the kiosk.
2026-07-19 22:04:56.628 +03:00 [INF] Expired 1 stale QR token(s); a replacement was pushed to the kiosk.
2026-07-19 22:05:16.598 +03:00 [INF] Expired 1 stale QR token(s); a replacement was pushed to the kiosk.
2026-07-19 22:05:36.599 +03:00 [INF] Expired 1 stale QR token(s); a replacement was pushed to the kiosk.
2026-07-19 22:05:51.607 +03:00 [INF] Expired 1 stale QR token(s); a replacement was pushed to the kiosk.
2026-07-19 22:06:11.637 +03:00 [INF] Expired 1 stale QR token(s); a replacement was pushed to the kiosk.
2026-07-19 22:06:31.607 +03:00 [INF] Expired 1 stale QR token(s); a replacement was pushed to the kiosk.
2026-07-19 22:06:51.632 +03:00 [INF] Expired 1 stale QR token(s); a replacement was pushed to the kiosk.
2026-07-19 22:07:11.635 +03:00 [INF] Expired 1 stale QR token(s); a replacement was pushed to the kiosk.
2026-07-19 22:07:31.630 +03:00 [INF] Expired 1 stale QR token(s); a replacement was pushed to the kiosk.
2026-07-19 22:07:51.624 +03:00 [INF] Expired 1 stale QR token(s); a replacement was pushed to the kiosk.
2026-07-19 22:08:11.635 +03:00 [INF] Expired 1 stale QR token(s); a replacement was pushed to the kiosk.
2026-07-19 22:08:31.630 +03:00 [INF] Expired 1 stale QR token(s); a replacement was pushed to the kiosk.
2026-07-19 22:08:51.633 +03:00 [INF] Expired 1 stale QR token(s); a replacement was pushed to the kiosk.
2026-07-19 22:09:11.627 +03:00 [INF] Expired 1 stale QR token(s); a replacement was pushed to the kiosk.
2026-07-19 22:09:31.627 +03:00 [INF] Expired 1 stale QR token(s); a replacement was pushed to the kiosk.
2026-07-19 22:09:51.629 +03:00 [INF] Expired 1 stale QR token(s); a replacement was pushed to the kiosk.
2026-07-19 22:10:11.647 +03:00 [INF] Expired 1 stale QR token(s); a replacement was pushed to the kiosk.
2026-07-19 22:10:31.623 +03:00 [INF] Expired 1 stale QR token(s); a replacement was pushed to the kiosk.
2026-07-19 22:10:51.626 +03:00 [INF] Expired 1 stale QR token(s); a replacement was pushed to the kiosk.
2026-07-19 22:11:11.640 +03:00 [INF] Expired 1 stale QR token(s); a replacement was pushed to the kiosk.
2026-07-19 22:11:31.634 +03:00 [INF] Expired 1 stale QR token(s); a replacement was pushed to the kiosk.
2026-07-19 22:11:51.634 +03:00 [INF] Expired 1 stale QR token(s); a replacement was pushed to the kiosk.
2026-07-19 22:12:11.638 +03:00 [INF] Expired 1 stale QR token(s); a replacement was pushed to the kiosk.
2026-07-19 22:12:31.626 +03:00 [INF] Expired 1 stale QR token(s); a replacement was pushed to the kiosk.
2026-07-19 22:12:51.608 +03:00 [INF] Expired 1 stale QR token(s); a replacement was pushed to the kiosk.
2026-07-19 22:13:11.631 +03:00 [INF] Expired 1 stale QR token(s); a replacement was pushed to the kiosk.
2026-07-19 22:13:31.613 +03:00 [INF] Expired 1 stale QR token(s); a replacement was pushed to the kiosk.
2026-07-19 22:13:51.606 +03:00 [INF] Expired 1 stale QR token(s); a replacement was pushed to the kiosk.
2026-07-19 22:14:11.631 +03:00 [INF] Expired 1 stale QR token(s); a replacement was pushed to the kiosk.
2026-07-19 22:14:31.624 +03:00 [INF] Expired 1 stale QR token(s); a replacement was pushed to the kiosk.
2026-07-19 22:14:51.638 +03:00 [INF] Expired 1 stale QR token(s); a replacement was pushed to the kiosk.
2026-07-19 22:15:11.630 +03:00 [INF] Expired 1 stale QR token(s); a replacement was pushed to the kiosk.
2026-07-19 22:15:31.610 +03:00 [INF] Expired 1 stale QR token(s); a replacement was pushed to the kiosk.
2026-07-19 22:15:51.629 +03:00 [INF] Expired 1 stale QR token(s); a replacement was pushed to the kiosk.
2026-07-19 22:16:11.631 +03:00 [INF] Expired 1 stale QR token(s); a replacement was pushed to the kiosk.
2026-07-19 22:16:31.632 +03:00 [INF] Expired 1 stale QR token(s); a replacement was pushed to the kiosk.
2026-07-19 22:16:51.630 +03:00 [INF] Expired 1 stale QR token(s); a replacement was pushed to the kiosk.
2026-07-19 22:17:11.634 +03:00 [INF] Expired 1 stale QR token(s); a replacement was pushed to the kiosk.
2026-07-19 22:17:31.630 +03:00 [INF] Expired 1 stale QR token(s); a replacement was pushed to the kiosk.
2026-07-19 22:17:46.678 +03:00 [INF] Expired 1 stale QR token(s); a replacement was pushed to the kiosk.
2026-07-19 22:18:06.629 +03:00 [INF] Expired 1 stale QR token(s); a replacement was pushed to the kiosk.
2026-07-19 22:18:26.623 +03:00 [INF] Expired 1 stale QR token(s); a replacement was pushed to the kiosk.
2026-07-19 22:18:46.633 +03:00 [INF] Expired 1 stale QR token(s); a replacement was pushed to the kiosk.
2026-07-19 22:19:06.634 +03:00 [INF] Expired 1 stale QR token(s); a replacement was pushed to the kiosk.
2026-07-19 22:19:26.628 +03:00 [INF] Expired 1 stale QR token(s); a replacement was pushed to the kiosk.
2026-07-19 22:19:46.594 +03:00 [INF] Expired 1 stale QR token(s); a replacement was pushed to the kiosk.
2026-07-19 22:20:01.648 +03:00 [INF] Expired 1 stale QR token(s); a replacement was pushed to the kiosk.
2026-07-19 22:20:21.627 +03:00 [INF] Expired 1 stale QR token(s); a replacement was pushed to the kiosk.
2026-07-19 22:20:41.637 +03:00 [INF] Expired 1 stale QR token(s); a replacement was pushed to the kiosk.
2026-07-19 22:21:01.627 +03:00 [INF] Expired 1 stale QR token(s); a replacement was pushed to the kiosk.
2026-07-19 22:21:21.638 +03:00 [INF] Expired 1 stale QR token(s); a replacement was pushed to the kiosk.
2026-07-19 22:21:41.635 +03:00 [INF] Expired 1 stale QR token(s); a replacement was pushed to the kiosk.
2026-07-19 22:22:01.631 +03:00 [INF] Expired 1 stale QR token(s); a replacement was pushed to the kiosk.
2026-07-19 22:22:21.611 +03:00 [INF] Expired 1 stale QR token(s); a replacement was pushed to the kiosk.
2026-07-19 22:22:41.642 +03:00 [INF] Expired 1 stale QR token(s); a replacement was pushed to the kiosk.
2026-07-19 22:23:01.593 +03:00 [INF] Expired 1 stale QR token(s); a replacement was pushed to the kiosk.
2026-07-19 22:23:16.637 +03:00 [INF] Expired 1 stale QR token(s); a replacement was pushed to the kiosk.
2026-07-19 22:23:36.637 +03:00 [INF] Expired 1 stale QR token(s); a replacement was pushed to the kiosk.
2026-07-19 22:23:56.633 +03:00 [INF] Expired 1 stale QR token(s); a replacement was pushed to the kiosk.
2026-07-19 22:24:16.624 +03:00 [INF] Expired 1 stale QR token(s); a replacement was pushed to the kiosk.
2026-07-19 22:24:36.636 +03:00 [INF] Expired 1 stale QR token(s); a replacement was pushed to the kiosk.
2026-07-19 22:24:56.633 +03:00 [INF] Expired 1 stale QR token(s); a replacement was pushed to the kiosk.
2026-07-19 22:25:16.629 +03:00 [INF] Expired 1 stale QR token(s); a replacement was pushed to the kiosk.
2026-07-19 22:25:36.728 +03:00 [INF] Expired 1 stale QR token(s); a replacement was pushed to the kiosk.
2026-07-19 22:25:56.629 +03:00 [INF] Expired 1 stale QR token(s); a replacement was pushed to the kiosk.
2026-07-19 22:26:16.636 +03:00 [INF] Expired 1 stale QR token(s); a replacement was pushed to the kiosk.
2026-07-19 22:26:36.648 +03:00 [INF] Expired 1 stale QR token(s); a replacement was pushed to the kiosk.
2026-07-19 22:26:56.639 +03:00 [INF] Expired 1 stale QR token(s); a replacement was pushed to the kiosk.
2026-07-19 22:27:16.633 +03:00 [INF] Expired 1 stale QR token(s); a replacement was pushed to the kiosk.
2026-07-19 22:27:36.630 +03:00 [INF] Expired 1 stale QR token(s); a replacement was pushed to the kiosk.
2026-07-19 22:27:56.630 +03:00 [INF] Expired 1 stale QR token(s); a replacement was pushed to the kiosk.
2026-07-19 22:28:16.629 +03:00 [INF] Expired 1 stale QR token(s); a replacement was pushed to the kiosk.
2026-07-19 22:28:36.629 +03:00 [INF] Expired 1 stale QR token(s); a replacement was pushed to the kiosk.
2026-07-19 22:28:56.665 +03:00 [INF] Expired 1 stale QR token(s); a replacement was pushed to the kiosk.
2026-07-19 22:29:16.632 +03:00 [INF] Expired 1 stale QR token(s); a replacement was pushed to the kiosk.
2026-07-19 22:29:36.600 +03:00 [INF] Expired 1 stale QR token(s); a replacement was pushed to the kiosk.
2026-07-19 22:29:51.648 +03:00 [INF] Expired 1 stale QR token(s); a replacement was pushed to the kiosk.
2026-07-19 22:30:11.636 +03:00 [INF] Expired 1 stale QR token(s); a replacement was pushed to the kiosk.
2026-07-19 22:30:31.631 +03:00 [INF] Expired 1 stale QR token(s); a replacement was pushed to the kiosk.
2026-07-19 22:30:51.624 +03:00 [INF] Expired 1 stale QR token(s); a replacement was pushed to the kiosk.
2026-07-19 22:31:11.627 +03:00 [INF] Expired 1 stale QR token(s); a replacement was pushed to the kiosk.
2026-07-19 22:31:31.632 +03:00 [INF] Expired 1 stale QR token(s); a replacement was pushed to the kiosk.
2026-07-19 22:31:51.635 +03:00 [INF] Expired 1 stale QR token(s); a replacement was pushed to the kiosk.
2026-07-19 22:32:11.635 +03:00 [INF] Expired 1 stale QR token(s); a replacement was pushed to the kiosk.
2026-07-19 22:32:31.595 +03:00 [INF] Expired 1 stale QR token(s); a replacement was pushed to the kiosk.
2026-07-19 22:32:51.630 +03:00 [INF] Expired 1 stale QR token(s); a replacement was pushed to the kiosk.
2026-07-19 22:33:11.642 +03:00 [INF] Expired 1 stale QR token(s); a replacement was pushed to the kiosk.
2026-07-19 22:33:31.609 +03:00 [INF] Expired 1 stale QR token(s); a replacement was pushed to the kiosk.
2026-07-19 22:33:51.636 +03:00 [INF] Expired 1 stale QR token(s); a replacement was pushed to the kiosk.
2026-07-19 22:34:11.630 +03:00 [INF] Expired 1 stale QR token(s); a replacement was pushed to the kiosk.
2026-07-19 22:34:31.633 +03:00 [INF] Expired 1 stale QR token(s); a replacement was pushed to the kiosk.
2026-07-19 22:34:51.630 +03:00 [INF] Expired 1 stale QR token(s); a replacement was pushed to the kiosk.
2026-07-19 22:35:11.631 +03:00 [INF] Expired 1 stale QR token(s); a replacement was pushed to the kiosk.
2026-07-19 22:35:31.596 +03:00 [INF] Expired 1 stale QR token(s); a replacement was pushed to the kiosk.
2026-07-19 22:35:46.633 +03:00 [INF] Expired 1 stale QR token(s); a replacement was pushed to the kiosk.
2026-07-19 22:36:06.625 +03:00 [INF] Expired 1 stale QR token(s); a replacement was pushed to the kiosk.
2026-07-19 22:36:26.614 +03:00 [INF] Expired 1 stale QR token(s); a replacement was pushed to the kiosk.
2026-07-19 22:36:46.629 +03:00 [INF] Expired 1 stale QR token(s); a replacement was pushed to the kiosk.
2026-07-19 22:37:06.631 +03:00 [INF] Expired 1 stale QR token(s); a replacement was pushed to the kiosk.
2026-07-19 22:37:26.629 +03:00 [INF] Expired 1 stale QR token(s); a replacement was pushed to the kiosk.
2026-07-19 22:37:46.638 +03:00 [INF] Expired 1 stale QR token(s); a replacement was pushed to the kiosk.
2026-07-19 22:38:06.635 +03:00 [INF] Expired 1 stale QR token(s); a replacement was pushed to the kiosk.
2026-07-19 22:38:26.630 +03:00 [INF] Expired 1 stale QR token(s); a replacement was pushed to the kiosk.
2026-07-19 22:38:46.642 +03:00 [INF] Expired 1 stale QR token(s); a replacement was pushed to the kiosk.
2026-07-19 22:39:06.608 +03:00 [INF] Expired 1 stale QR token(s); a replacement was pushed to the kiosk.
2026-07-19 22:39:26.592 +03:00 [INF] Expired 1 stale QR token(s); a replacement was pushed to the kiosk.
2026-07-19 22:39:46.640 +03:00 [INF] Expired 1 stale QR token(s); a replacement was pushed to the kiosk.
2026-07-19 22:40:06.630 +03:00 [INF] Expired 1 stale QR token(s); a replacement was pushed to the kiosk.
2026-07-19 22:40:26.630 +03:00 [INF] Expired 1 stale QR token(s); a replacement was pushed to the kiosk.
2026-07-19 22:40:46.625 +03:00 [INF] Expired 1 stale QR token(s); a replacement was pushed to the kiosk.
2026-07-19 22:41:06.627 +03:00 [INF] Expired 1 stale QR token(s); a replacement was pushed to the kiosk.
2026-07-19 22:41:26.623 +03:00 [INF] Expired 1 stale QR token(s); a replacement was pushed to the kiosk.
2026-07-19 22:41:46.630 +03:00 [INF] Expired 1 stale QR token(s); a replacement was pushed to the kiosk.
2026-07-19 22:42:06.606 +03:00 [INF] Expired 1 stale QR token(s); a replacement was pushed to the kiosk.
2026-07-19 22:42:26.630 +03:00 [INF] Expired 1 stale QR token(s); a replacement was pushed to the kiosk.
2026-07-19 22:42:56.274 +03:00 [INF] Expired 1 stale QR token(s); a replacement was pushed to the kiosk.
2026-07-19 23:42:35.702 +03:00 [INF] Expired 1 stale QR token(s); a replacement was pushed to the kiosk.
