2026-07-10 12:15:34.983 +03:00 [WRN] The 'StaffStatus' property 'Status' on entity type 'Staff' is configured with a database-generated default, but has no configured sentinel value. The database-generated default will always be used for inserts when the property has the value 'Inactive', since this is the CLR default for the 'StaffStatus' type. Consider using a nullable type, using a nullable backing field, or setting the sentinel value for the property to ensure the database default is used when, and only when, appropriate. See https://aka.ms/efcore-docs-default-values for more information.
2026-07-10 12:15:36.683 +03:00 [INF] Kiosk QR deep-link base: http://192.168.1.36:4200/scan — phones must be able to reach this host.
2026-07-10 12:15:36.770 +03:00 [INF] QR token expiry sweep started (interval 5s).
2026-07-10 12:15:36.875 +03:00 [ERR] Hosting failed to start
System.IO.IOException: Failed to bind to address http://0.0.0.0:5080: address already in use.
 ---> Microsoft.AspNetCore.Connections.AddressInUseException: Only one usage of each socket address (protocol/network address/port) is normally permitted.
 ---> System.Net.Sockets.SocketException (10048): Only one usage of each socket address (protocol/network address/port) is normally permitted.
   at System.Net.Sockets.Socket.UpdateStatusAfterSocketErrorAndThrowException(SocketError error, Boolean disconnectOnFailure, String callerName)
   at System.Net.Sockets.Socket.DoBind(EndPoint endPointSnapshot, SocketAddress socketAddress)
   at System.Net.Sockets.Socket.Bind(EndPoint localEP)
   at Microsoft.AspNetCore.Server.Kestrel.Transport.Sockets.SocketTransportOptions.CreateDefaultBoundListenSocket(EndPoint endpoint)
   at Microsoft.AspNetCore.Server.Kestrel.Transport.Sockets.SocketConnectionListener.Bind()
   --- End of inner exception stack trace ---
   at Microsoft.AspNetCore.Server.Kestrel.Transport.Sockets.SocketConnectionListener.Bind()
   at Microsoft.AspNetCore.Server.Kestrel.Transport.Sockets.SocketTransportFactory.BindAsync(EndPoint endpoint, CancellationToken cancellationToken)
   at Microsoft.AspNetCore.Server.Kestrel.Core.Internal.Infrastructure.TransportManager.BindAsync(EndPoint endPoint, ConnectionDelegate connectionDelegate, EndpointConfig endpointConfig, CancellationToken cancellationToken)
   at Microsoft.AspNetCore.Server.Kestrel.Core.KestrelServerImpl.<>c__DisplayClass28_0`1.<<StartAsync>g__OnBind|0>d.MoveNext()
--- End of stack trace from previous location ---
   at Microsoft.AspNetCore.Server.Kestrel.Core.Internal.AddressBinder.BindEndpointAsync(ListenOptions endpoint, AddressBindContext context, CancellationToken cancellationToken)
   --- End of inner exception stack trace ---
   at Microsoft.AspNetCore.Server.Kestrel.Core.Internal.AddressBinder.BindEndpointAsync(ListenOptions endpoint, AddressBindContext context, CancellationToken cancellationToken)
   at Microsoft.AspNetCore.Server.Kestrel.Core.ListenOptions.BindAsync(AddressBindContext context, CancellationToken cancellationToken)
   at Microsoft.AspNetCore.Server.Kestrel.Core.Internal.AddressBinder.AddressesStrategy.BindAsync(AddressBindContext context, CancellationToken cancellationToken)
   at Microsoft.AspNetCore.Server.Kestrel.Core.KestrelServerImpl.BindAsync(CancellationToken cancellationToken)
   at Microsoft.AspNetCore.Server.Kestrel.Core.KestrelServerImpl.StartAsync[TContext](IHttpApplication`1 application, CancellationToken cancellationToken)
   at Microsoft.AspNetCore.Hosting.GenericWebHostService.StartAsync(CancellationToken cancellationToken)
   at Microsoft.Extensions.Hosting.Internal.Host.<StartAsync>b__14_1(IHostedService service, CancellationToken token)
   at Microsoft.Extensions.Hosting.Internal.Host.ForeachService[T](IEnumerable`1 services, CancellationToken token, Boolean concurrent, Boolean abortOnFirstException, List`1 exceptions, Func`3 operation)
2026-07-10 12:15:36.987 +03:00 [ERR] BackgroundService failed
System.OperationCanceledException: The operation was canceled.
   at System.Threading.PeriodicTimer.State.Signal(Boolean stopping, CancellationToken cancellationToken)
   at System.Threading.CancellationTokenSource.ExecuteCallbackHandlers(Boolean throwOnFirstException)
   at Microsoft.Extensions.DependencyInjection.ServiceLookup.ServiceProviderEngineScope.DisposeAsync()
   at Microsoft.Extensions.Hosting.Internal.Host.DisposeAsync()
   at System.Runtime.CompilerServices.AsyncMethodBuilderCore.Start[TStateMachine](TStateMachine& stateMachine)
   at Microsoft.Extensions.Hosting.Internal.Host.DisposeAsync()
   at Microsoft.Extensions.Hosting.HostingAbstractionsHostExtensions.RunAsync(IHost host, CancellationToken token)
   at System.Runtime.CompilerServices.AsyncMethodBuilderCore.Start[TStateMachine](TStateMachine& stateMachine)
   at Microsoft.Extensions.Hosting.HostingAbstractionsHostExtensions.RunAsync(IHost host, CancellationToken token)
   at Microsoft.Extensions.Hosting.HostingAbstractionsHostExtensions.Run(IHost host)
   at Program.<Main>$(String[] args) in C:\PROJECTS\employer\src\Attendance.Api\Program.cs:line 207
   at System.Threading.ExecutionContext.RunInternal(ExecutionContext executionContext, ContextCallback callback, Object state)
   at System.Runtime.CompilerServices.AsyncTaskMethodBuilder`1.AsyncStateMachineBox`1.MoveNext(Thread threadPoolThread)
   at System.Threading.Tasks.AwaitTaskContinuation.RunOrScheduleAction(IAsyncStateMachineBox box, Boolean allowInlining)
   at System.Threading.Tasks.Task.RunContinuations(Object continuationObject)
   at System.Threading.Tasks.Task`1.TrySetResult(TResult result)
   at System.Runtime.CompilerServices.AsyncTaskMethodBuilder`1.SetExistingTaskResult(Task`1 task, TResult result)
   at Attendance.Infrastructure.Data.SeedData.SeedAsync(IServiceProvider serviceProvider) in C:\PROJECTS\employer\src\Attendance.Infrastructure\Data\SeedData.cs:line 35
   at System.Threading.ExecutionContext.RunInternal(ExecutionContext executionContext, ContextCallback callback, Object state)
   at System.Runtime.CompilerServices.AsyncTaskMethodBuilder`1.AsyncStateMachineBox`1.MoveNext(Thread threadPoolThread)
   at System.Threading.Tasks.AwaitTaskContinuation.RunOrScheduleAction(IAsyncStateMachineBox box, Boolean allowInlining)
   at System.Threading.Tasks.Task.RunContinuations(Object continuationObject)
   at System.Threading.Tasks.Task`1.TrySetResult(TResult result)
   at System.Runtime.CompilerServices.AsyncTaskMethodBuilder`1.SetExistingTaskResult(Task`1 task, TResult result)
   at Attendance.Infrastructure.Data.SeedData.SeedAdminUserAsync(UserManager`1 userManager, ILogger logger) in C:\PROJECTS\employer\src\Attendance.Infrastructure\Data\SeedData.cs:line 210
   at System.Threading.ExecutionContext.RunInternal(ExecutionContext executionContext, ContextCallback callback, Object state)
   at System.Runtime.CompilerServices.AsyncTaskMethodBuilder`1.AsyncStateMachineBox`1.MoveNext(Thread threadPoolThread)
   at System.Threading.Tasks.AwaitTaskContinuation.RunOrScheduleAction(IAsyncStateMachineBox box, Boolean allowInlining)
   at System.Threading.Tasks.Task.RunContinuations(Object continuationObject)
   at System.Threading.Tasks.Task`1.TrySetResult(TResult result)
   at System.Runtime.CompilerServices.AsyncTaskMethodBuilder`1.SetExistingTaskResult(Task`1 task, TResult result)
   at Microsoft.AspNetCore.Identity.UserManager`1.FindByNameAsync(String userName)
   at System.Runtime.CompilerServices.AsyncTaskMethodBuilder`1.AsyncStateMachineBox`1.ExecutionContextCallback(Object s)
   at System.Threading.ExecutionContext.RunInternal(ExecutionContext executionContext, ContextCallback callback, Object state)
   at System.Runtime.CompilerServices.AsyncTaskMethodBuilder`1.AsyncStateMachineBox`1.MoveNext(Thread threadPoolThread)
   at System.Runtime.CompilerServices.AsyncTaskMethodBuilder`1.AsyncStateMachineBox`1.MoveNext()
   at System.Threading.Tasks.AwaitTaskContinuation.RunOrScheduleAction(IAsyncStateMachineBox box, Boolean allowInlining)
   at System.Threading.Tasks.Task.RunContinuations(Object continuationObject)
   at System.Threading.Tasks.Task`1.TrySetResult(TResult result)
   at System.Runtime.CompilerServices.AsyncTaskMethodBuilder`1.SetExistingTaskResult(Task`1 task, TResult result)
   at Microsoft.EntityFrameworkCore.Query.ShapedQueryCompilingExpressionVisitor.SingleOrDefaultAsync[TSource](IAsyncEnumerable`1 asyncEnumerable, CancellationToken cancellationToken)
   at System.Runtime.CompilerServices.AsyncTaskMethodBuilder`1.AsyncStateMachineBox`1.ExecutionContextCallback(Object s)
   at System.Threading.ExecutionContext.RunInternal(ExecutionContext executionContext, ContextCallback callback, Object state)
   at System.Runtime.CompilerServices.AsyncTaskMethodBuilder`1.AsyncStateMachineBox`1.MoveNext(Thread threadPoolThread)
   at System.Runtime.CompilerServices.AsyncTaskMethodBuilder`1.AsyncStateMachineBox`1.MoveNext()
   at System.Threading.Tasks.AwaitTaskContinuation.RunOrScheduleAction(IAsyncStateMachineBox box, Boolean allowInlining)
   at System.Threading.Tasks.Task.RunContinuations(Object continuationObject)
   at System.Threading.Tasks.Task`1.TrySetResult(TResult result)
   at System.Runtime.CompilerServices.AsyncTaskMethodBuilder`1.SetExistingTaskResult(Task`1 task, TResult result)
   at Microsoft.EntityFrameworkCore.Query.Internal.SingleQueryingEnumerable`1.AsyncEnumerator.MoveNextAsync()
   at System.Runtime.CompilerServices.AsyncTaskMethodBuilder`1.AsyncStateMachineBox`1.ExecutionContextCallback(Object s)
   at System.Threading.ExecutionContext.RunInternal(ExecutionContext executionContext, ContextCallback callback, Object state)
   at System.Runtime.CompilerServices.AsyncTaskMethodBuilder`1.AsyncStateMachineBox`1.MoveNext(Thread threadPoolThread)
   at System.Runtime.CompilerServices.AsyncTaskMethodBuilder`1.AsyncStateMachineBox`1.MoveNext()
   at System.Threading.Tasks.AwaitTaskContinuation.RunOrScheduleAction(IAsyncStateMachineBox box, Boolean allowInlining)
   at System.Threading.Tasks.Task.RunContinuations(Object continuationObject)
   at System.Threading.Tasks.Task`1.TrySetResult(TResult result)
   at System.Runtime.CompilerServices.AsyncTaskMethodBuilder`1.SetExistingTaskResult(Task`1 task, TResult result)
   at Microsoft.EntityFrameworkCore.SqlServer.Storage.Internal.SqlServerExecutionStrategy.ExecuteAsync[TState,TResult](TState state, Func`4 operation, Func`4 verifySucceeded, CancellationToken cancellationToken)
   at System.Runtime.CompilerServices.AsyncTaskMethodBuilder`1.AsyncStateMachineBox`1.ExecutionContextCallback(Object s)
   at System.Threading.ExecutionContext.RunInternal(ExecutionContext executionContext, ContextCallback callback, Object state)
   at System.Runtime.CompilerServices.AsyncTaskMethodBuilder`1.AsyncStateMachineBox`1.MoveNext(Thread threadPoolThread)
   at System.Runtime.CompilerServices.AsyncTaskMethodBuilder`1.AsyncStateMachineBox`1.MoveNext()
   at System.Threading.Tasks.AwaitTaskContinuation.RunOrScheduleAction(IAsyncStateMachineBox box, Boolean allowInlining)
   at System.Threading.Tasks.Task.RunContinuations(Object continuationObject)
   at System.Threading.Tasks.Task`1.TrySetResult(TResult result)
   at System.Runtime.CompilerServices.AsyncTaskMethodBuilder`1.SetExistingTaskResult(Task`1 task, TResult result)
   at Microsoft.EntityFrameworkCore.Query.Internal.SingleQueryingEnumerable`1.AsyncEnumerator.InitializeReaderAsync(AsyncEnumerator enumerator, CancellationToken cancellationToken)
   at System.Runtime.CompilerServices.AsyncTaskMethodBuilder`1.AsyncStateMachineBox`1.ExecutionContextCallback(Object s)
   at System.Threading.ExecutionContext.RunInternal(ExecutionContext executionContext, ContextCallback callback, Object state)
   at System.Runtime.CompilerServices.AsyncTaskMethodBuilder`1.AsyncStateMachineBox`1.MoveNext(Thread threadPoolThread)
   at System.Runtime.CompilerServices.AsyncTaskMethodBuilder`1.AsyncStateMachineBox`1.MoveNext()
   at System.Threading.Tasks.AwaitTaskContinuation.RunOrScheduleAction(IAsyncStateMachineBox box, Boolean allowInlining)
   at System.Threading.Tasks.Task.RunContinuations(Object continuationObject)
   at System.Threading.Tasks.Task`1.TrySetResult(TResult result)
   at System.Runtime.CompilerServices.AsyncTaskMethodBuilder`1.SetExistingTaskResult(Task`1 task, TResult result)
   at Microsoft.EntityFrameworkCore.Storage.RelationalCommand.ExecuteReaderAsync(RelationalCommandParameterObject parameterObject, CancellationToken cancellationToken)
   at System.Runtime.CompilerServices.AsyncTaskMethodBuilder`1.AsyncStateMachineBox`1.ExecutionContextCallback(Object s)
   at System.Threading.ExecutionContext.RunInternal(ExecutionContext executionContext, ContextCallback callback, Object state)
   at System.Runtime.CompilerServices.AsyncTaskMethodBuilder`1.AsyncStateMachineBox`1.MoveNext(Thread threadPoolThread)
   at System.Runtime.CompilerServices.AsyncTaskMethodBuilder`1.AsyncStateMachineBox`1.MoveNext()
   at System.Threading.Tasks.AwaitTaskContinuation.RunOrScheduleAction(IAsyncStateMachineBox box, Boolean allowInlining)
   at System.Threading.Tasks.Task.RunContinuations(Object continuationObject)
   at System.Threading.Tasks.Task.FinishSlow(Boolean userDelegateExecute)
   at System.Threading.Tasks.Task.ExecuteWithThreadLocal(Task& currentTaskSlot, Thread threadPoolThread)
   at System.Threading.Tasks.ThreadPoolTaskScheduler.TryExecuteTaskInline(Task task, Boolean taskWasPreviouslyQueued)
   at System.Threading.Tasks.TaskScheduler.TryRunInline(Task task, Boolean taskWasPreviouslyQueued)
   at System.Threading.Tasks.TaskContinuation.InlineIfPossibleOrElseQueue(Task task, Boolean needsProtection)
   at System.Threading.Tasks.Task.RunContinuations(Object continuationObject)
   at System.Threading.Tasks.Task`1.TrySetResult(TResult result)
   at System.Threading.Tasks.UnwrapPromise`1.TrySetFromTask(Task task, Boolean lookForOce)
   at System.Threading.Tasks.UnwrapPromise`1.ProcessInnerTask(Task task)
   at System.Threading.Tasks.Task.RunContinuations(Object continuationObject)
   at System.Threading.Tasks.Task.FinishSlow(Boolean userDelegateExecute)
   at System.Threading.Tasks.Task.ExecuteWithThreadLocal(Task& currentTaskSlot, Thread threadPoolThread)
   at System.Threading.ThreadPoolWorkQueue.Dispatch()
   at System.Threading.PortableThreadPool.WorkerThread.WorkerThreadStart()
   at System.Threading.Thread.StartCallback()
--- End of stack trace from previous location ---
   at System.Threading.PeriodicTimer.State.System.Threading.Tasks.Sources.IValueTaskSource<System.Boolean>.GetResult(Int16 token)
   at Attendance.Api.BackgroundServices.QrTokenExpiryBackgroundService.ExecuteAsync(CancellationToken stoppingToken) in C:\PROJECTS\employer\src\Attendance.Api\BackgroundServices\QrTokenExpiryBackgroundService.cs:line 39
   at Microsoft.Extensions.Hosting.Internal.Host.TryExecuteBackgroundServiceAsync(BackgroundService backgroundService)
2026-07-10 12:15:37.072 +03:00 [FTL] The HostOptions.BackgroundServiceExceptionBehavior is configured to StopHost. A BackgroundService has thrown an unhandled exception, and the IHost instance is stopping. To avoid this behavior, configure this to Ignore; however the BackgroundService will not be restarted.
System.OperationCanceledException: The operation was canceled.
   at System.Threading.PeriodicTimer.State.Signal(Boolean stopping, CancellationToken cancellationToken)
   at System.Threading.CancellationTokenSource.ExecuteCallbackHandlers(Boolean throwOnFirstException)
   at Microsoft.Extensions.DependencyInjection.ServiceLookup.ServiceProviderEngineScope.DisposeAsync()
   at Microsoft.Extensions.Hosting.Internal.Host.DisposeAsync()
   at System.Runtime.CompilerServices.AsyncMethodBuilderCore.Start[TStateMachine](TStateMachine& stateMachine)
   at Microsoft.Extensions.Hosting.Internal.Host.DisposeAsync()
   at Microsoft.Extensions.Hosting.HostingAbstractionsHostExtensions.RunAsync(IHost host, CancellationToken token)
   at System.Runtime.CompilerServices.AsyncMethodBuilderCore.Start[TStateMachine](TStateMachine& stateMachine)
   at Microsoft.Extensions.Hosting.HostingAbstractionsHostExtensions.RunAsync(IHost host, CancellationToken token)
   at Microsoft.Extensions.Hosting.HostingAbstractionsHostExtensions.Run(IHost host)
   at Program.<Main>$(String[] args) in C:\PROJECTS\employer\src\Attendance.Api\Program.cs:line 207
   at System.Threading.ExecutionContext.RunInternal(ExecutionContext executionContext, ContextCallback callback, Object state)
   at System.Runtime.CompilerServices.AsyncTaskMethodBuilder`1.AsyncStateMachineBox`1.MoveNext(Thread threadPoolThread)
   at System.Threading.Tasks.AwaitTaskContinuation.RunOrScheduleAction(IAsyncStateMachineBox box, Boolean allowInlining)
   at System.Threading.Tasks.Task.RunContinuations(Object continuationObject)
   at System.Threading.Tasks.Task`1.TrySetResult(TResult result)
   at System.Runtime.CompilerServices.AsyncTaskMethodBuilder`1.SetExistingTaskResult(Task`1 task, TResult result)
   at Attendance.Infrastructure.Data.SeedData.SeedAsync(IServiceProvider serviceProvider) in C:\PROJECTS\employer\src\Attendance.Infrastructure\Data\SeedData.cs:line 35
   at System.Threading.ExecutionContext.RunInternal(ExecutionContext executionContext, ContextCallback callback, Object state)
   at System.Runtime.CompilerServices.AsyncTaskMethodBuilder`1.AsyncStateMachineBox`1.MoveNext(Thread threadPoolThread)
   at System.Threading.Tasks.AwaitTaskContinuation.RunOrScheduleAction(IAsyncStateMachineBox box, Boolean allowInlining)
   at System.Threading.Tasks.Task.RunContinuations(Object continuationObject)
   at System.Threading.Tasks.Task`1.TrySetResult(TResult result)
   at System.Runtime.CompilerServices.AsyncTaskMethodBuilder`1.SetExistingTaskResult(Task`1 task, TResult result)
   at Attendance.Infrastructure.Data.SeedData.SeedAdminUserAsync(UserManager`1 userManager, ILogger logger) in C:\PROJECTS\employer\src\Attendance.Infrastructure\Data\SeedData.cs:line 210
   at System.Threading.ExecutionContext.RunInternal(ExecutionContext executionContext, ContextCallback callback, Object state)
   at System.Runtime.CompilerServices.AsyncTaskMethodBuilder`1.AsyncStateMachineBox`1.MoveNext(Thread threadPoolThread)
   at System.Threading.Tasks.AwaitTaskContinuation.RunOrScheduleAction(IAsyncStateMachineBox box, Boolean allowInlining)
   at System.Threading.Tasks.Task.RunContinuations(Object continuationObject)
   at System.Threading.Tasks.Task`1.TrySetResult(TResult result)
   at System.Runtime.CompilerServices.AsyncTaskMethodBuilder`1.SetExistingTaskResult(Task`1 task, TResult result)
   at Microsoft.AspNetCore.Identity.UserManager`1.FindByNameAsync(String userName)
   at System.Runtime.CompilerServices.AsyncTaskMethodBuilder`1.AsyncStateMachineBox`1.ExecutionContextCallback(Object s)
   at System.Threading.ExecutionContext.RunInternal(ExecutionContext executionContext, ContextCallback callback, Object state)
   at System.Runtime.CompilerServices.AsyncTaskMethodBuilder`1.AsyncStateMachineBox`1.MoveNext(Thread threadPoolThread)
   at System.Runtime.CompilerServices.AsyncTaskMethodBuilder`1.AsyncStateMachineBox`1.MoveNext()
   at System.Threading.Tasks.AwaitTaskContinuation.RunOrScheduleAction(IAsyncStateMachineBox box, Boolean allowInlining)
   at System.Threading.Tasks.Task.RunContinuations(Object continuationObject)
   at System.Threading.Tasks.Task`1.TrySetResult(TResult result)
   at System.Runtime.CompilerServices.AsyncTaskMethodBuilder`1.SetExistingTaskResult(Task`1 task, TResult result)
   at Microsoft.EntityFrameworkCore.Query.ShapedQueryCompilingExpressionVisitor.SingleOrDefaultAsync[TSource](IAsyncEnumerable`1 asyncEnumerable, CancellationToken cancellationToken)
   at System.Runtime.CompilerServices.AsyncTaskMethodBuilder`1.AsyncStateMachineBox`1.ExecutionContextCallback(Object s)
   at System.Threading.ExecutionContext.RunInternal(ExecutionContext executionContext, ContextCallback callback, Object state)
   at System.Runtime.CompilerServices.AsyncTaskMethodBuilder`1.AsyncStateMachineBox`1.MoveNext(Thread threadPoolThread)
   at System.Runtime.CompilerServices.AsyncTaskMethodBuilder`1.AsyncStateMachineBox`1.MoveNext()
   at System.Threading.Tasks.AwaitTaskContinuation.RunOrScheduleAction(IAsyncStateMachineBox box, Boolean allowInlining)
   at System.Threading.Tasks.Task.RunContinuations(Object continuationObject)
   at System.Threading.Tasks.Task`1.TrySetResult(TResult result)
   at System.Runtime.CompilerServices.AsyncTaskMethodBuilder`1.SetExistingTaskResult(Task`1 task, TResult result)
   at Microsoft.EntityFrameworkCore.Query.Internal.SingleQueryingEnumerable`1.AsyncEnumerator.MoveNextAsync()
   at System.Runtime.CompilerServices.AsyncTaskMethodBuilder`1.AsyncStateMachineBox`1.ExecutionContextCallback(Object s)
   at System.Threading.ExecutionContext.RunInternal(ExecutionContext executionContext, ContextCallback callback, Object state)
   at System.Runtime.CompilerServices.AsyncTaskMethodBuilder`1.AsyncStateMachineBox`1.MoveNext(Thread threadPoolThread)
   at System.Runtime.CompilerServices.AsyncTaskMethodBuilder`1.AsyncStateMachineBox`1.MoveNext()
   at System.Threading.Tasks.AwaitTaskContinuation.RunOrScheduleAction(IAsyncStateMachineBox box, Boolean allowInlining)
   at System.Threading.Tasks.Task.RunContinuations(Object continuationObject)
   at System.Threading.Tasks.Task`1.TrySetResult(TResult result)
   at System.Runtime.CompilerServices.AsyncTaskMethodBuilder`1.SetExistingTaskResult(Task`1 task, TResult result)
   at Microsoft.EntityFrameworkCore.SqlServer.Storage.Internal.SqlServerExecutionStrategy.ExecuteAsync[TState,TResult](TState state, Func`4 operation, Func`4 verifySucceeded, CancellationToken cancellationToken)
   at System.Runtime.CompilerServices.AsyncTaskMethodBuilder`1.AsyncStateMachineBox`1.ExecutionContextCallback(Object s)
   at System.Threading.ExecutionContext.RunInternal(ExecutionContext executionContext, ContextCallback callback, Object state)
   at System.Runtime.CompilerServices.AsyncTaskMethodBuilder`1.AsyncStateMachineBox`1.MoveNext(Thread threadPoolThread)
   at System.Runtime.CompilerServices.AsyncTaskMethodBuilder`1.AsyncStateMachineBox`1.MoveNext()
   at System.Threading.Tasks.AwaitTaskContinuation.RunOrScheduleAction(IAsyncStateMachineBox box, Boolean allowInlining)
   at System.Threading.Tasks.Task.RunContinuations(Object continuationObject)
   at System.Threading.Tasks.Task`1.TrySetResult(TResult result)
   at System.Runtime.CompilerServices.AsyncTaskMethodBuilder`1.SetExistingTaskResult(Task`1 task, TResult result)
   at Microsoft.EntityFrameworkCore.Query.Internal.SingleQueryingEnumerable`1.AsyncEnumerator.InitializeReaderAsync(AsyncEnumerator enumerator, CancellationToken cancellationToken)
   at System.Runtime.CompilerServices.AsyncTaskMethodBuilder`1.AsyncStateMachineBox`1.ExecutionContextCallback(Object s)
   at System.Threading.ExecutionContext.RunInternal(ExecutionContext executionContext, ContextCallback callback, Object state)
   at System.Runtime.CompilerServices.AsyncTaskMethodBuilder`1.AsyncStateMachineBox`1.MoveNext(Thread threadPoolThread)
   at System.Runtime.CompilerServices.AsyncTaskMethodBuilder`1.AsyncStateMachineBox`1.MoveNext()
   at System.Threading.Tasks.AwaitTaskContinuation.RunOrScheduleAction(IAsyncStateMachineBox box, Boolean allowInlining)
   at System.Threading.Tasks.Task.RunContinuations(Object continuationObject)
   at System.Threading.Tasks.Task`1.TrySetResult(TResult result)
   at System.Runtime.CompilerServices.AsyncTaskMethodBuilder`1.SetExistingTaskResult(Task`1 task, TResult result)
   at Microsoft.EntityFrameworkCore.Storage.RelationalCommand.ExecuteReaderAsync(RelationalCommandParameterObject parameterObject, CancellationToken cancellationToken)
   at System.Runtime.CompilerServices.AsyncTaskMethodBuilder`1.AsyncStateMachineBox`1.ExecutionContextCallback(Object s)
   at System.Threading.ExecutionContext.RunInternal(ExecutionContext executionContext, ContextCallback callback, Object state)
   at System.Runtime.CompilerServices.AsyncTaskMethodBuilder`1.AsyncStateMachineBox`1.MoveNext(Thread threadPoolThread)
   at System.Runtime.CompilerServices.AsyncTaskMethodBuilder`1.AsyncStateMachineBox`1.MoveNext()
   at System.Threading.Tasks.AwaitTaskContinuation.RunOrScheduleAction(IAsyncStateMachineBox box, Boolean allowInlining)
   at System.Threading.Tasks.Task.RunContinuations(Object continuationObject)
   at System.Threading.Tasks.Task.FinishSlow(Boolean userDelegateExecute)
   at System.Threading.Tasks.Task.ExecuteWithThreadLocal(Task& currentTaskSlot, Thread threadPoolThread)
   at System.Threading.Tasks.ThreadPoolTaskScheduler.TryExecuteTaskInline(Task task, Boolean taskWasPreviouslyQueued)
   at System.Threading.Tasks.TaskScheduler.TryRunInline(Task task, Boolean taskWasPreviouslyQueued)
   at System.Threading.Tasks.TaskContinuation.InlineIfPossibleOrElseQueue(Task task, Boolean needsProtection)
   at System.Threading.Tasks.Task.RunContinuations(Object continuationObject)
   at System.Threading.Tasks.Task`1.TrySetResult(TResult result)
   at System.Threading.Tasks.UnwrapPromise`1.TrySetFromTask(Task task, Boolean lookForOce)
   at System.Threading.Tasks.UnwrapPromise`1.ProcessInnerTask(Task task)
   at System.Threading.Tasks.Task.RunContinuations(Object continuationObject)
   at System.Threading.Tasks.Task.FinishSlow(Boolean userDelegateExecute)
   at System.Threading.Tasks.Task.ExecuteWithThreadLocal(Task& currentTaskSlot, Thread threadPoolThread)
   at System.Threading.ThreadPoolWorkQueue.Dispatch()
   at System.Threading.PortableThreadPool.WorkerThread.WorkerThreadStart()
   at System.Threading.Thread.StartCallback()
--- End of stack trace from previous location ---
   at System.Threading.PeriodicTimer.State.System.Threading.Tasks.Sources.IValueTaskSource<System.Boolean>.GetResult(Int16 token)
   at Attendance.Api.BackgroundServices.QrTokenExpiryBackgroundService.ExecuteAsync(CancellationToken stoppingToken) in C:\PROJECTS\employer\src\Attendance.Api\BackgroundServices\QrTokenExpiryBackgroundService.cs:line 39
   at Microsoft.Extensions.Hosting.Internal.Host.TryExecuteBackgroundServiceAsync(BackgroundService backgroundService)
2026-07-10 12:15:37.165 +03:00 [INF] Application is shutting down...
2026-07-10 12:16:42.782 +03:00 [WRN] The 'StaffStatus' property 'Status' on entity type 'Staff' is configured with a database-generated default, but has no configured sentinel value. The database-generated default will always be used for inserts when the property has the value 'Inactive', since this is the CLR default for the 'StaffStatus' type. Consider using a nullable type, using a nullable backing field, or setting the sentinel value for the property to ensure the database default is used when, and only when, appropriate. See https://aka.ms/efcore-docs-default-values for more information.
2026-07-10 12:16:44.426 +03:00 [INF] Kiosk QR deep-link base: http://192.168.1.36:4200/scan — phones must be able to reach this host.
2026-07-10 12:16:44.473 +03:00 [INF] QR token expiry sweep started (interval 5s).
2026-07-10 12:16:44.536 +03:00 [INF] Now listening on: http://0.0.0.0:5080
2026-07-10 12:16:44.539 +03:00 [INF] Application started. Press Ctrl+C to shut down.
2026-07-10 12:16:44.542 +03:00 [INF] Hosting environment: Development
2026-07-10 12:16:44.545 +03:00 [INF] Content root path: C:\PROJECTS\employer\src\Attendance.Api
2026-07-10 12:16:49.915 +03:00 [INF] Expired 1 stale QR token(s); a replacement was pushed to the kiosk.
2026-07-10 12:17:09.532 +03:00 [INF] Expired 1 stale QR token(s); a replacement was pushed to the kiosk.
2026-07-10 12:17:24.522 +03:00 [INF] Expired 1 stale QR token(s); a replacement was pushed to the kiosk.
2026-07-10 12:17:44.507 +03:00 [INF] Expired 1 stale QR token(s); a replacement was pushed to the kiosk.
2026-07-10 12:18:04.512 +03:00 [INF] Expired 1 stale QR token(s); a replacement was pushed to the kiosk.
2026-07-10 12:18:24.517 +03:00 [INF] Expired 1 stale QR token(s); a replacement was pushed to the kiosk.
2026-07-10 12:18:39.538 +03:00 [INF] Expired 1 stale QR token(s); a replacement was pushed to the kiosk.
2026-07-10 12:18:59.503 +03:00 [INF] Expired 1 stale QR token(s); a replacement was pushed to the kiosk.
2026-07-10 12:19:19.517 +03:00 [INF] Expired 1 stale QR token(s); a replacement was pushed to the kiosk.
2026-07-10 12:19:39.500 +03:00 [INF] Expired 1 stale QR token(s); a replacement was pushed to the kiosk.
2026-07-10 12:19:54.506 +03:00 [INF] Expired 1 stale QR token(s); a replacement was pushed to the kiosk.
2026-07-10 12:20:09.515 +03:00 [INF] Expired 1 stale QR token(s); a replacement was pushed to the kiosk.
2026-07-10 12:20:29.512 +03:00 [INF] Expired 1 stale QR token(s); a replacement was pushed to the kiosk.
2026-07-10 12:20:49.509 +03:00 [INF] Expired 1 stale QR token(s); a replacement was pushed to the kiosk.
2026-07-10 12:21:09.514 +03:00 [INF] Expired 1 stale QR token(s); a replacement was pushed to the kiosk.
2026-07-10 12:21:29.510 +03:00 [INF] Expired 1 stale QR token(s); a replacement was pushed to the kiosk.
2026-07-10 12:21:49.519 +03:00 [INF] Expired 1 stale QR token(s); a replacement was pushed to the kiosk.
2026-07-10 12:22:09.517 +03:00 [INF] Expired 1 stale QR token(s); a replacement was pushed to the kiosk.
2026-07-10 12:22:29.496 +03:00 [INF] Expired 1 stale QR token(s); a replacement was pushed to the kiosk.
2026-07-10 12:22:44.514 +03:00 [INF] Expired 1 stale QR token(s); a replacement was pushed to the kiosk.
2026-07-10 12:23:04.512 +03:00 [INF] Expired 1 stale QR token(s); a replacement was pushed to the kiosk.
2026-07-10 12:23:24.495 +03:00 [INF] Expired 1 stale QR token(s); a replacement was pushed to the kiosk.
2026-07-10 12:23:44.504 +03:00 [INF] Expired 1 stale QR token(s); a replacement was pushed to the kiosk.
2026-07-10 12:23:59.510 +03:00 [INF] Expired 1 stale QR token(s); a replacement was pushed to the kiosk.
2026-07-10 12:24:19.509 +03:00 [INF] Expired 1 stale QR token(s); a replacement was pushed to the kiosk.
2026-07-10 12:24:34.512 +03:00 [INF] Expired 1 stale QR token(s); a replacement was pushed to the kiosk.
2026-07-10 12:24:54.506 +03:00 [INF] Expired 1 stale QR token(s); a replacement was pushed to the kiosk.
2026-07-10 12:25:14.497 +03:00 [INF] Expired 1 stale QR token(s); a replacement was pushed to the kiosk.
2026-07-10 12:25:29.510 +03:00 [INF] Expired 1 stale QR token(s); a replacement was pushed to the kiosk.
2026-07-10 12:25:44.512 +03:00 [INF] Expired 1 stale QR token(s); a replacement was pushed to the kiosk.
2026-07-10 12:25:58.935 +03:00 [WRN] Failed to determine the https port for redirect.
2026-07-10 12:25:59.368 +03:00 [INF] HTTP POST /api/auth/login responded 200 in 506.3128 ms
2026-07-10 12:25:59.766 +03:00 [INF] HTTP GET /api/staff responded 200 in 300.7150 ms
2026-07-10 12:26:04.517 +03:00 [INF] Expired 1 stale QR token(s); a replacement was pushed to the kiosk.
2026-07-10 12:26:24.537 +03:00 [INF] Expired 1 stale QR token(s); a replacement was pushed to the kiosk.
2026-07-10 12:26:42.987 +03:00 [INF] HTTP POST /api/auth/login responded 200 in 164.1301 ms
2026-07-10 12:26:44.504 +03:00 [INF] Expired 1 stale QR token(s); a replacement was pushed to the kiosk.
2026-07-10 12:27:04.512 +03:00 [INF] Expired 1 stale QR token(s); a replacement was pushed to the kiosk.
2026-07-10 12:27:24.504 +03:00 [INF] Expired 1 stale QR token(s); a replacement was pushed to the kiosk.
2026-07-10 12:27:39.516 +03:00 [INF] Expired 1 stale QR token(s); a replacement was pushed to the kiosk.
2026-07-10 12:27:54.513 +03:00 [INF] Expired 1 stale QR token(s); a replacement was pushed to the kiosk.
2026-07-10 13:44:41.100 +03:00 [INF] Expired 1 stale QR token(s); a replacement was pushed to the kiosk.
2026-07-10 13:44:56.133 +03:00 [INF] Expired 1 stale QR token(s); a replacement was pushed to the kiosk.
2026-07-10 13:45:16.112 +03:00 [INF] Expired 1 stale QR token(s); a replacement was pushed to the kiosk.
2026-07-10 13:45:36.109 +03:00 [INF] Expired 1 stale QR token(s); a replacement was pushed to the kiosk.
2026-07-10 13:45:56.099 +03:00 [INF] Expired 1 stale QR token(s); a replacement was pushed to the kiosk.
2026-07-10 13:46:16.098 +03:00 [INF] Expired 1 stale QR token(s); a replacement was pushed to the kiosk.
2026-07-10 13:46:36.105 +03:00 [INF] Expired 1 stale QR token(s); a replacement was pushed to the kiosk.
2026-07-10 13:46:56.105 +03:00 [INF] Expired 1 stale QR token(s); a replacement was pushed to the kiosk.
2026-07-10 13:47:16.092 +03:00 [INF] Expired 1 stale QR token(s); a replacement was pushed to the kiosk.
2026-07-10 13:47:36.106 +03:00 [INF] Expired 1 stale QR token(s); a replacement was pushed to the kiosk.
2026-07-10 13:47:56.102 +03:00 [INF] Expired 1 stale QR token(s); a replacement was pushed to the kiosk.
2026-07-10 13:48:16.097 +03:00 [INF] Expired 1 stale QR token(s); a replacement was pushed to the kiosk.
2026-07-10 13:48:31.110 +03:00 [INF] Expired 1 stale QR token(s); a replacement was pushed to the kiosk.
2026-07-10 13:48:51.092 +03:00 [INF] Expired 1 stale QR token(s); a replacement was pushed to the kiosk.
2026-07-10 13:49:06.098 +03:00 [INF] Expired 1 stale QR token(s); a replacement was pushed to the kiosk.
2026-07-10 13:49:08.899 +03:00 [INF] HTTP GET /api/staff responded 401 in 14.3778 ms
2026-07-10 13:49:26.096 +03:00 [INF] Expired 1 stale QR token(s); a replacement was pushed to the kiosk.
2026-07-10 13:49:46.097 +03:00 [INF] Expired 1 stale QR token(s); a replacement was pushed to the kiosk.
2026-07-10 13:50:06.091 +03:00 [INF] Expired 1 stale QR token(s); a replacement was pushed to the kiosk.
2026-07-10 13:50:21.099 +03:00 [INF] Expired 1 stale QR token(s); a replacement was pushed to the kiosk.
2026-07-10 13:50:41.105 +03:00 [INF] Expired 1 stale QR token(s); a replacement was pushed to the kiosk.
2026-07-10 13:51:01.106 +03:00 [INF] Expired 1 stale QR token(s); a replacement was pushed to the kiosk.
2026-07-10 13:51:07.218 +03:00 [INF] HTTP POST /api/auth/login responded 200 in 123.7783 ms
2026-07-10 13:51:21.098 +03:00 [INF] Expired 1 stale QR token(s); a replacement was pushed to the kiosk.
2026-07-10 13:51:41.104 +03:00 [INF] Expired 1 stale QR token(s); a replacement was pushed to the kiosk.
2026-07-10 13:52:01.107 +03:00 [INF] Expired 1 stale QR token(s); a replacement was pushed to the kiosk.
2026-07-10 13:52:21.102 +03:00 [INF] Expired 1 stale QR token(s); a replacement was pushed to the kiosk.
2026-07-10 13:52:36.114 +03:00 [INF] Expired 1 stale QR token(s); a replacement was pushed to the kiosk.
2026-07-10 13:52:56.092 +03:00 [INF] Expired 1 stale QR token(s); a replacement was pushed to the kiosk.
2026-07-10 13:53:11.098 +03:00 [INF] Expired 1 stale QR token(s); a replacement was pushed to the kiosk.
2026-07-10 13:53:26.105 +03:00 [INF] Expired 1 stale QR token(s); a replacement was pushed to the kiosk.
2026-07-10 13:53:41.123 +03:00 [INF] Expired 1 stale QR token(s); a replacement was pushed to the kiosk.
2026-07-10 13:53:53.753 +03:00 [INF] HTTP POST /hubs/attendance/negotiate responded 200 in 5.3271 ms
2026-07-10 13:54:01.110 +03:00 [INF] Expired 1 stale QR token(s); a replacement was pushed to the kiosk.
2026-07-10 13:54:21.098 +03:00 [INF] Expired 1 stale QR token(s); a replacement was pushed to the kiosk.
2026-07-10 13:54:41.101 +03:00 [INF] Expired 1 stale QR token(s); a replacement was pushed to the kiosk.
2026-07-10 13:55:01.109 +03:00 [INF] Expired 1 stale QR token(s); a replacement was pushed to the kiosk.
2026-07-10 13:55:21.106 +03:00 [INF] Expired 1 stale QR token(s); a replacement was pushed to the kiosk.
2026-07-10 13:55:41.103 +03:00 [INF] Expired 1 stale QR token(s); a replacement was pushed to the kiosk.
2026-07-10 13:55:41.866 +03:00 [INF] HTTP POST /api/auth/login responded 200 in 125.6100 ms
2026-07-10 13:56:01.094 +03:00 [INF] Expired 1 stale QR token(s); a replacement was pushed to the kiosk.
2026-07-10 13:56:02.798 +03:00 [INF] QR scan attempt: StaffId=2 Token=04eabf55… Outcome="Success" Ip=127.0.0.1
2026-07-10 13:56:02.829 +03:00 [ERR] HTTP POST /api/attendance/scan responded 500 in 113.8208 ms
Attendance.Application.Exceptions.OutsideScheduleException: No attendance slot is open at this time.
   at Attendance.Application.Services.AttendanceService.RecordAttendanceAsync(Int32 staffId, Int32 qrSessionId) in C:\PROJECTS\employer\src\Attendance.Application\Services\AttendanceService.cs:line 58
   at Attendance.Api.Controllers.AttendanceController.Scan(ScanRequestDto request) in C:\PROJECTS\employer\src\Attendance.Api\Controllers\AttendanceController.cs:line 68
   at Microsoft.AspNetCore.Mvc.Infrastructure.ActionMethodExecutor.TaskOfIActionResultExecutor.Execute(ActionContext actionContext, IActionResultTypeMapper mapper, ObjectMethodExecutor executor, Object controller, Object[] arguments)
   at Microsoft.AspNetCore.Mvc.Infrastructure.ControllerActionInvoker.<InvokeActionMethodAsync>g__Awaited|12_0(ControllerActionInvoker invoker, ValueTask`1 actionResultValueTask)
   at Microsoft.AspNetCore.Mvc.Infrastructure.ControllerActionInvoker.<InvokeNextActionFilterAsync>g__Awaited|10_0(ControllerActionInvoker invoker, Task lastTask, State next, Scope scope, Object state, Boolean isCompleted)
   at Microsoft.AspNetCore.Mvc.Infrastructure.ControllerActionInvoker.Rethrow(ActionExecutedContextSealed context)
   at Microsoft.AspNetCore.Mvc.Infrastructure.ControllerActionInvoker.Next(State& next, Scope& scope, Object& state, Boolean& isCompleted)
   at Microsoft.AspNetCore.Mvc.Infrastructure.ControllerActionInvoker.<InvokeInnerFilterAsync>g__Awaited|13_0(ControllerActionInvoker invoker, Task lastTask, State next, Scope scope, Object state, Boolean isCompleted)
   at Microsoft.AspNetCore.Mvc.Infrastructure.ResourceInvoker.<InvokeFilterPipelineAsync>g__Awaited|20_0(ResourceInvoker invoker, Task lastTask, State next, Scope scope, Object state, Boolean isCompleted)
   at Microsoft.AspNetCore.Mvc.Infrastructure.ResourceInvoker.<InvokeAsync>g__Awaited|17_0(ResourceInvoker invoker, Task task, IDisposable scope)
   at Microsoft.AspNetCore.Mvc.Infrastructure.ResourceInvoker.<InvokeAsync>g__Awaited|17_0(ResourceInvoker invoker, Task task, IDisposable scope)
   at Microsoft.AspNetCore.Authorization.AuthorizationMiddleware.Invoke(HttpContext context)
   at Microsoft.AspNetCore.Authentication.AuthenticationMiddleware.Invoke(HttpContext context)
   at Swashbuckle.AspNetCore.SwaggerUI.SwaggerUIMiddleware.Invoke(HttpContext httpContext)
   at Swashbuckle.AspNetCore.Swagger.SwaggerMiddleware.Invoke(HttpContext httpContext, ISwaggerProvider swaggerProvider)
   at Serilog.AspNetCore.RequestLoggingMiddleware.Invoke(HttpContext httpContext)
2026-07-10 13:56:03.086 +03:00 [WRN] Request fault 422 on POST /api/attendance/scan: No attendance slot is open at this time.
2026-07-10 13:56:18.437 +03:00 [INF] QR scan attempt: StaffId=2 Token=04eabf55… Outcome="TokenAlreadyUsed" Ip=127.0.0.1
2026-07-10 13:56:18.447 +03:00 [INF] HTTP POST /api/attendance/scan responded 409 in 17.2724 ms
2026-07-10 13:56:21.098 +03:00 [INF] Expired 1 stale QR token(s); a replacement was pushed to the kiosk.
2026-07-10 13:56:31.018 +03:00 [INF] QR scan attempt: StaffId=2 Token=36f9659e… Outcome="Success" Ip=127.0.0.1
2026-07-10 13:56:31.030 +03:00 [ERR] HTTP POST /api/attendance/scan responded 500 in 23.2588 ms
Attendance.Application.Exceptions.OutsideScheduleException: No attendance slot is open at this time.
   at Attendance.Application.Services.AttendanceService.RecordAttendanceAsync(Int32 staffId, Int32 qrSessionId) in C:\PROJECTS\employer\src\Attendance.Application\Services\AttendanceService.cs:line 58
   at Attendance.Api.Controllers.AttendanceController.Scan(ScanRequestDto request) in C:\PROJECTS\employer\src\Attendance.Api\Controllers\AttendanceController.cs:line 68
   at Microsoft.AspNetCore.Mvc.Infrastructure.ActionMethodExecutor.TaskOfIActionResultExecutor.Execute(ActionContext actionContext, IActionResultTypeMapper mapper, ObjectMethodExecutor executor, Object controller, Object[] arguments)
   at Microsoft.AspNetCore.Mvc.Infrastructure.ControllerActionInvoker.<InvokeActionMethodAsync>g__Awaited|12_0(ControllerActionInvoker invoker, ValueTask`1 actionResultValueTask)
   at Microsoft.AspNetCore.Mvc.Infrastructure.ControllerActionInvoker.<InvokeNextActionFilterAsync>g__Awaited|10_0(ControllerActionInvoker invoker, Task lastTask, State next, Scope scope, Object state, Boolean isCompleted)
   at Microsoft.AspNetCore.Mvc.Infrastructure.ControllerActionInvoker.Rethrow(ActionExecutedContextSealed context)
   at Microsoft.AspNetCore.Mvc.Infrastructure.ControllerActionInvoker.Next(State& next, Scope& scope, Object& state, Boolean& isCompleted)
   at Microsoft.AspNetCore.Mvc.Infrastructure.ControllerActionInvoker.<InvokeInnerFilterAsync>g__Awaited|13_0(ControllerActionInvoker invoker, Task lastTask, State next, Scope scope, Object state, Boolean isCompleted)
   at Microsoft.AspNetCore.Mvc.Infrastructure.ResourceInvoker.<InvokeFilterPipelineAsync>g__Awaited|20_0(ResourceInvoker invoker, Task lastTask, State next, Scope scope, Object state, Boolean isCompleted)
   at Microsoft.AspNetCore.Mvc.Infrastructure.ResourceInvoker.<InvokeAsync>g__Awaited|17_0(ResourceInvoker invoker, Task task, IDisposable scope)
   at Microsoft.AspNetCore.Mvc.Infrastructure.ResourceInvoker.<InvokeAsync>g__Awaited|17_0(ResourceInvoker invoker, Task task, IDisposable scope)
   at Microsoft.AspNetCore.Authorization.AuthorizationMiddleware.Invoke(HttpContext context)
   at Microsoft.AspNetCore.Authentication.AuthenticationMiddleware.Invoke(HttpContext context)
   at Swashbuckle.AspNetCore.SwaggerUI.SwaggerUIMiddleware.Invoke(HttpContext httpContext)
   at Swashbuckle.AspNetCore.Swagger.SwaggerMiddleware.Invoke(HttpContext httpContext, ISwaggerProvider swaggerProvider)
   at Serilog.AspNetCore.RequestLoggingMiddleware.Invoke(HttpContext httpContext)
2026-07-10 13:56:31.040 +03:00 [WRN] Request fault 422 on POST /api/attendance/scan: No attendance slot is open at this time.
2026-07-10 13:56:46.100 +03:00 [INF] Expired 1 stale QR token(s); a replacement was pushed to the kiosk.
2026-07-10 13:57:06.095 +03:00 [INF] Expired 1 stale QR token(s); a replacement was pushed to the kiosk.
2026-07-10 13:57:26.097 +03:00 [INF] Expired 1 stale QR token(s); a replacement was pushed to the kiosk.
2026-07-10 13:57:46.091 +03:00 [INF] Expired 1 stale QR token(s); a replacement was pushed to the kiosk.
2026-07-10 13:58:01.106 +03:00 [INF] Expired 1 stale QR token(s); a replacement was pushed to the kiosk.
2026-07-10 13:58:11.614 +03:00 [INF] HTTP POST /api/auth/login responded 200 in 142.5567 ms
2026-07-10 13:58:11.794 +03:00 [INF] HTTP GET /api/staff responded 200 in 14.3558 ms
2026-07-10 13:58:21.112 +03:00 [INF] Expired 1 stale QR token(s); a replacement was pushed to the kiosk.
2026-07-10 13:58:41.090 +03:00 [INF] Expired 1 stale QR token(s); a replacement was pushed to the kiosk.
2026-07-10 13:58:56.106 +03:00 [INF] Expired 1 stale QR token(s); a replacement was pushed to the kiosk.
2026-07-10 13:59:06.063 +03:00 [INF] HTTP GET /api/slots responded 200 in 40.0324 ms
2026-07-10 13:59:16.111 +03:00 [INF] Expired 1 stale QR token(s); a replacement was pushed to the kiosk.
2026-07-10 13:59:36.104 +03:00 [INF] Expired 1 stale QR token(s); a replacement was pushed to the kiosk.
2026-07-10 13:59:56.095 +03:00 [INF] Expired 1 stale QR token(s); a replacement was pushed to the kiosk.
2026-07-10 14:00:16.108 +03:00 [INF] Expired 1 stale QR token(s); a replacement was pushed to the kiosk.
2026-07-10 14:00:16.460 +03:00 [ERR] HTTP PUT /api/slots/5 responded 500 in 32.1728 ms
FluentValidation.ValidationException: Validation failed: 
 -- StartTime: The slot window overlaps an existing active slot. Severity: Error
   at Attendance.Application.Services.SlotConfigService.ValidateAsync(String slotName, TimeOnly startTime, TimeOnly endTime, Nullable`1 excludeSlotId) in C:\PROJECTS\employer\src\Attendance.Application\Services\SlotConfigService.cs:line 102
   at Attendance.Application.Services.SlotConfigService.UpdateSlotAsync(Int32 slotId, UpdateSlotRequest request) in C:\PROJECTS\employer\src\Attendance.Application\Services\SlotConfigService.cs:line 41
   at Attendance.Api.Controllers.SlotConfigController.Update(Int32 id, UpdateSlotRequest request) in C:\PROJECTS\employer\src\Attendance.Api\Controllers\SlotConfigController.cs:line 44
   at Microsoft.AspNetCore.Mvc.Infrastructure.ActionMethodExecutor.TaskOfIActionResultExecutor.Execute(ActionContext actionContext, IActionResultTypeMapper mapper, ObjectMethodExecutor executor, Object controller, Object[] arguments)
   at Microsoft.AspNetCore.Mvc.Infrastructure.ControllerActionInvoker.<InvokeActionMethodAsync>g__Awaited|12_0(ControllerActionInvoker invoker, ValueTask`1 actionResultValueTask)
   at Microsoft.AspNetCore.Mvc.Infrastructure.ControllerActionInvoker.<InvokeNextActionFilterAsync>g__Awaited|10_0(ControllerActionInvoker invoker, Task lastTask, State next, Scope scope, Object state, Boolean isCompleted)
   at Microsoft.AspNetCore.Mvc.Infrastructure.ControllerActionInvoker.Rethrow(ActionExecutedContextSealed context)
   at Microsoft.AspNetCore.Mvc.Infrastructure.ControllerActionInvoker.Next(State& next, Scope& scope, Object& state, Boolean& isCompleted)
   at Microsoft.AspNetCore.Mvc.Infrastructure.ControllerActionInvoker.<InvokeInnerFilterAsync>g__Awaited|13_0(ControllerActionInvoker invoker, Task lastTask, State next, Scope scope, Object state, Boolean isCompleted)
   at Microsoft.AspNetCore.Mvc.Infrastructure.ResourceInvoker.<InvokeFilterPipelineAsync>g__Awaited|20_0(ResourceInvoker invoker, Task lastTask, State next, Scope scope, Object state, Boolean isCompleted)
   at Microsoft.AspNetCore.Mvc.Infrastructure.ResourceInvoker.<InvokeAsync>g__Awaited|17_0(ResourceInvoker invoker, Task task, IDisposable scope)
   at Microsoft.AspNetCore.Mvc.Infrastructure.ResourceInvoker.<InvokeAsync>g__Awaited|17_0(ResourceInvoker invoker, Task task, IDisposable scope)
   at Microsoft.AspNetCore.Authorization.AuthorizationMiddleware.Invoke(HttpContext context)
   at Microsoft.AspNetCore.Authentication.AuthenticationMiddleware.Invoke(HttpContext context)
   at Swashbuckle.AspNetCore.SwaggerUI.SwaggerUIMiddleware.Invoke(HttpContext httpContext)
   at Swashbuckle.AspNetCore.Swagger.SwaggerMiddleware.Invoke(HttpContext httpContext, ISwaggerProvider swaggerProvider)
   at Serilog.AspNetCore.RequestLoggingMiddleware.Invoke(HttpContext httpContext)
2026-07-10 14:00:16.521 +03:00 [WRN] Request fault 400 on PUT /api/slots/5: Validation failed: 
 -- StartTime: The slot window overlaps an existing active slot. Severity: Error
2026-07-10 14:00:24.651 +03:00 [ERR] HTTP PUT /api/slots/5 responded 500 in 7.1949 ms
FluentValidation.ValidationException: Validation failed: 
 -- StartTime: The slot window overlaps an existing active slot. Severity: Error
   at Attendance.Application.Services.SlotConfigService.ValidateAsync(String slotName, TimeOnly startTime, TimeOnly endTime, Nullable`1 excludeSlotId) in C:\PROJECTS\employer\src\Attendance.Application\Services\SlotConfigService.cs:line 102
   at Attendance.Application.Services.SlotConfigService.UpdateSlotAsync(Int32 slotId, UpdateSlotRequest request) in C:\PROJECTS\employer\src\Attendance.Application\Services\SlotConfigService.cs:line 41
   at Attendance.Api.Controllers.SlotConfigController.Update(Int32 id, UpdateSlotRequest request) in C:\PROJECTS\employer\src\Attendance.Api\Controllers\SlotConfigController.cs:line 44
   at Microsoft.AspNetCore.Mvc.Infrastructure.ActionMethodExecutor.TaskOfIActionResultExecutor.Execute(ActionContext actionContext, IActionResultTypeMapper mapper, ObjectMethodExecutor executor, Object controller, Object[] arguments)
   at Microsoft.AspNetCore.Mvc.Infrastructure.ControllerActionInvoker.<InvokeActionMethodAsync>g__Awaited|12_0(ControllerActionInvoker invoker, ValueTask`1 actionResultValueTask)
   at Microsoft.AspNetCore.Mvc.Infrastructure.ControllerActionInvoker.<InvokeNextActionFilterAsync>g__Awaited|10_0(ControllerActionInvoker invoker, Task lastTask, State next, Scope scope, Object state, Boolean isCompleted)
   at Microsoft.AspNetCore.Mvc.Infrastructure.ControllerActionInvoker.Rethrow(ActionExecutedContextSealed context)
   at Microsoft.AspNetCore.Mvc.Infrastructure.ControllerActionInvoker.Next(State& next, Scope& scope, Object& state, Boolean& isCompleted)
   at Microsoft.AspNetCore.Mvc.Infrastructure.ControllerActionInvoker.<InvokeInnerFilterAsync>g__Awaited|13_0(ControllerActionInvoker invoker, Task lastTask, State next, Scope scope, Object state, Boolean isCompleted)
   at Microsoft.AspNetCore.Mvc.Infrastructure.ResourceInvoker.<InvokeFilterPipelineAsync>g__Awaited|20_0(ResourceInvoker invoker, Task lastTask, State next, Scope scope, Object state, Boolean isCompleted)
   at Microsoft.AspNetCore.Mvc.Infrastructure.ResourceInvoker.<InvokeAsync>g__Awaited|17_0(ResourceInvoker invoker, Task task, IDisposable scope)
   at Microsoft.AspNetCore.Mvc.Infrastructure.ResourceInvoker.<InvokeAsync>g__Awaited|17_0(ResourceInvoker invoker, Task task, IDisposable scope)
   at Microsoft.AspNetCore.Authorization.AuthorizationMiddleware.Invoke(HttpContext context)
   at Microsoft.AspNetCore.Authentication.AuthenticationMiddleware.Invoke(HttpContext context)
   at Swashbuckle.AspNetCore.SwaggerUI.SwaggerUIMiddleware.Invoke(HttpContext httpContext)
   at Swashbuckle.AspNetCore.Swagger.SwaggerMiddleware.Invoke(HttpContext httpContext, ISwaggerProvider swaggerProvider)
   at Serilog.AspNetCore.RequestLoggingMiddleware.Invoke(HttpContext httpContext)
2026-07-10 14:00:24.659 +03:00 [WRN] Request fault 400 on PUT /api/slots/5: Validation failed: 
 -- StartTime: The slot window overlaps an existing active slot. Severity: Error
2026-07-10 14:00:31.169 +03:00 [ERR] HTTP PUT /api/slots/5 responded 500 in 3.0761 ms
FluentValidation.ValidationException: Validation failed: 
 -- StartTime: The slot window overlaps an existing active slot. Severity: Error
   at Attendance.Application.Services.SlotConfigService.ValidateAsync(String slotName, TimeOnly startTime, TimeOnly endTime, Nullable`1 excludeSlotId) in C:\PROJECTS\employer\src\Attendance.Application\Services\SlotConfigService.cs:line 102
   at Attendance.Application.Services.SlotConfigService.UpdateSlotAsync(Int32 slotId, UpdateSlotRequest request) in C:\PROJECTS\employer\src\Attendance.Application\Services\SlotConfigService.cs:line 41
   at Attendance.Api.Controllers.SlotConfigController.Update(Int32 id, UpdateSlotRequest request) in C:\PROJECTS\employer\src\Attendance.Api\Controllers\SlotConfigController.cs:line 44
   at Microsoft.AspNetCore.Mvc.Infrastructure.ActionMethodExecutor.TaskOfIActionResultExecutor.Execute(ActionContext actionContext, IActionResultTypeMapper mapper, ObjectMethodExecutor executor, Object controller, Object[] arguments)
   at Microsoft.AspNetCore.Mvc.Infrastructure.ControllerActionInvoker.<InvokeActionMethodAsync>g__Awaited|12_0(ControllerActionInvoker invoker, ValueTask`1 actionResultValueTask)
   at Microsoft.AspNetCore.Mvc.Infrastructure.ControllerActionInvoker.<InvokeNextActionFilterAsync>g__Awaited|10_0(ControllerActionInvoker invoker, Task lastTask, State next, Scope scope, Object state, Boolean isCompleted)
   at Microsoft.AspNetCore.Mvc.Infrastructure.ControllerActionInvoker.Rethrow(ActionExecutedContextSealed context)
   at Microsoft.AspNetCore.Mvc.Infrastructure.ControllerActionInvoker.Next(State& next, Scope& scope, Object& state, Boolean& isCompleted)
   at Microsoft.AspNetCore.Mvc.Infrastructure.ControllerActionInvoker.<InvokeInnerFilterAsync>g__Awaited|13_0(ControllerActionInvoker invoker, Task lastTask, State next, Scope scope, Object state, Boolean isCompleted)
   at Microsoft.AspNetCore.Mvc.Infrastructure.ResourceInvoker.<InvokeFilterPipelineAsync>g__Awaited|20_0(ResourceInvoker invoker, Task lastTask, State next, Scope scope, Object state, Boolean isCompleted)
   at Microsoft.AspNetCore.Mvc.Infrastructure.ResourceInvoker.<InvokeAsync>g__Awaited|17_0(ResourceInvoker invoker, Task task, IDisposable scope)
   at Microsoft.AspNetCore.Mvc.Infrastructure.ResourceInvoker.<InvokeAsync>g__Awaited|17_0(ResourceInvoker invoker, Task task, IDisposable scope)
   at Microsoft.AspNetCore.Authorization.AuthorizationMiddleware.Invoke(HttpContext context)
   at Microsoft.AspNetCore.Authentication.AuthenticationMiddleware.Invoke(HttpContext context)
   at Swashbuckle.AspNetCore.SwaggerUI.SwaggerUIMiddleware.Invoke(HttpContext httpContext)
   at Swashbuckle.AspNetCore.Swagger.SwaggerMiddleware.Invoke(HttpContext httpContext, ISwaggerProvider swaggerProvider)
   at Serilog.AspNetCore.RequestLoggingMiddleware.Invoke(HttpContext httpContext)
2026-07-10 14:00:31.180 +03:00 [WRN] Request fault 400 on PUT /api/slots/5: Validation failed: 
 -- StartTime: The slot window overlaps an existing active slot. Severity: Error
2026-07-10 14:00:36.109 +03:00 [INF] Expired 1 stale QR token(s); a replacement was pushed to the kiosk.
2026-07-10 14:00:56.106 +03:00 [INF] Expired 1 stale QR token(s); a replacement was pushed to the kiosk.
2026-07-10 14:01:16.091 +03:00 [INF] Expired 1 stale QR token(s); a replacement was pushed to the kiosk.
2026-07-10 14:01:25.628 +03:00 [ERR] HTTP PUT /api/slots/5 responded 500 in 7.2297 ms
FluentValidation.ValidationException: Validation failed: 
 -- StartTime: The slot window overlaps an existing active slot. Severity: Error
   at Attendance.Application.Services.SlotConfigService.ValidateAsync(String slotName, TimeOnly startTime, TimeOnly endTime, Nullable`1 excludeSlotId) in C:\PROJECTS\employer\src\Attendance.Application\Services\SlotConfigService.cs:line 102
   at Attendance.Application.Services.SlotConfigService.UpdateSlotAsync(Int32 slotId, UpdateSlotRequest request) in C:\PROJECTS\employer\src\Attendance.Application\Services\SlotConfigService.cs:line 41
   at Attendance.Api.Controllers.SlotConfigController.Update(Int32 id, UpdateSlotRequest request) in C:\PROJECTS\employer\src\Attendance.Api\Controllers\SlotConfigController.cs:line 44
   at Microsoft.AspNetCore.Mvc.Infrastructure.ActionMethodExecutor.TaskOfIActionResultExecutor.Execute(ActionContext actionContext, IActionResultTypeMapper mapper, ObjectMethodExecutor executor, Object controller, Object[] arguments)
   at Microsoft.AspNetCore.Mvc.Infrastructure.ControllerActionInvoker.<InvokeActionMethodAsync>g__Awaited|12_0(ControllerActionInvoker invoker, ValueTask`1 actionResultValueTask)
   at Microsoft.AspNetCore.Mvc.Infrastructure.ControllerActionInvoker.<InvokeNextActionFilterAsync>g__Awaited|10_0(ControllerActionInvoker invoker, Task lastTask, State next, Scope scope, Object state, Boolean isCompleted)
   at Microsoft.AspNetCore.Mvc.Infrastructure.ControllerActionInvoker.Rethrow(ActionExecutedContextSealed context)
   at Microsoft.AspNetCore.Mvc.Infrastructure.ControllerActionInvoker.Next(State& next, Scope& scope, Object& state, Boolean& isCompleted)
   at Microsoft.AspNetCore.Mvc.Infrastructure.ControllerActionInvoker.<InvokeInnerFilterAsync>g__Awaited|13_0(ControllerActionInvoker invoker, Task lastTask, State next, Scope scope, Object state, Boolean isCompleted)
   at Microsoft.AspNetCore.Mvc.Infrastructure.ResourceInvoker.<InvokeFilterPipelineAsync>g__Awaited|20_0(ResourceInvoker invoker, Task lastTask, State next, Scope scope, Object state, Boolean isCompleted)
   at Microsoft.AspNetCore.Mvc.Infrastructure.ResourceInvoker.<InvokeAsync>g__Awaited|17_0(ResourceInvoker invoker, Task task, IDisposable scope)
   at Microsoft.AspNetCore.Mvc.Infrastructure.ResourceInvoker.<InvokeAsync>g__Awaited|17_0(ResourceInvoker invoker, Task task, IDisposable scope)
   at Microsoft.AspNetCore.Authorization.AuthorizationMiddleware.Invoke(HttpContext context)
   at Microsoft.AspNetCore.Authentication.AuthenticationMiddleware.Invoke(HttpContext context)
   at Swashbuckle.AspNetCore.SwaggerUI.SwaggerUIMiddleware.Invoke(HttpContext httpContext)
   at Swashbuckle.AspNetCore.Swagger.SwaggerMiddleware.Invoke(HttpContext httpContext, ISwaggerProvider swaggerProvider)
   at Serilog.AspNetCore.RequestLoggingMiddleware.Invoke(HttpContext httpContext)
2026-07-10 14:01:25.637 +03:00 [WRN] Request fault 400 on PUT /api/slots/5: Validation failed: 
 -- StartTime: The slot window overlaps an existing active slot. Severity: Error
2026-07-10 14:01:31.101 +03:00 [INF] Expired 1 stale QR token(s); a replacement was pushed to the kiosk.
2026-07-10 14:01:35.079 +03:00 [INF] HTTP DELETE /api/slots/6 responded 204 in 86.3404 ms
2026-07-10 14:01:35.259 +03:00 [INF] HTTP GET /api/slots responded 200 in 2.1577 ms
2026-07-10 14:01:35.736 +03:00 [INF] HTTP DELETE /api/slots/2 responded 204 in 12.4382 ms
2026-07-10 14:01:35.751 +03:00 [INF] HTTP GET /api/slots responded 200 in 2.1570 ms
2026-07-10 14:01:37.358 +03:00 [INF] HTTP DELETE /api/slots/3 responded 204 in 7.5475 ms
2026-07-10 14:01:37.618 +03:00 [INF] HTTP GET /api/slots responded 200 in 3.3922 ms
2026-07-10 14:01:46.103 +03:00 [INF] Expired 1 stale QR token(s); a replacement was pushed to the kiosk.
2026-07-10 14:01:53.559 +03:00 [INF] HTTP GET /api/staff responded 200 in 16.1676 ms
2026-07-10 14:02:04.789 +03:00 [INF] HTTP GET /api/staff/1 responded 200 in 33.2708 ms
2026-07-10 14:02:05.454 +03:00 [INF] HTTP GET /staff-photos/EMP-0001/EMP-0001.png responded 200 in 27.5627 ms
2026-07-10 14:02:06.100 +03:00 [INF] Expired 1 stale QR token(s); a replacement was pushed to the kiosk.
2026-07-10 14:02:09.906 +03:00 [INF] HTTP GET /api/staff responded 200 in 5.4311 ms
2026-07-10 14:02:21.109 +03:00 [INF] Expired 1 stale QR token(s); a replacement was pushed to the kiosk.
2026-07-10 14:02:24.928 +03:00 [INF] HTTP GET /api/reports/daily responded 200 in 91.9882 ms
2026-07-10 14:02:41.112 +03:00 [INF] Expired 1 stale QR token(s); a replacement was pushed to the kiosk.
2026-07-10 14:02:42.087 +03:00 [INF] HTTP GET /api/slots responded 200 in 5.1843 ms
2026-07-10 14:03:01.103 +03:00 [INF] Expired 1 stale QR token(s); a replacement was pushed to the kiosk.
2026-07-10 14:03:21.096 +03:00 [INF] Expired 1 stale QR token(s); a replacement was pushed to the kiosk.
2026-07-10 14:03:36.104 +03:00 [INF] Expired 1 stale QR token(s); a replacement was pushed to the kiosk.
2026-07-10 14:03:56.106 +03:00 [INF] Expired 1 stale QR token(s); a replacement was pushed to the kiosk.
2026-07-10 14:04:16.097 +03:00 [INF] Expired 1 stale QR token(s); a replacement was pushed to the kiosk.
2026-07-10 14:04:36.113 +03:00 [INF] Expired 1 stale QR token(s); a replacement was pushed to the kiosk.
2026-07-10 14:04:56.108 +03:00 [INF] Expired 1 stale QR token(s); a replacement was pushed to the kiosk.
2026-07-10 14:05:16.098 +03:00 [INF] Expired 1 stale QR token(s); a replacement was pushed to the kiosk.
2026-07-10 14:05:36.096 +03:00 [INF] Expired 1 stale QR token(s); a replacement was pushed to the kiosk.
2026-07-10 14:05:56.107 +03:00 [INF] Expired 1 stale QR token(s); a replacement was pushed to the kiosk.
2026-07-10 14:06:16.099 +03:00 [INF] Expired 1 stale QR token(s); a replacement was pushed to the kiosk.
2026-07-10 14:06:36.095 +03:00 [INF] Expired 1 stale QR token(s); a replacement was pushed to the kiosk.
2026-07-10 14:06:51.108 +03:00 [INF] Expired 1 stale QR token(s); a replacement was pushed to the kiosk.
2026-07-10 14:07:11.107 +03:00 [INF] Expired 1 stale QR token(s); a replacement was pushed to the kiosk.
2026-07-10 14:07:31.104 +03:00 [INF] Expired 1 stale QR token(s); a replacement was pushed to the kiosk.
2026-07-10 14:07:51.090 +03:00 [INF] Expired 1 stale QR token(s); a replacement was pushed to the kiosk.
2026-07-10 14:08:06.107 +03:00 [INF] Expired 1 stale QR token(s); a replacement was pushed to the kiosk.
2026-07-10 14:08:06.111 +03:00 [INF] HTTP POST /api/slots responded 201 in 76.1025 ms
2026-07-10 14:08:06.302 +03:00 [INF] HTTP GET /api/slots responded 200 in 1.9120 ms
2026-07-10 14:08:16.700 +03:00 [INF] HTTP DELETE /api/slots/7 responded 204 in 19.0782 ms
2026-07-10 14:08:16.949 +03:00 [INF] HTTP GET /api/slots responded 200 in 2.0698 ms
2026-07-10 14:08:26.093 +03:00 [INF] Expired 1 stale QR token(s); a replacement was pushed to the kiosk.
2026-07-10 14:08:46.104 +03:00 [INF] Expired 1 stale QR token(s); a replacement was pushed to the kiosk.
2026-07-10 14:09:06.114 +03:00 [INF] Expired 1 stale QR token(s); a replacement was pushed to the kiosk.
2026-07-10 14:09:26.105 +03:00 [INF] Expired 1 stale QR token(s); a replacement was pushed to the kiosk.
2026-07-10 14:09:46.093 +03:00 [INF] Expired 1 stale QR token(s); a replacement was pushed to the kiosk.
2026-07-10 14:10:01.100 +03:00 [INF] Expired 1 stale QR token(s); a replacement was pushed to the kiosk.
2026-07-10 14:10:21.094 +03:00 [INF] Expired 1 stale QR token(s); a replacement was pushed to the kiosk.
2026-07-10 14:10:41.102 +03:00 [INF] Expired 1 stale QR token(s); a replacement was pushed to the kiosk.
2026-07-10 14:11:01.109 +03:00 [INF] Expired 1 stale QR token(s); a replacement was pushed to the kiosk.
2026-07-10 14:11:21.099 +03:00 [INF] Expired 1 stale QR token(s); a replacement was pushed to the kiosk.
2026-07-10 14:11:41.106 +03:00 [INF] Expired 1 stale QR token(s); a replacement was pushed to the kiosk.
2026-07-10 14:12:01.099 +03:00 [INF] Expired 1 stale QR token(s); a replacement was pushed to the kiosk.
2026-07-10 14:12:16.118 +03:00 [INF] Expired 1 stale QR token(s); a replacement was pushed to the kiosk.
2026-07-10 14:12:36.096 +03:00 [INF] Expired 1 stale QR token(s); a replacement was pushed to the kiosk.
2026-07-10 14:12:56.097 +03:00 [INF] Expired 1 stale QR token(s); a replacement was pushed to the kiosk.
2026-07-10 14:13:16.106 +03:00 [INF] Expired 1 stale QR token(s); a replacement was pushed to the kiosk.
2026-07-10 14:13:36.109 +03:00 [INF] Expired 1 stale QR token(s); a replacement was pushed to the kiosk.
2026-07-10 14:13:56.103 +03:00 [INF] Expired 1 stale QR token(s); a replacement was pushed to the kiosk.
2026-07-10 14:14:16.094 +03:00 [INF] Expired 1 stale QR token(s); a replacement was pushed to the kiosk.
2026-07-10 14:14:31.120 +03:00 [INF] Expired 1 stale QR token(s); a replacement was pushed to the kiosk.
2026-07-10 14:14:51.098 +03:00 [INF] Expired 1 stale QR token(s); a replacement was pushed to the kiosk.
2026-07-10 14:14:55.202 +03:00 [INF] HTTP GET /hubs/attendance responded 101 in 1261413.4734 ms
2026-07-10 14:15:06.109 +03:00 [INF] Expired 1 stale QR token(s); a replacement was pushed to the kiosk.
2026-07-10 14:15:26.103 +03:00 [INF] Expired 1 stale QR token(s); a replacement was pushed to the kiosk.
2026-07-10 14:15:41.109 +03:00 [INF] Expired 1 stale QR token(s); a replacement was pushed to the kiosk.
2026-07-10 14:16:01.117 +03:00 [INF] Expired 1 stale QR token(s); a replacement was pushed to the kiosk.
2026-07-10 14:16:21.111 +03:00 [INF] Expired 1 stale QR token(s); a replacement was pushed to the kiosk.
2026-07-10 14:16:41.112 +03:00 [INF] Expired 1 stale QR token(s); a replacement was pushed to the kiosk.
2026-07-10 14:17:01.108 +03:00 [INF] Expired 1 stale QR token(s); a replacement was pushed to the kiosk.
2026-07-10 14:17:16.120 +03:00 [INF] Expired 1 stale QR token(s); a replacement was pushed to the kiosk.
2026-07-10 14:17:36.104 +03:00 [INF] Expired 1 stale QR token(s); a replacement was pushed to the kiosk.
2026-07-10 14:17:56.096 +03:00 [INF] Expired 1 stale QR token(s); a replacement was pushed to the kiosk.
2026-07-10 14:18:11.107 +03:00 [INF] Expired 1 stale QR token(s); a replacement was pushed to the kiosk.
2026-07-10 14:18:31.102 +03:00 [INF] Expired 1 stale QR token(s); a replacement was pushed to the kiosk.
2026-07-10 14:18:51.110 +03:00 [INF] Expired 1 stale QR token(s); a replacement was pushed to the kiosk.
2026-07-10 14:19:11.103 +03:00 [INF] Expired 1 stale QR token(s); a replacement was pushed to the kiosk.
2026-07-10 14:19:31.105 +03:00 [INF] Expired 1 stale QR token(s); a replacement was pushed to the kiosk.
2026-07-10 14:19:51.106 +03:00 [INF] Expired 1 stale QR token(s); a replacement was pushed to the kiosk.
2026-07-10 14:22:18.864 +03:00 [WRN] The 'StaffStatus' property 'Status' on entity type 'Staff' is configured with a database-generated default, but has no configured sentinel value. The database-generated default will always be used for inserts when the property has the value 'Inactive', since this is the CLR default for the 'StaffStatus' type. Consider using a nullable type, using a nullable backing field, or setting the sentinel value for the property to ensure the database default is used when, and only when, appropriate. See https://aka.ms/efcore-docs-default-values for more information.
2026-07-10 14:22:20.471 +03:00 [INF] Kiosk QR deep-link base: http://192.168.1.36:4200/scan — phones must be able to reach this host.
2026-07-10 14:22:20.521 +03:00 [INF] QR token expiry sweep started (interval 5s).
2026-07-10 14:22:20.614 +03:00 [INF] Now listening on: http://0.0.0.0:5080
2026-07-10 14:22:20.616 +03:00 [INF] Application started. Press Ctrl+C to shut down.
2026-07-10 14:22:20.618 +03:00 [INF] Hosting environment: Development
2026-07-10 14:22:20.620 +03:00 [INF] Content root path: C:\PROJECTS\employer\src\Attendance.Api
2026-07-10 14:22:21.446 +03:00 [WRN] Failed to determine the https port for redirect.
2026-07-10 14:22:21.509 +03:00 [INF] HTTP GET /api/slots responded 401 in 130.1645 ms
2026-07-10 14:22:25.909 +03:00 [INF] Expired 1 stale QR token(s); a replacement was pushed to the kiosk.
2026-07-10 14:22:41.151 +03:00 [INF] HTTP POST /api/auth/login responded 200 in 297.8316 ms
2026-07-10 14:22:41.617 +03:00 [INF] HTTP GET /api/slots responded 200 in 103.1436 ms
2026-07-10 14:22:45.576 +03:00 [INF] Expired 1 stale QR token(s); a replacement was pushed to the kiosk.
2026-07-10 14:23:00.679 +03:00 [INF] HTTP POST /api/auth/login responded 200 in 111.2078 ms
2026-07-10 14:23:01.086 +03:00 [INF] HTTP POST /api/slots responded 201 in 97.3018 ms
2026-07-10 14:23:01.705 +03:00 [INF] HTTP DELETE /api/slots/8/permanent responded 204 in 136.8189 ms
2026-07-10 14:23:02.072 +03:00 [INF] HTTP GET /api/slots responded 200 in 9.8593 ms
2026-07-10 14:23:04.088 +03:00 [INF] HTTP GET /api/slots responded 401 in 5.7956 ms
2026-07-10 14:23:05.555 +03:00 [INF] Expired 1 stale QR token(s); a replacement was pushed to the kiosk.
2026-07-10 14:23:20.559 +03:00 [INF] Expired 1 stale QR token(s); a replacement was pushed to the kiosk.
2026-07-10 14:23:40.557 +03:00 [INF] Expired 1 stale QR token(s); a replacement was pushed to the kiosk.
2026-07-10 14:24:00.586 +03:00 [INF] Expired 1 stale QR token(s); a replacement was pushed to the kiosk.
2026-07-10 14:24:15.597 +03:00 [INF] Expired 1 stale QR token(s); a replacement was pushed to the kiosk.
2026-07-10 14:24:35.548 +03:00 [INF] Expired 1 stale QR token(s); a replacement was pushed to the kiosk.
2026-07-10 14:24:55.551 +03:00 [INF] Expired 1 stale QR token(s); a replacement was pushed to the kiosk.
2026-07-10 14:25:10.435 +03:00 [INF] HTTP POST /api/auth/login responded 200 in 121.8247 ms
2026-07-10 14:25:10.760 +03:00 [ERR] HTTP DELETE /api/slots/3/permanent responded 500 in 8.8006 ms
Attendance.Application.Exceptions.SlotInUseException: Cannot delete 'LunchIn': 6 attendance record(s) reference this slot. Deactivate it instead.
   at Attendance.Application.Services.SlotConfigService.DeleteSlotAsync(Int32 slotId) in C:\PROJECTS\employer\src\Attendance.Application\Services\SlotConfigService.cs:line 66
   at Attendance.Api.Controllers.SlotConfigController.Delete(Int32 id) in C:\PROJECTS\employer\src\Attendance.Api\Controllers\SlotConfigController.cs:line 68
   at Microsoft.AspNetCore.Mvc.Infrastructure.ActionMethodExecutor.TaskOfIActionResultExecutor.Execute(ActionContext actionContext, IActionResultTypeMapper mapper, ObjectMethodExecutor executor, Object controller, Object[] arguments)
   at Microsoft.AspNetCore.Mvc.Infrastructure.ControllerActionInvoker.<InvokeActionMethodAsync>g__Awaited|12_0(ControllerActionInvoker invoker, ValueTask`1 actionResultValueTask)
   at Microsoft.AspNetCore.Mvc.Infrastructure.ControllerActionInvoker.<InvokeNextActionFilterAsync>g__Awaited|10_0(ControllerActionInvoker invoker, Task lastTask, State next, Scope scope, Object state, Boolean isCompleted)
   at Microsoft.AspNetCore.Mvc.Infrastructure.ControllerActionInvoker.Rethrow(ActionExecutedContextSealed context)
   at Microsoft.AspNetCore.Mvc.Infrastructure.ControllerActionInvoker.Next(State& next, Scope& scope, Object& state, Boolean& isCompleted)
   at Microsoft.AspNetCore.Mvc.Infrastructure.ControllerActionInvoker.<InvokeInnerFilterAsync>g__Awaited|13_0(ControllerActionInvoker invoker, Task lastTask, State next, Scope scope, Object state, Boolean isCompleted)
   at Microsoft.AspNetCore.Mvc.Infrastructure.ResourceInvoker.<InvokeFilterPipelineAsync>g__Awaited|20_0(ResourceInvoker invoker, Task lastTask, State next, Scope scope, Object state, Boolean isCompleted)
   at Microsoft.AspNetCore.Mvc.Infrastructure.ResourceInvoker.<InvokeAsync>g__Awaited|17_0(ResourceInvoker invoker, Task task, IDisposable scope)
   at Microsoft.AspNetCore.Mvc.Infrastructure.ResourceInvoker.<InvokeAsync>g__Awaited|17_0(ResourceInvoker invoker, Task task, IDisposable scope)
   at Microsoft.AspNetCore.Authorization.AuthorizationMiddleware.Invoke(HttpContext context)
   at Microsoft.AspNetCore.Authentication.AuthenticationMiddleware.Invoke(HttpContext context)
   at Swashbuckle.AspNetCore.SwaggerUI.SwaggerUIMiddleware.Invoke(HttpContext httpContext)
   at Swashbuckle.AspNetCore.Swagger.SwaggerMiddleware.Invoke(HttpContext httpContext, ISwaggerProvider swaggerProvider)
   at Serilog.AspNetCore.RequestLoggingMiddleware.Invoke(HttpContext httpContext)
2026-07-10 14:25:10.815 +03:00 [WRN] Request fault 409 on DELETE /api/slots/3/permanent: Cannot delete 'LunchIn': 6 attendance record(s) reference this slot. Deactivate it instead.
2026-07-10 14:25:15.562 +03:00 [INF] Expired 1 stale QR token(s); a replacement was pushed to the kiosk.
2026-07-10 14:25:26.764 +03:00 [INF] HTTP POST /api/auth/login responded 200 in 110.9742 ms
2026-07-10 14:25:27.080 +03:00 [ERR] HTTP DELETE /api/slots/9999/permanent responded 500 in 8.3362 ms
Attendance.Application.Exceptions.NotFoundException: Slot configuration 9999 was not found.
   at Attendance.Application.Services.SlotConfigService.DeleteSlotAsync(Int32 slotId) in C:\PROJECTS\employer\src\Attendance.Application\Services\SlotConfigService.cs:line 61
   at Attendance.Api.Controllers.SlotConfigController.Delete(Int32 id) in C:\PROJECTS\employer\src\Attendance.Api\Controllers\SlotConfigController.cs:line 68
   at Microsoft.AspNetCore.Mvc.Infrastructure.ActionMethodExecutor.TaskOfIActionResultExecutor.Execute(ActionContext actionContext, IActionResultTypeMapper mapper, ObjectMethodExecutor executor, Object controller, Object[] arguments)
   at Microsoft.AspNetCore.Mvc.Infrastructure.ControllerActionInvoker.<InvokeActionMethodAsync>g__Awaited|12_0(ControllerActionInvoker invoker, ValueTask`1 actionResultValueTask)
   at Microsoft.AspNetCore.Mvc.Infrastructure.ControllerActionInvoker.<InvokeNextActionFilterAsync>g__Awaited|10_0(ControllerActionInvoker invoker, Task lastTask, State next, Scope scope, Object state, Boolean isCompleted)
   at Microsoft.AspNetCore.Mvc.Infrastructure.ControllerActionInvoker.Rethrow(ActionExecutedContextSealed context)
   at Microsoft.AspNetCore.Mvc.Infrastructure.ControllerActionInvoker.Next(State& next, Scope& scope, Object& state, Boolean& isCompleted)
   at Microsoft.AspNetCore.Mvc.Infrastructure.ControllerActionInvoker.<InvokeInnerFilterAsync>g__Awaited|13_0(ControllerActionInvoker invoker, Task lastTask, State next, Scope scope, Object state, Boolean isCompleted)
   at Microsoft.AspNetCore.Mvc.Infrastructure.ResourceInvoker.<InvokeFilterPipelineAsync>g__Awaited|20_0(ResourceInvoker invoker, Task lastTask, State next, Scope scope, Object state, Boolean isCompleted)
   at Microsoft.AspNetCore.Mvc.Infrastructure.ResourceInvoker.<InvokeAsync>g__Awaited|17_0(ResourceInvoker invoker, Task task, IDisposable scope)
   at Microsoft.AspNetCore.Mvc.Infrastructure.ResourceInvoker.<InvokeAsync>g__Awaited|17_0(ResourceInvoker invoker, Task task, IDisposable scope)
   at Microsoft.AspNetCore.Authorization.AuthorizationMiddleware.Invoke(HttpContext context)
   at Microsoft.AspNetCore.Authentication.AuthenticationMiddleware.Invoke(HttpContext context)
   at Swashbuckle.AspNetCore.SwaggerUI.SwaggerUIMiddleware.Invoke(HttpContext httpContext)
   at Swashbuckle.AspNetCore.Swagger.SwaggerMiddleware.Invoke(HttpContext httpContext, ISwaggerProvider swaggerProvider)
   at Serilog.AspNetCore.RequestLoggingMiddleware.Invoke(HttpContext httpContext)
2026-07-10 14:25:27.087 +03:00 [WRN] Request fault 404 on DELETE /api/slots/9999/permanent: Slot configuration 9999 was not found.
2026-07-10 14:25:27.368 +03:00 [INF] HTTP DELETE /api/slots/9999/permanent responded 401 in 0.1999 ms
2026-07-10 14:25:30.571 +03:00 [INF] Expired 1 stale QR token(s); a replacement was pushed to the kiosk.
2026-07-10 14:25:50.562 +03:00 [INF] Expired 1 stale QR token(s); a replacement was pushed to the kiosk.
2026-07-10 14:26:10.559 +03:00 [INF] Expired 1 stale QR token(s); a replacement was pushed to the kiosk.
2026-07-10 14:26:30.547 +03:00 [INF] Expired 1 stale QR token(s); a replacement was pushed to the kiosk.
2026-07-10 14:26:50.556 +03:00 [INF] Expired 1 stale QR token(s); a replacement was pushed to the kiosk.
2026-07-10 14:27:10.563 +03:00 [INF] Expired 1 stale QR token(s); a replacement was pushed to the kiosk.
2026-07-10 14:27:30.554 +03:00 [INF] Expired 1 stale QR token(s); a replacement was pushed to the kiosk.
2026-07-10 14:27:45.562 +03:00 [INF] Expired 1 stale QR token(s); a replacement was pushed to the kiosk.
2026-07-10 14:28:05.545 +03:00 [INF] Expired 1 stale QR token(s); a replacement was pushed to the kiosk.
2026-07-10 14:33:34.591 +03:00 [WRN] The 'StaffStatus' property 'Status' on entity type 'Staff' is configured with a database-generated default, but has no configured sentinel value. The database-generated default will always be used for inserts when the property has the value 'Inactive', since this is the CLR default for the 'StaffStatus' type. Consider using a nullable type, using a nullable backing field, or setting the sentinel value for the property to ensure the database default is used when, and only when, appropriate. See https://aka.ms/efcore-docs-default-values for more information.
2026-07-10 14:33:38.053 +03:00 [INF] Kiosk QR deep-link base: http://192.168.1.36:4200/scan — phones must be able to reach this host.
2026-07-10 14:33:38.099 +03:00 [INF] QR token expiry sweep started (interval 5s).
2026-07-10 14:33:38.158 +03:00 [INF] Now listening on: http://0.0.0.0:5080
2026-07-10 14:33:38.160 +03:00 [INF] Application started. Press Ctrl+C to shut down.
2026-07-10 14:33:38.160 +03:00 [INF] Hosting environment: Development
2026-07-10 14:33:38.161 +03:00 [INF] Content root path: C:\PROJECTS\employer\src\Attendance.Api
2026-07-10 14:33:43.506 +03:00 [INF] Expired 1 stale QR token(s); a replacement was pushed to the kiosk.
2026-07-10 14:34:03.165 +03:00 [INF] Expired 1 stale QR token(s); a replacement was pushed to the kiosk.
2026-07-10 14:34:23.129 +03:00 [INF] Expired 1 stale QR token(s); a replacement was pushed to the kiosk.
2026-07-10 14:34:43.117 +03:00 [INF] Expired 1 stale QR token(s); a replacement was pushed to the kiosk.
2026-07-10 14:34:58.121 +03:00 [INF] Expired 1 stale QR token(s); a replacement was pushed to the kiosk.
2026-07-10 14:35:13.162 +03:00 [INF] Expired 1 stale QR token(s); a replacement was pushed to the kiosk.
2026-07-10 14:35:33.148 +03:00 [INF] Expired 1 stale QR token(s); a replacement was pushed to the kiosk.
2026-07-10 14:35:53.131 +03:00 [INF] Expired 1 stale QR token(s); a replacement was pushed to the kiosk.
2026-07-10 14:36:08.145 +03:00 [INF] Expired 1 stale QR token(s); a replacement was pushed to the kiosk.
2026-07-10 14:36:28.122 +03:00 [INF] Expired 1 stale QR token(s); a replacement was pushed to the kiosk.
2026-07-10 14:36:43.132 +03:00 [INF] Expired 1 stale QR token(s); a replacement was pushed to the kiosk.
2026-07-10 14:37:03.138 +03:00 [INF] Expired 1 stale QR token(s); a replacement was pushed to the kiosk.
2026-07-10 14:37:03.210 +03:00 [WRN] Failed to determine the https port for redirect.
2026-07-10 14:37:03.631 +03:00 [INF] HTTP POST /api/auth/login responded 200 in 461.2060 ms
2026-07-10 14:37:03.964 +03:00 [INF] HTTP GET /api/staff responded 200 in 251.4221 ms
2026-07-10 14:37:07.286 +03:00 [INF] HTTP GET /api/slots responded 200 in 55.2081 ms
2026-07-10 14:37:12.458 +03:00 [ERR] HTTP DELETE /api/slots/1/permanent responded 500 in 49.3215 ms
Attendance.Application.Exceptions.SlotInUseException: Cannot delete 'MorningIn': 5 attendance record(s) reference this slot. Deactivate it instead.
   at Attendance.Application.Services.SlotConfigService.DeleteSlotAsync(Int32 slotId) in C:\PROJECTS\employer\src\Attendance.Application\Services\SlotConfigService.cs:line 66
   at Attendance.Api.Controllers.SlotConfigController.Delete(Int32 id) in C:\PROJECTS\employer\src\Attendance.Api\Controllers\SlotConfigController.cs:line 68
   at Microsoft.AspNetCore.Mvc.Infrastructure.ActionMethodExecutor.TaskOfIActionResultExecutor.Execute(ActionContext actionContext, IActionResultTypeMapper mapper, ObjectMethodExecutor executor, Object controller, Object[] arguments)
   at Microsoft.AspNetCore.Mvc.Infrastructure.ControllerActionInvoker.<InvokeActionMethodAsync>g__Awaited|12_0(ControllerActionInvoker invoker, ValueTask`1 actionResultValueTask)
   at Microsoft.AspNetCore.Mvc.Infrastructure.ControllerActionInvoker.<InvokeNextActionFilterAsync>g__Awaited|10_0(ControllerActionInvoker invoker, Task lastTask, State next, Scope scope, Object state, Boolean isCompleted)
   at Microsoft.AspNetCore.Mvc.Infrastructure.ControllerActionInvoker.Rethrow(ActionExecutedContextSealed context)
   at Microsoft.AspNetCore.Mvc.Infrastructure.ControllerActionInvoker.Next(State& next, Scope& scope, Object& state, Boolean& isCompleted)
   at Microsoft.AspNetCore.Mvc.Infrastructure.ControllerActionInvoker.<InvokeInnerFilterAsync>g__Awaited|13_0(ControllerActionInvoker invoker, Task lastTask, State next, Scope scope, Object state, Boolean isCompleted)
   at Microsoft.AspNetCore.Mvc.Infrastructure.ResourceInvoker.<InvokeFilterPipelineAsync>g__Awaited|20_0(ResourceInvoker invoker, Task lastTask, State next, Scope scope, Object state, Boolean isCompleted)
   at Microsoft.AspNetCore.Mvc.Infrastructure.ResourceInvoker.<InvokeAsync>g__Awaited|17_0(ResourceInvoker invoker, Task task, IDisposable scope)
   at Microsoft.AspNetCore.Mvc.Infrastructure.ResourceInvoker.<InvokeAsync>g__Awaited|17_0(ResourceInvoker invoker, Task task, IDisposable scope)
   at Microsoft.AspNetCore.Authorization.AuthorizationMiddleware.Invoke(HttpContext context)
   at Microsoft.AspNetCore.Authentication.AuthenticationMiddleware.Invoke(HttpContext context)
   at Swashbuckle.AspNetCore.SwaggerUI.SwaggerUIMiddleware.Invoke(HttpContext httpContext)
   at Swashbuckle.AspNetCore.Swagger.SwaggerMiddleware.Invoke(HttpContext httpContext, ISwaggerProvider swaggerProvider)
   at Serilog.AspNetCore.RequestLoggingMiddleware.Invoke(HttpContext httpContext)
2026-07-10 14:37:12.489 +03:00 [WRN] Request fault 409 on DELETE /api/slots/1/permanent: Cannot delete 'MorningIn': 5 attendance record(s) reference this slot. Deactivate it instead.
2026-07-10 14:37:19.460 +03:00 [ERR] HTTP DELETE /api/slots/1/permanent responded 500 in 9.2201 ms
Attendance.Application.Exceptions.SlotInUseException: Cannot delete 'MorningIn': 5 attendance record(s) reference this slot. Deactivate it instead.
   at Attendance.Application.Services.SlotConfigService.DeleteSlotAsync(Int32 slotId) in C:\PROJECTS\employer\src\Attendance.Application\Services\SlotConfigService.cs:line 66
   at Attendance.Api.Controllers.SlotConfigController.Delete(Int32 id) in C:\PROJECTS\employer\src\Attendance.Api\Controllers\SlotConfigController.cs:line 68
   at Microsoft.AspNetCore.Mvc.Infrastructure.ActionMethodExecutor.TaskOfIActionResultExecutor.Execute(ActionContext actionContext, IActionResultTypeMapper mapper, ObjectMethodExecutor executor, Object controller, Object[] arguments)
   at Microsoft.AspNetCore.Mvc.Infrastructure.ControllerActionInvoker.<InvokeActionMethodAsync>g__Awaited|12_0(ControllerActionInvoker invoker, ValueTask`1 actionResultValueTask)
   at Microsoft.AspNetCore.Mvc.Infrastructure.ControllerActionInvoker.<InvokeNextActionFilterAsync>g__Awaited|10_0(ControllerActionInvoker invoker, Task lastTask, State next, Scope scope, Object state, Boolean isCompleted)
   at Microsoft.AspNetCore.Mvc.Infrastructure.ControllerActionInvoker.Rethrow(ActionExecutedContextSealed context)
   at Microsoft.AspNetCore.Mvc.Infrastructure.ControllerActionInvoker.Next(State& next, Scope& scope, Object& state, Boolean& isCompleted)
   at Microsoft.AspNetCore.Mvc.Infrastructure.ControllerActionInvoker.<InvokeInnerFilterAsync>g__Awaited|13_0(ControllerActionInvoker invoker, Task lastTask, State next, Scope scope, Object state, Boolean isCompleted)
   at Microsoft.AspNetCore.Mvc.Infrastructure.ResourceInvoker.<InvokeFilterPipelineAsync>g__Awaited|20_0(ResourceInvoker invoker, Task lastTask, State next, Scope scope, Object state, Boolean isCompleted)
   at Microsoft.AspNetCore.Mvc.Infrastructure.ResourceInvoker.<InvokeAsync>g__Awaited|17_0(ResourceInvoker invoker, Task task, IDisposable scope)
   at Microsoft.AspNetCore.Mvc.Infrastructure.ResourceInvoker.<InvokeAsync>g__Awaited|17_0(ResourceInvoker invoker, Task task, IDisposable scope)
   at Microsoft.AspNetCore.Authorization.AuthorizationMiddleware.Invoke(HttpContext context)
   at Microsoft.AspNetCore.Authentication.AuthenticationMiddleware.Invoke(HttpContext context)
   at Swashbuckle.AspNetCore.SwaggerUI.SwaggerUIMiddleware.Invoke(HttpContext httpContext)
   at Swashbuckle.AspNetCore.Swagger.SwaggerMiddleware.Invoke(HttpContext httpContext, ISwaggerProvider swaggerProvider)
   at Serilog.AspNetCore.RequestLoggingMiddleware.Invoke(HttpContext httpContext)
2026-07-10 14:37:19.469 +03:00 [WRN] Request fault 409 on DELETE /api/slots/1/permanent: Cannot delete 'MorningIn': 5 attendance record(s) reference this slot. Deactivate it instead.
2026-07-10 14:37:23.134 +03:00 [INF] Expired 1 stale QR token(s); a replacement was pushed to the kiosk.
2026-07-10 14:37:23.631 +03:00 [ERR] HTTP DELETE /api/slots/1/permanent responded 500 in 10.4237 ms
Attendance.Application.Exceptions.SlotInUseException: Cannot delete 'MorningIn': 5 attendance record(s) reference this slot. Deactivate it instead.
   at Attendance.Application.Services.SlotConfigService.DeleteSlotAsync(Int32 slotId) in C:\PROJECTS\employer\src\Attendance.Application\Services\SlotConfigService.cs:line 66
   at Attendance.Api.Controllers.SlotConfigController.Delete(Int32 id) in C:\PROJECTS\employer\src\Attendance.Api\Controllers\SlotConfigController.cs:line 68
   at Microsoft.AspNetCore.Mvc.Infrastructure.ActionMethodExecutor.TaskOfIActionResultExecutor.Execute(ActionContext actionContext, IActionResultTypeMapper mapper, ObjectMethodExecutor executor, Object controller, Object[] arguments)
   at Microsoft.AspNetCore.Mvc.Infrastructure.ControllerActionInvoker.<InvokeActionMethodAsync>g__Awaited|12_0(ControllerActionInvoker invoker, ValueTask`1 actionResultValueTask)
   at Microsoft.AspNetCore.Mvc.Infrastructure.ControllerActionInvoker.<InvokeNextActionFilterAsync>g__Awaited|10_0(ControllerActionInvoker invoker, Task lastTask, State next, Scope scope, Object state, Boolean isCompleted)
   at Microsoft.AspNetCore.Mvc.Infrastructure.ControllerActionInvoker.Rethrow(ActionExecutedContextSealed context)
   at Microsoft.AspNetCore.Mvc.Infrastructure.ControllerActionInvoker.Next(State& next, Scope& scope, Object& state, Boolean& isCompleted)
   at Microsoft.AspNetCore.Mvc.Infrastructure.ControllerActionInvoker.<InvokeInnerFilterAsync>g__Awaited|13_0(ControllerActionInvoker invoker, Task lastTask, State next, Scope scope, Object state, Boolean isCompleted)
   at Microsoft.AspNetCore.Mvc.Infrastructure.ResourceInvoker.<InvokeFilterPipelineAsync>g__Awaited|20_0(ResourceInvoker invoker, Task lastTask, State next, Scope scope, Object state, Boolean isCompleted)
   at Microsoft.AspNetCore.Mvc.Infrastructure.ResourceInvoker.<InvokeAsync>g__Awaited|17_0(ResourceInvoker invoker, Task task, IDisposable scope)
   at Microsoft.AspNetCore.Mvc.Infrastructure.ResourceInvoker.<InvokeAsync>g__Awaited|17_0(ResourceInvoker invoker, Task task, IDisposable scope)
   at Microsoft.AspNetCore.Authorization.AuthorizationMiddleware.Invoke(HttpContext context)
   at Microsoft.AspNetCore.Authentication.AuthenticationMiddleware.Invoke(HttpContext context)
   at Swashbuckle.AspNetCore.SwaggerUI.SwaggerUIMiddleware.Invoke(HttpContext httpContext)
   at Swashbuckle.AspNetCore.Swagger.SwaggerMiddleware.Invoke(HttpContext httpContext, ISwaggerProvider swaggerProvider)
   at Serilog.AspNetCore.RequestLoggingMiddleware.Invoke(HttpContext httpContext)
2026-07-10 14:37:23.636 +03:00 [WRN] Request fault 409 on DELETE /api/slots/1/permanent: Cannot delete 'MorningIn': 5 attendance record(s) reference this slot. Deactivate it instead.
2026-07-10 14:37:27.668 +03:00 [INF] HTTP DELETE /api/slots/2/permanent responded 204 in 64.2626 ms
2026-07-10 14:37:27.875 +03:00 [INF] HTTP GET /api/slots responded 200 in 5.9280 ms
2026-07-10 14:37:30.793 +03:00 [ERR] HTTP DELETE /api/slots/1/permanent responded 500 in 7.1373 ms
Attendance.Application.Exceptions.SlotInUseException: Cannot delete 'MorningIn': 5 attendance record(s) reference this slot. Deactivate it instead.
   at Attendance.Application.Services.SlotConfigService.DeleteSlotAsync(Int32 slotId) in C:\PROJECTS\employer\src\Attendance.Application\Services\SlotConfigService.cs:line 66
   at Attendance.Api.Controllers.SlotConfigController.Delete(Int32 id) in C:\PROJECTS\employer\src\Attendance.Api\Controllers\SlotConfigController.cs:line 68
   at Microsoft.AspNetCore.Mvc.Infrastructure.ActionMethodExecutor.TaskOfIActionResultExecutor.Execute(ActionContext actionContext, IActionResultTypeMapper mapper, ObjectMethodExecutor executor, Object controller, Object[] arguments)
   at Microsoft.AspNetCore.Mvc.Infrastructure.ControllerActionInvoker.<InvokeActionMethodAsync>g__Awaited|12_0(ControllerActionInvoker invoker, ValueTask`1 actionResultValueTask)
   at Microsoft.AspNetCore.Mvc.Infrastructure.ControllerActionInvoker.<InvokeNextActionFilterAsync>g__Awaited|10_0(ControllerActionInvoker invoker, Task lastTask, State next, Scope scope, Object state, Boolean isCompleted)
   at Microsoft.AspNetCore.Mvc.Infrastructure.ControllerActionInvoker.Rethrow(ActionExecutedContextSealed context)
   at Microsoft.AspNetCore.Mvc.Infrastructure.ControllerActionInvoker.Next(State& next, Scope& scope, Object& state, Boolean& isCompleted)
   at Microsoft.AspNetCore.Mvc.Infrastructure.ControllerActionInvoker.<InvokeInnerFilterAsync>g__Awaited|13_0(ControllerActionInvoker invoker, Task lastTask, State next, Scope scope, Object state, Boolean isCompleted)
   at Microsoft.AspNetCore.Mvc.Infrastructure.ResourceInvoker.<InvokeFilterPipelineAsync>g__Awaited|20_0(ResourceInvoker invoker, Task lastTask, State next, Scope scope, Object state, Boolean isCompleted)
   at Microsoft.AspNetCore.Mvc.Infrastructure.ResourceInvoker.<InvokeAsync>g__Awaited|17_0(ResourceInvoker invoker, Task task, IDisposable scope)
   at Microsoft.AspNetCore.Mvc.Infrastructure.ResourceInvoker.<InvokeAsync>g__Awaited|17_0(ResourceInvoker invoker, Task task, IDisposable scope)
   at Microsoft.AspNetCore.Authorization.AuthorizationMiddleware.Invoke(HttpContext context)
   at Microsoft.AspNetCore.Authentication.AuthenticationMiddleware.Invoke(HttpContext context)
   at Swashbuckle.AspNetCore.SwaggerUI.SwaggerUIMiddleware.Invoke(HttpContext httpContext)
   at Swashbuckle.AspNetCore.Swagger.SwaggerMiddleware.Invoke(HttpContext httpContext, ISwaggerProvider swaggerProvider)
   at Serilog.AspNetCore.RequestLoggingMiddleware.Invoke(HttpContext httpContext)
2026-07-10 14:37:30.799 +03:00 [WRN] Request fault 409 on DELETE /api/slots/1/permanent: Cannot delete 'MorningIn': 5 attendance record(s) reference this slot. Deactivate it instead.
2026-07-10 14:37:34.127 +03:00 [ERR] HTTP DELETE /api/slots/1/permanent responded 500 in 6.9974 ms
Attendance.Application.Exceptions.SlotInUseException: Cannot delete 'MorningIn': 5 attendance record(s) reference this slot. Deactivate it instead.
   at Attendance.Application.Services.SlotConfigService.DeleteSlotAsync(Int32 slotId) in C:\PROJECTS\employer\src\Attendance.Application\Services\SlotConfigService.cs:line 66
   at Attendance.Api.Controllers.SlotConfigController.Delete(Int32 id) in C:\PROJECTS\employer\src\Attendance.Api\Controllers\SlotConfigController.cs:line 68
   at Microsoft.AspNetCore.Mvc.Infrastructure.ActionMethodExecutor.TaskOfIActionResultExecutor.Execute(ActionContext actionContext, IActionResultTypeMapper mapper, ObjectMethodExecutor executor, Object controller, Object[] arguments)
   at Microsoft.AspNetCore.Mvc.Infrastructure.ControllerActionInvoker.<InvokeActionMethodAsync>g__Awaited|12_0(ControllerActionInvoker invoker, ValueTask`1 actionResultValueTask)
   at Microsoft.AspNetCore.Mvc.Infrastructure.ControllerActionInvoker.<InvokeNextActionFilterAsync>g__Awaited|10_0(ControllerActionInvoker invoker, Task lastTask, State next, Scope scope, Object state, Boolean isCompleted)
   at Microsoft.AspNetCore.Mvc.Infrastructure.ControllerActionInvoker.Rethrow(ActionExecutedContextSealed context)
   at Microsoft.AspNetCore.Mvc.Infrastructure.ControllerActionInvoker.Next(State& next, Scope& scope, Object& state, Boolean& isCompleted)
   at Microsoft.AspNetCore.Mvc.Infrastructure.ControllerActionInvoker.<InvokeInnerFilterAsync>g__Awaited|13_0(ControllerActionInvoker invoker, Task lastTask, State next, Scope scope, Object state, Boolean isCompleted)
   at Microsoft.AspNetCore.Mvc.Infrastructure.ResourceInvoker.<InvokeFilterPipelineAsync>g__Awaited|20_0(ResourceInvoker invoker, Task lastTask, State next, Scope scope, Object state, Boolean isCompleted)
   at Microsoft.AspNetCore.Mvc.Infrastructure.ResourceInvoker.<InvokeAsync>g__Awaited|17_0(ResourceInvoker invoker, Task task, IDisposable scope)
   at Microsoft.AspNetCore.Mvc.Infrastructure.ResourceInvoker.<InvokeAsync>g__Awaited|17_0(ResourceInvoker invoker, Task task, IDisposable scope)
   at Microsoft.AspNetCore.Authorization.AuthorizationMiddleware.Invoke(HttpContext context)
   at Microsoft.AspNetCore.Authentication.AuthenticationMiddleware.Invoke(HttpContext context)
   at Swashbuckle.AspNetCore.SwaggerUI.SwaggerUIMiddleware.Invoke(HttpContext httpContext)
   at Swashbuckle.AspNetCore.Swagger.SwaggerMiddleware.Invoke(HttpContext httpContext, ISwaggerProvider swaggerProvider)
   at Serilog.AspNetCore.RequestLoggingMiddleware.Invoke(HttpContext httpContext)
2026-07-10 14:37:34.135 +03:00 [WRN] Request fault 409 on DELETE /api/slots/1/permanent: Cannot delete 'MorningIn': 5 attendance record(s) reference this slot. Deactivate it instead.
2026-07-10 14:37:40.155 +03:00 [ERR] HTTP DELETE /api/slots/1/permanent responded 500 in 8.6045 ms
Attendance.Application.Exceptions.SlotInUseException: Cannot delete 'MorningIn': 5 attendance record(s) reference this slot. Deactivate it instead.
   at Attendance.Application.Services.SlotConfigService.DeleteSlotAsync(Int32 slotId) in C:\PROJECTS\employer\src\Attendance.Application\Services\SlotConfigService.cs:line 66
   at Attendance.Api.Controllers.SlotConfigController.Delete(Int32 id) in C:\PROJECTS\employer\src\Attendance.Api\Controllers\SlotConfigController.cs:line 68
   at Microsoft.AspNetCore.Mvc.Infrastructure.ActionMethodExecutor.TaskOfIActionResultExecutor.Execute(ActionContext actionContext, IActionResultTypeMapper mapper, ObjectMethodExecutor executor, Object controller, Object[] arguments)
   at Microsoft.AspNetCore.Mvc.Infrastructure.ControllerActionInvoker.<InvokeActionMethodAsync>g__Awaited|12_0(ControllerActionInvoker invoker, ValueTask`1 actionResultValueTask)
   at Microsoft.AspNetCore.Mvc.Infrastructure.ControllerActionInvoker.<InvokeNextActionFilterAsync>g__Awaited|10_0(ControllerActionInvoker invoker, Task lastTask, State next, Scope scope, Object state, Boolean isCompleted)
   at Microsoft.AspNetCore.Mvc.Infrastructure.ControllerActionInvoker.Rethrow(ActionExecutedContextSealed context)
   at Microsoft.AspNetCore.Mvc.Infrastructure.ControllerActionInvoker.Next(State& next, Scope& scope, Object& state, Boolean& isCompleted)
   at Microsoft.AspNetCore.Mvc.Infrastructure.ControllerActionInvoker.<InvokeInnerFilterAsync>g__Awaited|13_0(ControllerActionInvoker invoker, Task lastTask, State next, Scope scope, Object state, Boolean isCompleted)
   at Microsoft.AspNetCore.Mvc.Infrastructure.ResourceInvoker.<InvokeFilterPipelineAsync>g__Awaited|20_0(ResourceInvoker invoker, Task lastTask, State next, Scope scope, Object state, Boolean isCompleted)
   at Microsoft.AspNetCore.Mvc.Infrastructure.ResourceInvoker.<InvokeAsync>g__Awaited|17_0(ResourceInvoker invoker, Task task, IDisposable scope)
   at Microsoft.AspNetCore.Mvc.Infrastructure.ResourceInvoker.<InvokeAsync>g__Awaited|17_0(ResourceInvoker invoker, Task task, IDisposable scope)
   at Microsoft.AspNetCore.Authorization.AuthorizationMiddleware.Invoke(HttpContext context)
   at Microsoft.AspNetCore.Authentication.AuthenticationMiddleware.Invoke(HttpContext context)
   at Swashbuckle.AspNetCore.SwaggerUI.SwaggerUIMiddleware.Invoke(HttpContext httpContext)
   at Swashbuckle.AspNetCore.Swagger.SwaggerMiddleware.Invoke(HttpContext httpContext, ISwaggerProvider swaggerProvider)
   at Serilog.AspNetCore.RequestLoggingMiddleware.Invoke(HttpContext httpContext)
2026-07-10 14:37:40.163 +03:00 [WRN] Request fault 409 on DELETE /api/slots/1/permanent: Cannot delete 'MorningIn': 5 attendance record(s) reference this slot. Deactivate it instead.
2026-07-10 14:37:40.956 +03:00 [INF] HTTP DELETE /api/slots/4/permanent responded 204 in 11.2239 ms
2026-07-10 14:37:41.606 +03:00 [INF] HTTP GET /api/slots responded 200 in 6.8619 ms
2026-07-10 14:37:42.928 +03:00 [ERR] HTTP DELETE /api/slots/3/permanent responded 500 in 11.3056 ms
Attendance.Application.Exceptions.SlotInUseException: Cannot delete 'LunchIn': 6 attendance record(s) reference this slot. Deactivate it instead.
   at Attendance.Application.Services.SlotConfigService.DeleteSlotAsync(Int32 slotId) in C:\PROJECTS\employer\src\Attendance.Application\Services\SlotConfigService.cs:line 66
   at Attendance.Api.Controllers.SlotConfigController.Delete(Int32 id) in C:\PROJECTS\employer\src\Attendance.Api\Controllers\SlotConfigController.cs:line 68
   at Microsoft.AspNetCore.Mvc.Infrastructure.ActionMethodExecutor.TaskOfIActionResultExecutor.Execute(ActionContext actionContext, IActionResultTypeMapper mapper, ObjectMethodExecutor executor, Object controller, Object[] arguments)
   at Microsoft.AspNetCore.Mvc.Infrastructure.ControllerActionInvoker.<InvokeActionMethodAsync>g__Awaited|12_0(ControllerActionInvoker invoker, ValueTask`1 actionResultValueTask)
   at Microsoft.AspNetCore.Mvc.Infrastructure.ControllerActionInvoker.<InvokeNextActionFilterAsync>g__Awaited|10_0(ControllerActionInvoker invoker, Task lastTask, State next, Scope scope, Object state, Boolean isCompleted)
   at Microsoft.AspNetCore.Mvc.Infrastructure.ControllerActionInvoker.Rethrow(ActionExecutedContextSealed context)
   at Microsoft.AspNetCore.Mvc.Infrastructure.ControllerActionInvoker.Next(State& next, Scope& scope, Object& state, Boolean& isCompleted)
   at Microsoft.AspNetCore.Mvc.Infrastructure.ControllerActionInvoker.<InvokeInnerFilterAsync>g__Awaited|13_0(ControllerActionInvoker invoker, Task lastTask, State next, Scope scope, Object state, Boolean isCompleted)
   at Microsoft.AspNetCore.Mvc.Infrastructure.ResourceInvoker.<InvokeFilterPipelineAsync>g__Awaited|20_0(ResourceInvoker invoker, Task lastTask, State next, Scope scope, Object state, Boolean isCompleted)
   at Microsoft.AspNetCore.Mvc.Infrastructure.ResourceInvoker.<InvokeAsync>g__Awaited|17_0(ResourceInvoker invoker, Task task, IDisposable scope)
   at Microsoft.AspNetCore.Mvc.Infrastructure.ResourceInvoker.<InvokeAsync>g__Awaited|17_0(ResourceInvoker invoker, Task task, IDisposable scope)
   at Microsoft.AspNetCore.Authorization.AuthorizationMiddleware.Invoke(HttpContext context)
   at Microsoft.AspNetCore.Authentication.AuthenticationMiddleware.Invoke(HttpContext context)
   at Swashbuckle.AspNetCore.SwaggerUI.SwaggerUIMiddleware.Invoke(HttpContext httpContext)
   at Swashbuckle.AspNetCore.Swagger.SwaggerMiddleware.Invoke(HttpContext httpContext, ISwaggerProvider swaggerProvider)
   at Serilog.AspNetCore.RequestLoggingMiddleware.Invoke(HttpContext httpContext)
2026-07-10 14:37:42.934 +03:00 [WRN] Request fault 409 on DELETE /api/slots/3/permanent: Cannot delete 'LunchIn': 6 attendance record(s) reference this slot. Deactivate it instead.
2026-07-10 14:37:43.135 +03:00 [INF] Expired 1 stale QR token(s); a replacement was pushed to the kiosk.
2026-07-10 14:37:44.843 +03:00 [INF] HTTP DELETE /api/slots/7/permanent responded 204 in 10.4127 ms
2026-07-10 14:37:45.099 +03:00 [INF] HTTP GET /api/slots responded 200 in 4.1722 ms
2026-07-10 14:37:46.289 +03:00 [INF] HTTP DELETE /api/slots/6/permanent responded 204 in 22.4037 ms
2026-07-10 14:37:46.535 +03:00 [INF] HTTP GET /api/slots responded 200 in 4.6162 ms
2026-07-10 14:37:47.844 +03:00 [INF] HTTP DELETE /api/slots/5/permanent responded 204 in 16.6970 ms
2026-07-10 14:37:48.094 +03:00 [INF] HTTP GET /api/slots responded 200 in 3.4157 ms
2026-07-10 14:37:49.552 +03:00 [ERR] HTTP DELETE /api/slots/3/permanent responded 500 in 7.8659 ms
Attendance.Application.Exceptions.SlotInUseException: Cannot delete 'LunchIn': 6 attendance record(s) reference this slot. Deactivate it instead.
   at Attendance.Application.Services.SlotConfigService.DeleteSlotAsync(Int32 slotId) in C:\PROJECTS\employer\src\Attendance.Application\Services\SlotConfigService.cs:line 66
   at Attendance.Api.Controllers.SlotConfigController.Delete(Int32 id) in C:\PROJECTS\employer\src\Attendance.Api\Controllers\SlotConfigController.cs:line 68
   at Microsoft.AspNetCore.Mvc.Infrastructure.ActionMethodExecutor.TaskOfIActionResultExecutor.Execute(ActionContext actionContext, IActionResultTypeMapper mapper, ObjectMethodExecutor executor, Object controller, Object[] arguments)
   at Microsoft.AspNetCore.Mvc.Infrastructure.ControllerActionInvoker.<InvokeActionMethodAsync>g__Awaited|12_0(ControllerActionInvoker invoker, ValueTask`1 actionResultValueTask)
   at Microsoft.AspNetCore.Mvc.Infrastructure.ControllerActionInvoker.<InvokeNextActionFilterAsync>g__Awaited|10_0(ControllerActionInvoker invoker, Task lastTask, State next, Scope scope, Object state, Boolean isCompleted)
   at Microsoft.AspNetCore.Mvc.Infrastructure.ControllerActionInvoker.Rethrow(ActionExecutedContextSealed context)
   at Microsoft.AspNetCore.Mvc.Infrastructure.ControllerActionInvoker.Next(State& next, Scope& scope, Object& state, Boolean& isCompleted)
   at Microsoft.AspNetCore.Mvc.Infrastructure.ControllerActionInvoker.<InvokeInnerFilterAsync>g__Awaited|13_0(ControllerActionInvoker invoker, Task lastTask, State next, Scope scope, Object state, Boolean isCompleted)
   at Microsoft.AspNetCore.Mvc.Infrastructure.ResourceInvoker.<InvokeFilterPipelineAsync>g__Awaited|20_0(ResourceInvoker invoker, Task lastTask, State next, Scope scope, Object state, Boolean isCompleted)
   at Microsoft.AspNetCore.Mvc.Infrastructure.ResourceInvoker.<InvokeAsync>g__Awaited|17_0(ResourceInvoker invoker, Task task, IDisposable scope)
   at Microsoft.AspNetCore.Mvc.Infrastructure.ResourceInvoker.<InvokeAsync>g__Awaited|17_0(ResourceInvoker invoker, Task task, IDisposable scope)
   at Microsoft.AspNetCore.Authorization.AuthorizationMiddleware.Invoke(HttpContext context)
   at Microsoft.AspNetCore.Authentication.AuthenticationMiddleware.Invoke(HttpContext context)
   at Swashbuckle.AspNetCore.SwaggerUI.SwaggerUIMiddleware.Invoke(HttpContext httpContext)
   at Swashbuckle.AspNetCore.Swagger.SwaggerMiddleware.Invoke(HttpContext httpContext, ISwaggerProvider swaggerProvider)
   at Serilog.AspNetCore.RequestLoggingMiddleware.Invoke(HttpContext httpContext)
2026-07-10 14:37:49.563 +03:00 [WRN] Request fault 409 on DELETE /api/slots/3/permanent: Cannot delete 'LunchIn': 6 attendance record(s) reference this slot. Deactivate it instead.
2026-07-10 14:37:50.361 +03:00 [ERR] HTTP DELETE /api/slots/3/permanent responded 500 in 11.6312 ms
Attendance.Application.Exceptions.SlotInUseException: Cannot delete 'LunchIn': 6 attendance record(s) reference this slot. Deactivate it instead.
   at Attendance.Application.Services.SlotConfigService.DeleteSlotAsync(Int32 slotId) in C:\PROJECTS\employer\src\Attendance.Application\Services\SlotConfigService.cs:line 66
   at Attendance.Api.Controllers.SlotConfigController.Delete(Int32 id) in C:\PROJECTS\employer\src\Attendance.Api\Controllers\SlotConfigController.cs:line 68
   at Microsoft.AspNetCore.Mvc.Infrastructure.ActionMethodExecutor.TaskOfIActionResultExecutor.Execute(ActionContext actionContext, IActionResultTypeMapper mapper, ObjectMethodExecutor executor, Object controller, Object[] arguments)
   at Microsoft.AspNetCore.Mvc.Infrastructure.ControllerActionInvoker.<InvokeActionMethodAsync>g__Awaited|12_0(ControllerActionInvoker invoker, ValueTask`1 actionResultValueTask)
   at Microsoft.AspNetCore.Mvc.Infrastructure.ControllerActionInvoker.<InvokeNextActionFilterAsync>g__Awaited|10_0(ControllerActionInvoker invoker, Task lastTask, State next, Scope scope, Object state, Boolean isCompleted)
   at Microsoft.AspNetCore.Mvc.Infrastructure.ControllerActionInvoker.Rethrow(ActionExecutedContextSealed context)
   at Microsoft.AspNetCore.Mvc.Infrastructure.ControllerActionInvoker.Next(State& next, Scope& scope, Object& state, Boolean& isCompleted)
   at Microsoft.AspNetCore.Mvc.Infrastructure.ControllerActionInvoker.<InvokeInnerFilterAsync>g__Awaited|13_0(ControllerActionInvoker invoker, Task lastTask, State next, Scope scope, Object state, Boolean isCompleted)
   at Microsoft.AspNetCore.Mvc.Infrastructure.ResourceInvoker.<InvokeFilterPipelineAsync>g__Awaited|20_0(ResourceInvoker invoker, Task lastTask, State next, Scope scope, Object state, Boolean isCompleted)
   at Microsoft.AspNetCore.Mvc.Infrastructure.ResourceInvoker.<InvokeAsync>g__Awaited|17_0(ResourceInvoker invoker, Task task, IDisposable scope)
   at Microsoft.AspNetCore.Mvc.Infrastructure.ResourceInvoker.<InvokeAsync>g__Awaited|17_0(ResourceInvoker invoker, Task task, IDisposable scope)
   at Microsoft.AspNetCore.Authorization.AuthorizationMiddleware.Invoke(HttpContext context)
   at Microsoft.AspNetCore.Authentication.AuthenticationMiddleware.Invoke(HttpContext context)
   at Swashbuckle.AspNetCore.SwaggerUI.SwaggerUIMiddleware.Invoke(HttpContext httpContext)
   at Swashbuckle.AspNetCore.Swagger.SwaggerMiddleware.Invoke(HttpContext httpContext, ISwaggerProvider swaggerProvider)
   at Serilog.AspNetCore.RequestLoggingMiddleware.Invoke(HttpContext httpContext)
2026-07-10 14:37:50.368 +03:00 [WRN] Request fault 409 on DELETE /api/slots/3/permanent: Cannot delete 'LunchIn': 6 attendance record(s) reference this slot. Deactivate it instead.
2026-07-10 14:37:51.162 +03:00 [ERR] HTTP DELETE /api/slots/3/permanent responded 500 in 7.5367 ms
Attendance.Application.Exceptions.SlotInUseException: Cannot delete 'LunchIn': 6 attendance record(s) reference this slot. Deactivate it instead.
   at Attendance.Application.Services.SlotConfigService.DeleteSlotAsync(Int32 slotId) in C:\PROJECTS\employer\src\Attendance.Application\Services\SlotConfigService.cs:line 66
   at Attendance.Api.Controllers.SlotConfigController.Delete(Int32 id) in C:\PROJECTS\employer\src\Attendance.Api\Controllers\SlotConfigController.cs:line 68
   at Microsoft.AspNetCore.Mvc.Infrastructure.ActionMethodExecutor.TaskOfIActionResultExecutor.Execute(ActionContext actionContext, IActionResultTypeMapper mapper, ObjectMethodExecutor executor, Object controller, Object[] arguments)
   at Microsoft.AspNetCore.Mvc.Infrastructure.ControllerActionInvoker.<InvokeActionMethodAsync>g__Awaited|12_0(ControllerActionInvoker invoker, ValueTask`1 actionResultValueTask)
   at Microsoft.AspNetCore.Mvc.Infrastructure.ControllerActionInvoker.<InvokeNextActionFilterAsync>g__Awaited|10_0(ControllerActionInvoker invoker, Task lastTask, State next, Scope scope, Object state, Boolean isCompleted)
   at Microsoft.AspNetCore.Mvc.Infrastructure.ControllerActionInvoker.Rethrow(ActionExecutedContextSealed context)
   at Microsoft.AspNetCore.Mvc.Infrastructure.ControllerActionInvoker.Next(State& next, Scope& scope, Object& state, Boolean& isCompleted)
   at Microsoft.AspNetCore.Mvc.Infrastructure.ControllerActionInvoker.<InvokeInnerFilterAsync>g__Awaited|13_0(ControllerActionInvoker invoker, Task lastTask, State next, Scope scope, Object state, Boolean isCompleted)
   at Microsoft.AspNetCore.Mvc.Infrastructure.ResourceInvoker.<InvokeFilterPipelineAsync>g__Awaited|20_0(ResourceInvoker invoker, Task lastTask, State next, Scope scope, Object state, Boolean isCompleted)
   at Microsoft.AspNetCore.Mvc.Infrastructure.ResourceInvoker.<InvokeAsync>g__Awaited|17_0(ResourceInvoker invoker, Task task, IDisposable scope)
   at Microsoft.AspNetCore.Mvc.Infrastructure.ResourceInvoker.<InvokeAsync>g__Awaited|17_0(ResourceInvoker invoker, Task task, IDisposable scope)
   at Microsoft.AspNetCore.Authorization.AuthorizationMiddleware.Invoke(HttpContext context)
   at Microsoft.AspNetCore.Authentication.AuthenticationMiddleware.Invoke(HttpContext context)
   at Swashbuckle.AspNetCore.SwaggerUI.SwaggerUIMiddleware.Invoke(HttpContext httpContext)
   at Swashbuckle.AspNetCore.Swagger.SwaggerMiddleware.Invoke(HttpContext httpContext, ISwaggerProvider swaggerProvider)
   at Serilog.AspNetCore.RequestLoggingMiddleware.Invoke(HttpContext httpContext)
2026-07-10 14:37:51.172 +03:00 [WRN] Request fault 409 on DELETE /api/slots/3/permanent: Cannot delete 'LunchIn': 6 attendance record(s) reference this slot. Deactivate it instead.
2026-07-10 14:37:51.336 +03:00 [ERR] HTTP DELETE /api/slots/3/permanent responded 500 in 7.7234 ms
Attendance.Application.Exceptions.SlotInUseException: Cannot delete 'LunchIn': 6 attendance record(s) reference this slot. Deactivate it instead.
   at Attendance.Application.Services.SlotConfigService.DeleteSlotAsync(Int32 slotId) in C:\PROJECTS\employer\src\Attendance.Application\Services\SlotConfigService.cs:line 66
   at Attendance.Api.Controllers.SlotConfigController.Delete(Int32 id) in C:\PROJECTS\employer\src\Attendance.Api\Controllers\SlotConfigController.cs:line 68
   at Microsoft.AspNetCore.Mvc.Infrastructure.ActionMethodExecutor.TaskOfIActionResultExecutor.Execute(ActionContext actionContext, IActionResultTypeMapper mapper, ObjectMethodExecutor executor, Object controller, Object[] arguments)
   at Microsoft.AspNetCore.Mvc.Infrastructure.ControllerActionInvoker.<InvokeActionMethodAsync>g__Awaited|12_0(ControllerActionInvoker invoker, ValueTask`1 actionResultValueTask)
   at Microsoft.AspNetCore.Mvc.Infrastructure.ControllerActionInvoker.<InvokeNextActionFilterAsync>g__Awaited|10_0(ControllerActionInvoker invoker, Task lastTask, State next, Scope scope, Object state, Boolean isCompleted)
   at Microsoft.AspNetCore.Mvc.Infrastructure.ControllerActionInvoker.Rethrow(ActionExecutedContextSealed context)
   at Microsoft.AspNetCore.Mvc.Infrastructure.ControllerActionInvoker.Next(State& next, Scope& scope, Object& state, Boolean& isCompleted)
   at Microsoft.AspNetCore.Mvc.Infrastructure.ControllerActionInvoker.<InvokeInnerFilterAsync>g__Awaited|13_0(ControllerActionInvoker invoker, Task lastTask, State next, Scope scope, Object state, Boolean isCompleted)
   at Microsoft.AspNetCore.Mvc.Infrastructure.ResourceInvoker.<InvokeFilterPipelineAsync>g__Awaited|20_0(ResourceInvoker invoker, Task lastTask, State next, Scope scope, Object state, Boolean isCompleted)
   at Microsoft.AspNetCore.Mvc.Infrastructure.ResourceInvoker.<InvokeAsync>g__Awaited|17_0(ResourceInvoker invoker, Task task, IDisposable scope)
   at Microsoft.AspNetCore.Mvc.Infrastructure.ResourceInvoker.<InvokeAsync>g__Awaited|17_0(ResourceInvoker invoker, Task task, IDisposable scope)
   at Microsoft.AspNetCore.Authorization.AuthorizationMiddleware.Invoke(HttpContext context)
   at Microsoft.AspNetCore.Authentication.AuthenticationMiddleware.Invoke(HttpContext context)
   at Swashbuckle.AspNetCore.SwaggerUI.SwaggerUIMiddleware.Invoke(HttpContext httpContext)
   at Swashbuckle.AspNetCore.Swagger.SwaggerMiddleware.Invoke(HttpContext httpContext, ISwaggerProvider swaggerProvider)
   at Serilog.AspNetCore.RequestLoggingMiddleware.Invoke(HttpContext httpContext)
2026-07-10 14:37:51.345 +03:00 [WRN] Request fault 409 on DELETE /api/slots/3/permanent: Cannot delete 'LunchIn': 6 attendance record(s) reference this slot. Deactivate it instead.
2026-07-10 14:37:51.412 +03:00 [ERR] HTTP DELETE /api/slots/3/permanent responded 500 in 7.6560 ms
Attendance.Application.Exceptions.SlotInUseException: Cannot delete 'LunchIn': 6 attendance record(s) reference this slot. Deactivate it instead.
   at Attendance.Application.Services.SlotConfigService.DeleteSlotAsync(Int32 slotId) in C:\PROJECTS\employer\src\Attendance.Application\Services\SlotConfigService.cs:line 66
   at Attendance.Api.Controllers.SlotConfigController.Delete(Int32 id) in C:\PROJECTS\employer\src\Attendance.Api\Controllers\SlotConfigController.cs:line 68
   at Microsoft.AspNetCore.Mvc.Infrastructure.ActionMethodExecutor.TaskOfIActionResultExecutor.Execute(ActionContext actionContext, IActionResultTypeMapper mapper, ObjectMethodExecutor executor, Object controller, Object[] arguments)
   at Microsoft.AspNetCore.Mvc.Infrastructure.ControllerActionInvoker.<InvokeActionMethodAsync>g__Awaited|12_0(ControllerActionInvoker invoker, ValueTask`1 actionResultValueTask)
   at Microsoft.AspNetCore.Mvc.Infrastructure.ControllerActionInvoker.<InvokeNextActionFilterAsync>g__Awaited|10_0(ControllerActionInvoker invoker, Task lastTask, State next, Scope scope, Object state, Boolean isCompleted)
   at Microsoft.AspNetCore.Mvc.Infrastructure.ControllerActionInvoker.Rethrow(ActionExecutedContextSealed context)
   at Microsoft.AspNetCore.Mvc.Infrastructure.ControllerActionInvoker.Next(State& next, Scope& scope, Object& state, Boolean& isCompleted)
   at Microsoft.AspNetCore.Mvc.Infrastructure.ControllerActionInvoker.<InvokeInnerFilterAsync>g__Awaited|13_0(ControllerActionInvoker invoker, Task lastTask, State next, Scope scope, Object state, Boolean isCompleted)
   at Microsoft.AspNetCore.Mvc.Infrastructure.ResourceInvoker.<InvokeFilterPipelineAsync>g__Awaited|20_0(ResourceInvoker invoker, Task lastTask, State next, Scope scope, Object state, Boolean isCompleted)
   at Microsoft.AspNetCore.Mvc.Infrastructure.ResourceInvoker.<InvokeAsync>g__Awaited|17_0(ResourceInvoker invoker, Task task, IDisposable scope)
   at Microsoft.AspNetCore.Mvc.Infrastructure.ResourceInvoker.<InvokeAsync>g__Awaited|17_0(ResourceInvoker invoker, Task task, IDisposable scope)
   at Microsoft.AspNetCore.Authorization.AuthorizationMiddleware.Invoke(HttpContext context)
   at Microsoft.AspNetCore.Authentication.AuthenticationMiddleware.Invoke(HttpContext context)
   at Swashbuckle.AspNetCore.SwaggerUI.SwaggerUIMiddleware.Invoke(HttpContext httpContext)
   at Swashbuckle.AspNetCore.Swagger.SwaggerMiddleware.Invoke(HttpContext httpContext, ISwaggerProvider swaggerProvider)
   at Serilog.AspNetCore.RequestLoggingMiddleware.Invoke(HttpContext httpContext)
2026-07-10 14:37:51.418 +03:00 [WRN] Request fault 409 on DELETE /api/slots/3/permanent: Cannot delete 'LunchIn': 6 attendance record(s) reference this slot. Deactivate it instead.
2026-07-10 14:37:51.491 +03:00 [ERR] HTTP DELETE /api/slots/3/permanent responded 500 in 8.0604 ms
Attendance.Application.Exceptions.SlotInUseException: Cannot delete 'LunchIn': 6 attendance record(s) reference this slot. Deactivate it instead.
   at Attendance.Application.Services.SlotConfigService.DeleteSlotAsync(Int32 slotId) in C:\PROJECTS\employer\src\Attendance.Application\Services\SlotConfigService.cs:line 66
   at Attendance.Api.Controllers.SlotConfigController.Delete(Int32 id) in C:\PROJECTS\employer\src\Attendance.Api\Controllers\SlotConfigController.cs:line 68
   at Microsoft.AspNetCore.Mvc.Infrastructure.ActionMethodExecutor.TaskOfIActionResultExecutor.Execute(ActionContext actionContext, IActionResultTypeMapper mapper, ObjectMethodExecutor executor, Object controller, Object[] arguments)
   at Microsoft.AspNetCore.Mvc.Infrastructure.ControllerActionInvoker.<InvokeActionMethodAsync>g__Awaited|12_0(ControllerActionInvoker invoker, ValueTask`1 actionResultValueTask)
   at Microsoft.AspNetCore.Mvc.Infrastructure.ControllerActionInvoker.<InvokeNextActionFilterAsync>g__Awaited|10_0(ControllerActionInvoker invoker, Task lastTask, State next, Scope scope, Object state, Boolean isCompleted)
   at Microsoft.AspNetCore.Mvc.Infrastructure.ControllerActionInvoker.Rethrow(ActionExecutedContextSealed context)
   at Microsoft.AspNetCore.Mvc.Infrastructure.ControllerActionInvoker.Next(State& next, Scope& scope, Object& state, Boolean& isCompleted)
   at Microsoft.AspNetCore.Mvc.Infrastructure.ControllerActionInvoker.<InvokeInnerFilterAsync>g__Awaited|13_0(ControllerActionInvoker invoker, Task lastTask, State next, Scope scope, Object state, Boolean isCompleted)
   at Microsoft.AspNetCore.Mvc.Infrastructure.ResourceInvoker.<InvokeFilterPipelineAsync>g__Awaited|20_0(ResourceInvoker invoker, Task lastTask, State next, Scope scope, Object state, Boolean isCompleted)
   at Microsoft.AspNetCore.Mvc.Infrastructure.ResourceInvoker.<InvokeAsync>g__Awaited|17_0(ResourceInvoker invoker, Task task, IDisposable scope)
   at Microsoft.AspNetCore.Mvc.Infrastructure.ResourceInvoker.<InvokeAsync>g__Awaited|17_0(ResourceInvoker invoker, Task task, IDisposable scope)
   at Microsoft.AspNetCore.Authorization.AuthorizationMiddleware.Invoke(HttpContext context)
   at Microsoft.AspNetCore.Authentication.AuthenticationMiddleware.Invoke(HttpContext context)
   at Swashbuckle.AspNetCore.SwaggerUI.SwaggerUIMiddleware.Invoke(HttpContext httpContext)
   at Swashbuckle.AspNetCore.Swagger.SwaggerMiddleware.Invoke(HttpContext httpContext, ISwaggerProvider swaggerProvider)
   at Serilog.AspNetCore.RequestLoggingMiddleware.Invoke(HttpContext httpContext)
2026-07-10 14:37:51.498 +03:00 [WRN] Request fault 409 on DELETE /api/slots/3/permanent: Cannot delete 'LunchIn': 6 attendance record(s) reference this slot. Deactivate it instead.
2026-07-10 14:37:51.900 +03:00 [ERR] HTTP DELETE /api/slots/1/permanent responded 500 in 7.1464 ms
Attendance.Application.Exceptions.SlotInUseException: Cannot delete 'MorningIn': 5 attendance record(s) reference this slot. Deactivate it instead.
   at Attendance.Application.Services.SlotConfigService.DeleteSlotAsync(Int32 slotId) in C:\PROJECTS\employer\src\Attendance.Application\Services\SlotConfigService.cs:line 66
   at Attendance.Api.Controllers.SlotConfigController.Delete(Int32 id) in C:\PROJECTS\employer\src\Attendance.Api\Controllers\SlotConfigController.cs:line 68
   at Microsoft.AspNetCore.Mvc.Infrastructure.ActionMethodExecutor.TaskOfIActionResultExecutor.Execute(ActionContext actionContext, IActionResultTypeMapper mapper, ObjectMethodExecutor executor, Object controller, Object[] arguments)
   at Microsoft.AspNetCore.Mvc.Infrastructure.ControllerActionInvoker.<InvokeActionMethodAsync>g__Awaited|12_0(ControllerActionInvoker invoker, ValueTask`1 actionResultValueTask)
   at Microsoft.AspNetCore.Mvc.Infrastructure.ControllerActionInvoker.<InvokeNextActionFilterAsync>g__Awaited|10_0(ControllerActionInvoker invoker, Task lastTask, State next, Scope scope, Object state, Boolean isCompleted)
   at Microsoft.AspNetCore.Mvc.Infrastructure.ControllerActionInvoker.Rethrow(ActionExecutedContextSealed context)
   at Microsoft.AspNetCore.Mvc.Infrastructure.ControllerActionInvoker.Next(State& next, Scope& scope, Object& state, Boolean& isCompleted)
   at Microsoft.AspNetCore.Mvc.Infrastructure.ControllerActionInvoker.<InvokeInnerFilterAsync>g__Awaited|13_0(ControllerActionInvoker invoker, Task lastTask, State next, Scope scope, Object state, Boolean isCompleted)
   at Microsoft.AspNetCore.Mvc.Infrastructure.ResourceInvoker.<InvokeFilterPipelineAsync>g__Awaited|20_0(ResourceInvoker invoker, Task lastTask, State next, Scope scope, Object state, Boolean isCompleted)
   at Microsoft.AspNetCore.Mvc.Infrastructure.ResourceInvoker.<InvokeAsync>g__Awaited|17_0(ResourceInvoker invoker, Task task, IDisposable scope)
   at Microsoft.AspNetCore.Mvc.Infrastructure.ResourceInvoker.<InvokeAsync>g__Awaited|17_0(ResourceInvoker invoker, Task task, IDisposable scope)
   at Microsoft.AspNetCore.Authorization.AuthorizationMiddleware.Invoke(HttpContext context)
   at Microsoft.AspNetCore.Authentication.AuthenticationMiddleware.Invoke(HttpContext context)
   at Swashbuckle.AspNetCore.SwaggerUI.SwaggerUIMiddleware.Invoke(HttpContext httpContext)
   at Swashbuckle.AspNetCore.Swagger.SwaggerMiddleware.Invoke(HttpContext httpContext, ISwaggerProvider swaggerProvider)
   at Serilog.AspNetCore.RequestLoggingMiddleware.Invoke(HttpContext httpContext)
2026-07-10 14:37:51.906 +03:00 [WRN] Request fault 409 on DELETE /api/slots/1/permanent: Cannot delete 'MorningIn': 5 attendance record(s) reference this slot. Deactivate it instead.
2026-07-10 14:37:52.693 +03:00 [ERR] HTTP DELETE /api/slots/1/permanent responded 500 in 6.9274 ms
Attendance.Application.Exceptions.SlotInUseException: Cannot delete 'MorningIn': 5 attendance record(s) reference this slot. Deactivate it instead.
   at Attendance.Application.Services.SlotConfigService.DeleteSlotAsync(Int32 slotId) in C:\PROJECTS\employer\src\Attendance.Application\Services\SlotConfigService.cs:line 66
   at Attendance.Api.Controllers.SlotConfigController.Delete(Int32 id) in C:\PROJECTS\employer\src\Attendance.Api\Controllers\SlotConfigController.cs:line 68
   at Microsoft.AspNetCore.Mvc.Infrastructure.ActionMethodExecutor.TaskOfIActionResultExecutor.Execute(ActionContext actionContext, IActionResultTypeMapper mapper, ObjectMethodExecutor executor, Object controller, Object[] arguments)
   at Microsoft.AspNetCore.Mvc.Infrastructure.ControllerActionInvoker.<InvokeActionMethodAsync>g__Awaited|12_0(ControllerActionInvoker invoker, ValueTask`1 actionResultValueTask)
   at Microsoft.AspNetCore.Mvc.Infrastructure.ControllerActionInvoker.<InvokeNextActionFilterAsync>g__Awaited|10_0(ControllerActionInvoker invoker, Task lastTask, State next, Scope scope, Object state, Boolean isCompleted)
   at Microsoft.AspNetCore.Mvc.Infrastructure.ControllerActionInvoker.Rethrow(ActionExecutedContextSealed context)
   at Microsoft.AspNetCore.Mvc.Infrastructure.ControllerActionInvoker.Next(State& next, Scope& scope, Object& state, Boolean& isCompleted)
   at Microsoft.AspNetCore.Mvc.Infrastructure.ControllerActionInvoker.<InvokeInnerFilterAsync>g__Awaited|13_0(ControllerActionInvoker invoker, Task lastTask, State next, Scope scope, Object state, Boolean isCompleted)
   at Microsoft.AspNetCore.Mvc.Infrastructure.ResourceInvoker.<InvokeFilterPipelineAsync>g__Awaited|20_0(ResourceInvoker invoker, Task lastTask, State next, Scope scope, Object state, Boolean isCompleted)
   at Microsoft.AspNetCore.Mvc.Infrastructure.ResourceInvoker.<InvokeAsync>g__Awaited|17_0(ResourceInvoker invoker, Task task, IDisposable scope)
   at Microsoft.AspNetCore.Mvc.Infrastructure.ResourceInvoker.<InvokeAsync>g__Awaited|17_0(ResourceInvoker invoker, Task task, IDisposable scope)
   at Microsoft.AspNetCore.Authorization.AuthorizationMiddleware.Invoke(HttpContext context)
   at Microsoft.AspNetCore.Authentication.AuthenticationMiddleware.Invoke(HttpContext context)
   at Swashbuckle.AspNetCore.SwaggerUI.SwaggerUIMiddleware.Invoke(HttpContext httpContext)
   at Swashbuckle.AspNetCore.Swagger.SwaggerMiddleware.Invoke(HttpContext httpContext, ISwaggerProvider swaggerProvider)
   at Serilog.AspNetCore.RequestLoggingMiddleware.Invoke(HttpContext httpContext)
2026-07-10 14:37:52.703 +03:00 [WRN] Request fault 409 on DELETE /api/slots/1/permanent: Cannot delete 'MorningIn': 5 attendance record(s) reference this slot. Deactivate it instead.
2026-07-10 14:37:52.869 +03:00 [ERR] HTTP DELETE /api/slots/1/permanent responded 500 in 11.7377 ms
Attendance.Application.Exceptions.SlotInUseException: Cannot delete 'MorningIn': 5 attendance record(s) reference this slot. Deactivate it instead.
   at Attendance.Application.Services.SlotConfigService.DeleteSlotAsync(Int32 slotId) in C:\PROJECTS\employer\src\Attendance.Application\Services\SlotConfigService.cs:line 66
   at Attendance.Api.Controllers.SlotConfigController.Delete(Int32 id) in C:\PROJECTS\employer\src\Attendance.Api\Controllers\SlotConfigController.cs:line 68
   at Microsoft.AspNetCore.Mvc.Infrastructure.ActionMethodExecutor.TaskOfIActionResultExecutor.Execute(ActionContext actionContext, IActionResultTypeMapper mapper, ObjectMethodExecutor executor, Object controller, Object[] arguments)
   at Microsoft.AspNetCore.Mvc.Infrastructure.ControllerActionInvoker.<InvokeActionMethodAsync>g__Awaited|12_0(ControllerActionInvoker invoker, ValueTask`1 actionResultValueTask)
   at Microsoft.AspNetCore.Mvc.Infrastructure.ControllerActionInvoker.<InvokeNextActionFilterAsync>g__Awaited|10_0(ControllerActionInvoker invoker, Task lastTask, State next, Scope scope, Object state, Boolean isCompleted)
   at Microsoft.AspNetCore.Mvc.Infrastructure.ControllerActionInvoker.Rethrow(ActionExecutedContextSealed context)
   at Microsoft.AspNetCore.Mvc.Infrastructure.ControllerActionInvoker.Next(State& next, Scope& scope, Object& state, Boolean& isCompleted)
   at Microsoft.AspNetCore.Mvc.Infrastructure.ControllerActionInvoker.<InvokeInnerFilterAsync>g__Awaited|13_0(ControllerActionInvoker invoker, Task lastTask, State next, Scope scope, Object state, Boolean isCompleted)
   at Microsoft.AspNetCore.Mvc.Infrastructure.ResourceInvoker.<InvokeFilterPipelineAsync>g__Awaited|20_0(ResourceInvoker invoker, Task lastTask, State next, Scope scope, Object state, Boolean isCompleted)
   at Microsoft.AspNetCore.Mvc.Infrastructure.ResourceInvoker.<InvokeAsync>g__Awaited|17_0(ResourceInvoker invoker, Task task, IDisposable scope)
   at Microsoft.AspNetCore.Mvc.Infrastructure.ResourceInvoker.<InvokeAsync>g__Awaited|17_0(ResourceInvoker invoker, Task task, IDisposable scope)
   at Microsoft.AspNetCore.Authorization.AuthorizationMiddleware.Invoke(HttpContext context)
   at Microsoft.AspNetCore.Authentication.AuthenticationMiddleware.Invoke(HttpContext context)
   at Swashbuckle.AspNetCore.SwaggerUI.SwaggerUIMiddleware.Invoke(HttpContext httpContext)
   at Swashbuckle.AspNetCore.Swagger.SwaggerMiddleware.Invoke(HttpContext httpContext, ISwaggerProvider swaggerProvider)
   at Serilog.AspNetCore.RequestLoggingMiddleware.Invoke(HttpContext httpContext)
2026-07-10 14:37:52.873 +03:00 [WRN] Request fault 409 on DELETE /api/slots/1/permanent: Cannot delete 'MorningIn': 5 attendance record(s) reference this slot. Deactivate it instead.
2026-07-10 14:37:52.941 +03:00 [ERR] HTTP DELETE /api/slots/1/permanent responded 500 in 7.8929 ms
Attendance.Application.Exceptions.SlotInUseException: Cannot delete 'MorningIn': 5 attendance record(s) reference this slot. Deactivate it instead.
   at Attendance.Application.Services.SlotConfigService.DeleteSlotAsync(Int32 slotId) in C:\PROJECTS\employer\src\Attendance.Application\Services\SlotConfigService.cs:line 66
   at Attendance.Api.Controllers.SlotConfigController.Delete(Int32 id) in C:\PROJECTS\employer\src\Attendance.Api\Controllers\SlotConfigController.cs:line 68
   at Microsoft.AspNetCore.Mvc.Infrastructure.ActionMethodExecutor.TaskOfIActionResultExecutor.Execute(ActionContext actionContext, IActionResultTypeMapper mapper, ObjectMethodExecutor executor, Object controller, Object[] arguments)
   at Microsoft.AspNetCore.Mvc.Infrastructure.ControllerActionInvoker.<InvokeActionMethodAsync>g__Awaited|12_0(ControllerActionInvoker invoker, ValueTask`1 actionResultValueTask)
   at Microsoft.AspNetCore.Mvc.Infrastructure.ControllerActionInvoker.<InvokeNextActionFilterAsync>g__Awaited|10_0(ControllerActionInvoker invoker, Task lastTask, State next, Scope scope, Object state, Boolean isCompleted)
   at Microsoft.AspNetCore.Mvc.Infrastructure.ControllerActionInvoker.Rethrow(ActionExecutedContextSealed context)
   at Microsoft.AspNetCore.Mvc.Infrastructure.ControllerActionInvoker.Next(State& next, Scope& scope, Object& state, Boolean& isCompleted)
   at Microsoft.AspNetCore.Mvc.Infrastructure.ControllerActionInvoker.<InvokeInnerFilterAsync>g__Awaited|13_0(ControllerActionInvoker invoker, Task lastTask, State next, Scope scope, Object state, Boolean isCompleted)
   at Microsoft.AspNetCore.Mvc.Infrastructure.ResourceInvoker.<InvokeFilterPipelineAsync>g__Awaited|20_0(ResourceInvoker invoker, Task lastTask, State next, Scope scope, Object state, Boolean isCompleted)
   at Microsoft.AspNetCore.Mvc.Infrastructure.ResourceInvoker.<InvokeAsync>g__Awaited|17_0(ResourceInvoker invoker, Task task, IDisposable scope)
   at Microsoft.AspNetCore.Mvc.Infrastructure.ResourceInvoker.<InvokeAsync>g__Awaited|17_0(ResourceInvoker invoker, Task task, IDisposable scope)
   at Microsoft.AspNetCore.Authorization.AuthorizationMiddleware.Invoke(HttpContext context)
   at Microsoft.AspNetCore.Authentication.AuthenticationMiddleware.Invoke(HttpContext context)
   at Swashbuckle.AspNetCore.SwaggerUI.SwaggerUIMiddleware.Invoke(HttpContext httpContext)
   at Swashbuckle.AspNetCore.Swagger.SwaggerMiddleware.Invoke(HttpContext httpContext, ISwaggerProvider swaggerProvider)
   at Serilog.AspNetCore.RequestLoggingMiddleware.Invoke(HttpContext httpContext)
2026-07-10 14:37:52.947 +03:00 [WRN] Request fault 409 on DELETE /api/slots/1/permanent: Cannot delete 'MorningIn': 5 attendance record(s) reference this slot. Deactivate it instead.
2026-07-10 14:37:53.019 +03:00 [ERR] HTTP DELETE /api/slots/1/permanent responded 500 in 5.9957 ms
Attendance.Application.Exceptions.SlotInUseException: Cannot delete 'MorningIn': 5 attendance record(s) reference this slot. Deactivate it instead.
   at Attendance.Application.Services.SlotConfigService.DeleteSlotAsync(Int32 slotId) in C:\PROJECTS\employer\src\Attendance.Application\Services\SlotConfigService.cs:line 66
   at Attendance.Api.Controllers.SlotConfigController.Delete(Int32 id) in C:\PROJECTS\employer\src\Attendance.Api\Controllers\SlotConfigController.cs:line 68
   at Microsoft.AspNetCore.Mvc.Infrastructure.ActionMethodExecutor.TaskOfIActionResultExecutor.Execute(ActionContext actionContext, IActionResultTypeMapper mapper, ObjectMethodExecutor executor, Object controller, Object[] arguments)
   at Microsoft.AspNetCore.Mvc.Infrastructure.ControllerActionInvoker.<InvokeActionMethodAsync>g__Awaited|12_0(ControllerActionInvoker invoker, ValueTask`1 actionResultValueTask)
   at Microsoft.AspNetCore.Mvc.Infrastructure.ControllerActionInvoker.<InvokeNextActionFilterAsync>g__Awaited|10_0(ControllerActionInvoker invoker, Task lastTask, State next, Scope scope, Object state, Boolean isCompleted)
   at Microsoft.AspNetCore.Mvc.Infrastructure.ControllerActionInvoker.Rethrow(ActionExecutedContextSealed context)
   at Microsoft.AspNetCore.Mvc.Infrastructure.ControllerActionInvoker.Next(State& next, Scope& scope, Object& state, Boolean& isCompleted)
   at Microsoft.AspNetCore.Mvc.Infrastructure.ControllerActionInvoker.<InvokeInnerFilterAsync>g__Awaited|13_0(ControllerActionInvoker invoker, Task lastTask, State next, Scope scope, Object state, Boolean isCompleted)
   at Microsoft.AspNetCore.Mvc.Infrastructure.ResourceInvoker.<InvokeFilterPipelineAsync>g__Awaited|20_0(ResourceInvoker invoker, Task lastTask, State next, Scope scope, Object state, Boolean isCompleted)
   at Microsoft.AspNetCore.Mvc.Infrastructure.ResourceInvoker.<InvokeAsync>g__Awaited|17_0(ResourceInvoker invoker, Task task, IDisposable scope)
   at Microsoft.AspNetCore.Mvc.Infrastructure.ResourceInvoker.<InvokeAsync>g__Awaited|17_0(ResourceInvoker invoker, Task task, IDisposable scope)
   at Microsoft.AspNetCore.Authorization.AuthorizationMiddleware.Invoke(HttpContext context)
   at Microsoft.AspNetCore.Authentication.AuthenticationMiddleware.Invoke(HttpContext context)
   at Swashbuckle.AspNetCore.SwaggerUI.SwaggerUIMiddleware.Invoke(HttpContext httpContext)
   at Swashbuckle.AspNetCore.Swagger.SwaggerMiddleware.Invoke(HttpContext httpContext, ISwaggerProvider swaggerProvider)
   at Serilog.AspNetCore.RequestLoggingMiddleware.Invoke(HttpContext httpContext)
2026-07-10 14:37:53.024 +03:00 [WRN] Request fault 409 on DELETE /api/slots/1/permanent: Cannot delete 'MorningIn': 5 attendance record(s) reference this slot. Deactivate it instead.
2026-07-10 14:37:53.144 +03:00 [ERR] HTTP DELETE /api/slots/1/permanent responded 500 in 7.3230 ms
Attendance.Application.Exceptions.SlotInUseException: Cannot delete 'MorningIn': 5 attendance record(s) reference this slot. Deactivate it instead.
   at Attendance.Application.Services.SlotConfigService.DeleteSlotAsync(Int32 slotId) in C:\PROJECTS\employer\src\Attendance.Application\Services\SlotConfigService.cs:line 66
   at Attendance.Api.Controllers.SlotConfigController.Delete(Int32 id) in C:\PROJECTS\employer\src\Attendance.Api\Controllers\SlotConfigController.cs:line 68
   at Microsoft.AspNetCore.Mvc.Infrastructure.ActionMethodExecutor.TaskOfIActionResultExecutor.Execute(ActionContext actionContext, IActionResultTypeMapper mapper, ObjectMethodExecutor executor, Object controller, Object[] arguments)
   at Microsoft.AspNetCore.Mvc.Infrastructure.ControllerActionInvoker.<InvokeActionMethodAsync>g__Awaited|12_0(ControllerActionInvoker invoker, ValueTask`1 actionResultValueTask)
   at Microsoft.AspNetCore.Mvc.Infrastructure.ControllerActionInvoker.<InvokeNextActionFilterAsync>g__Awaited|10_0(ControllerActionInvoker invoker, Task lastTask, State next, Scope scope, Object state, Boolean isCompleted)
   at Microsoft.AspNetCore.Mvc.Infrastructure.ControllerActionInvoker.Rethrow(ActionExecutedContextSealed context)
   at Microsoft.AspNetCore.Mvc.Infrastructure.ControllerActionInvoker.Next(State& next, Scope& scope, Object& state, Boolean& isCompleted)
   at Microsoft.AspNetCore.Mvc.Infrastructure.ControllerActionInvoker.<InvokeInnerFilterAsync>g__Awaited|13_0(ControllerActionInvoker invoker, Task lastTask, State next, Scope scope, Object state, Boolean isCompleted)
   at Microsoft.AspNetCore.Mvc.Infrastructure.ResourceInvoker.<InvokeFilterPipelineAsync>g__Awaited|20_0(ResourceInvoker invoker, Task lastTask, State next, Scope scope, Object state, Boolean isCompleted)
   at Microsoft.AspNetCore.Mvc.Infrastructure.ResourceInvoker.<InvokeAsync>g__Awaited|17_0(ResourceInvoker invoker, Task task, IDisposable scope)
   at Microsoft.AspNetCore.Mvc.Infrastructure.ResourceInvoker.<InvokeAsync>g__Awaited|17_0(ResourceInvoker invoker, Task task, IDisposable scope)
   at Microsoft.AspNetCore.Authorization.AuthorizationMiddleware.Invoke(HttpContext context)
   at Microsoft.AspNetCore.Authentication.AuthenticationMiddleware.Invoke(HttpContext context)
   at Swashbuckle.AspNetCore.SwaggerUI.SwaggerUIMiddleware.Invoke(HttpContext httpContext)
   at Swashbuckle.AspNetCore.Swagger.SwaggerMiddleware.Invoke(HttpContext httpContext, ISwaggerProvider swaggerProvider)
   at Serilog.AspNetCore.RequestLoggingMiddleware.Invoke(HttpContext httpContext)
2026-07-10 14:37:53.150 +03:00 [WRN] Request fault 409 on DELETE /api/slots/1/permanent: Cannot delete 'MorningIn': 5 attendance record(s) reference this slot. Deactivate it instead.
2026-07-10 14:38:03.137 +03:00 [INF] Expired 1 stale QR token(s); a replacement was pushed to the kiosk.
2026-07-10 14:38:05.436 +03:00 [INF] HTTP GET /api/staff responded 200 in 21.2153 ms
2026-07-10 14:38:14.864 +03:00 [INF] HTTP GET /api/slots responded 200 in 6.4479 ms
2026-07-10 14:38:23.134 +03:00 [INF] Expired 1 stale QR token(s); a replacement was pushed to the kiosk.
2026-07-10 14:38:38.139 +03:00 [INF] Expired 1 stale QR token(s); a replacement was pushed to the kiosk.
2026-07-10 14:38:49.213 +03:00 [INF] HTTP POST /hubs/attendance/negotiate responded 200 in 4.7304 ms
2026-07-10 14:38:58.148 +03:00 [INF] Expired 1 stale QR token(s); a replacement was pushed to the kiosk.
2026-07-10 14:39:12.578 +03:00 [INF] HTTP GET /api/staff responded 200 in 28.0071 ms
2026-07-10 14:39:18.120 +03:00 [INF] Expired 1 stale QR token(s); a replacement was pushed to the kiosk.
2026-07-10 14:39:22.401 +03:00 [INF] HTTP GET /api/staff/1 responded 200 in 28.6091 ms
2026-07-10 14:39:23.055 +03:00 [INF] HTTP GET /staff-photos/EMP-0001/EMP-0001.png responded 200 in 16.0715 ms
2026-07-10 14:39:28.224 +03:00 [INF] HTTP PATCH /api/staff/1/deactivate responded 204 in 132.3125 ms
2026-07-10 14:39:28.904 +03:00 [INF] HTTP GET /api/staff responded 200 in 10.7220 ms
2026-07-10 14:39:33.131 +03:00 [INF] Expired 1 stale QR token(s); a replacement was pushed to the kiosk.
2026-07-10 14:39:34.184 +03:00 [INF] HTTP GET /api/staff/1 responded 200 in 15.0184 ms
2026-07-10 14:39:34.827 +03:00 [INF] HTTP GET /staff-photos/EMP-0001/EMP-0001.png responded 200 in 1.8358 ms
2026-07-10 14:39:40.358 +03:00 [INF] HTTP GET /api/staff responded 200 in 18.3912 ms
2026-07-10 14:39:42.857 +03:00 [INF] HTTP GET /api/staff/1 responded 200 in 38.2486 ms
2026-07-10 14:39:43.492 +03:00 [INF] HTTP GET /staff-photos/EMP-0001/EMP-0001.png responded 200 in 8.3714 ms
2026-07-10 14:39:44.827 +03:00 [INF] HTTP GET /api/staff responded 200 in 18.2646 ms
2026-07-10 14:39:47.793 +03:00 [INF] HTTP GET /api/staff/2 responded 200 in 8.8707 ms
2026-07-10 14:39:48.052 +03:00 [INF] HTTP GET /staff-photos/EMP-0002/EMP-0002.png responded 200 in 1.7425 ms
2026-07-10 14:39:49.660 +03:00 [INF] HTTP PATCH /api/staff/2/deactivate responded 204 in 19.8389 ms
2026-07-10 14:39:49.916 +03:00 [INF] HTTP GET /api/staff responded 200 in 12.9174 ms
2026-07-10 14:39:52.172 +03:00 [INF] HTTP GET /api/staff/3 responded 200 in 8.9124 ms
2026-07-10 14:39:52.416 +03:00 [INF] HTTP GET /staff-photos/EMP-0003/EMP-0003.png responded 200 in 1.2707 ms
2026-07-10 14:39:53.129 +03:00 [INF] Expired 1 stale QR token(s); a replacement was pushed to the kiosk.
2026-07-10 14:39:54.168 +03:00 [INF] HTTP PATCH /api/staff/3/deactivate responded 204 in 11.1088 ms
2026-07-10 14:39:54.436 +03:00 [INF] HTTP GET /api/staff responded 200 in 14.5890 ms
2026-07-10 14:39:59.009 +03:00 [INF] HTTP GET /api/staff/15 responded 200 in 7.7827 ms
2026-07-10 14:39:59.269 +03:00 [INF] HTTP GET /staff-photos/EMP-0015/EMP-0015.png responded 200 in 1.0892 ms
2026-07-10 14:40:00.890 +03:00 [INF] HTTP PATCH /api/staff/15/deactivate responded 204 in 17.5315 ms
2026-07-10 14:40:01.143 +03:00 [INF] HTTP GET /api/staff responded 200 in 8.7587 ms
2026-07-10 14:40:03.979 +03:00 [INF] HTTP GET /api/staff/15 responded 200 in 8.3495 ms
2026-07-10 14:40:04.234 +03:00 [INF] HTTP GET /staff-photos/EMP-0015/EMP-0015.png responded 200 in 1.0250 ms
2026-07-10 14:40:13.132 +03:00 [INF] Expired 1 stale QR token(s); a replacement was pushed to the kiosk.
2026-07-10 14:40:28.134 +03:00 [INF] Expired 1 stale QR token(s); a replacement was pushed to the kiosk.
2026-07-10 14:40:48.137 +03:00 [INF] Expired 1 stale QR token(s); a replacement was pushed to the kiosk.
2026-07-10 14:41:08.131 +03:00 [INF] Expired 1 stale QR token(s); a replacement was pushed to the kiosk.
2026-07-10 14:41:23.139 +03:00 [INF] Expired 1 stale QR token(s); a replacement was pushed to the kiosk.
2026-07-10 14:41:42.577 +03:00 [INF] HTTP GET /hubs/attendance responded 101 in 172729.4824 ms
2026-07-10 14:41:43.133 +03:00 [INF] Expired 1 stale QR token(s); a replacement was pushed to the kiosk.
2026-07-10 14:42:03.129 +03:00 [INF] Expired 1 stale QR token(s); a replacement was pushed to the kiosk.
2026-07-10 14:42:18.137 +03:00 [INF] Expired 1 stale QR token(s); a replacement was pushed to the kiosk.
2026-07-10 14:42:38.131 +03:00 [INF] Expired 1 stale QR token(s); a replacement was pushed to the kiosk.
2026-07-10 14:42:58.135 +03:00 [INF] Expired 1 stale QR token(s); a replacement was pushed to the kiosk.
2026-07-10 14:43:18.155 +03:00 [INF] Expired 1 stale QR token(s); a replacement was pushed to the kiosk.
2026-07-10 14:43:20.611 +03:00 [INF] HTTP GET /api/slots responded 200 in 4.0010 ms
2026-07-10 14:43:23.562 +03:00 [ERR] HTTP DELETE /api/slots/1/permanent responded 500 in 8.4847 ms
Attendance.Application.Exceptions.SlotInUseException: Cannot delete 'MorningIn': 5 attendance record(s) reference this slot. Deactivate it instead.
   at Attendance.Application.Services.SlotConfigService.DeleteSlotAsync(Int32 slotId) in C:\PROJECTS\employer\src\Attendance.Application\Services\SlotConfigService.cs:line 66
   at Attendance.Api.Controllers.SlotConfigController.Delete(Int32 id) in C:\PROJECTS\employer\src\Attendance.Api\Controllers\SlotConfigController.cs:line 68
   at Microsoft.AspNetCore.Mvc.Infrastructure.ActionMethodExecutor.TaskOfIActionResultExecutor.Execute(ActionContext actionContext, IActionResultTypeMapper mapper, ObjectMethodExecutor executor, Object controller, Object[] arguments)
   at Microsoft.AspNetCore.Mvc.Infrastructure.ControllerActionInvoker.<InvokeActionMethodAsync>g__Awaited|12_0(ControllerActionInvoker invoker, ValueTask`1 actionResultValueTask)
   at Microsoft.AspNetCore.Mvc.Infrastructure.ControllerActionInvoker.<InvokeNextActionFilterAsync>g__Awaited|10_0(ControllerActionInvoker invoker, Task lastTask, State next, Scope scope, Object state, Boolean isCompleted)
   at Microsoft.AspNetCore.Mvc.Infrastructure.ControllerActionInvoker.Rethrow(ActionExecutedContextSealed context)
   at Microsoft.AspNetCore.Mvc.Infrastructure.ControllerActionInvoker.Next(State& next, Scope& scope, Object& state, Boolean& isCompleted)
   at Microsoft.AspNetCore.Mvc.Infrastructure.ControllerActionInvoker.<InvokeInnerFilterAsync>g__Awaited|13_0(ControllerActionInvoker invoker, Task lastTask, State next, Scope scope, Object state, Boolean isCompleted)
   at Microsoft.AspNetCore.Mvc.Infrastructure.ResourceInvoker.<InvokeFilterPipelineAsync>g__Awaited|20_0(ResourceInvoker invoker, Task lastTask, State next, Scope scope, Object state, Boolean isCompleted)
   at Microsoft.AspNetCore.Mvc.Infrastructure.ResourceInvoker.<InvokeAsync>g__Awaited|17_0(ResourceInvoker invoker, Task task, IDisposable scope)
   at Microsoft.AspNetCore.Mvc.Infrastructure.ResourceInvoker.<InvokeAsync>g__Awaited|17_0(ResourceInvoker invoker, Task task, IDisposable scope)
   at Microsoft.AspNetCore.Authorization.AuthorizationMiddleware.Invoke(HttpContext context)
   at Microsoft.AspNetCore.Authentication.AuthenticationMiddleware.Invoke(HttpContext context)
   at Swashbuckle.AspNetCore.SwaggerUI.SwaggerUIMiddleware.Invoke(HttpContext httpContext)
   at Swashbuckle.AspNetCore.Swagger.SwaggerMiddleware.Invoke(HttpContext httpContext, ISwaggerProvider swaggerProvider)
   at Serilog.AspNetCore.RequestLoggingMiddleware.Invoke(HttpContext httpContext)
2026-07-10 14:43:23.569 +03:00 [WRN] Request fault 409 on DELETE /api/slots/1/permanent: Cannot delete 'MorningIn': 5 attendance record(s) reference this slot. Deactivate it instead.
2026-07-10 14:43:33.142 +03:00 [INF] Expired 1 stale QR token(s); a replacement was pushed to the kiosk.
2026-07-10 14:43:34.727 +03:00 [ERR] HTTP DELETE /api/slots/1/permanent responded 500 in 7.7689 ms
Attendance.Application.Exceptions.SlotInUseException: Cannot delete 'MorningIn': 5 attendance record(s) reference this slot. Deactivate it instead.
   at Attendance.Application.Services.SlotConfigService.DeleteSlotAsync(Int32 slotId) in C:\PROJECTS\employer\src\Attendance.Application\Services\SlotConfigService.cs:line 66
   at Attendance.Api.Controllers.SlotConfigController.Delete(Int32 id) in C:\PROJECTS\employer\src\Attendance.Api\Controllers\SlotConfigController.cs:line 68
   at Microsoft.AspNetCore.Mvc.Infrastructure.ActionMethodExecutor.TaskOfIActionResultExecutor.Execute(ActionContext actionContext, IActionResultTypeMapper mapper, ObjectMethodExecutor executor, Object controller, Object[] arguments)
   at Microsoft.AspNetCore.Mvc.Infrastructure.ControllerActionInvoker.<InvokeActionMethodAsync>g__Awaited|12_0(ControllerActionInvoker invoker, ValueTask`1 actionResultValueTask)
   at Microsoft.AspNetCore.Mvc.Infrastructure.ControllerActionInvoker.<InvokeNextActionFilterAsync>g__Awaited|10_0(ControllerActionInvoker invoker, Task lastTask, State next, Scope scope, Object state, Boolean isCompleted)
   at Microsoft.AspNetCore.Mvc.Infrastructure.ControllerActionInvoker.Rethrow(ActionExecutedContextSealed context)
   at Microsoft.AspNetCore.Mvc.Infrastructure.ControllerActionInvoker.Next(State& next, Scope& scope, Object& state, Boolean& isCompleted)
   at Microsoft.AspNetCore.Mvc.Infrastructure.ControllerActionInvoker.<InvokeInnerFilterAsync>g__Awaited|13_0(ControllerActionInvoker invoker, Task lastTask, State next, Scope scope, Object state, Boolean isCompleted)
   at Microsoft.AspNetCore.Mvc.Infrastructure.ResourceInvoker.<InvokeFilterPipelineAsync>g__Awaited|20_0(ResourceInvoker invoker, Task lastTask, State next, Scope scope, Object state, Boolean isCompleted)
   at Microsoft.AspNetCore.Mvc.Infrastructure.ResourceInvoker.<InvokeAsync>g__Awaited|17_0(ResourceInvoker invoker, Task task, IDisposable scope)
   at Microsoft.AspNetCore.Mvc.Infrastructure.ResourceInvoker.<InvokeAsync>g__Awaited|17_0(ResourceInvoker invoker, Task task, IDisposable scope)
   at Microsoft.AspNetCore.Authorization.AuthorizationMiddleware.Invoke(HttpContext context)
   at Microsoft.AspNetCore.Authentication.AuthenticationMiddleware.Invoke(HttpContext context)
   at Swashbuckle.AspNetCore.SwaggerUI.SwaggerUIMiddleware.Invoke(HttpContext httpContext)
   at Swashbuckle.AspNetCore.Swagger.SwaggerMiddleware.Invoke(HttpContext httpContext, ISwaggerProvider swaggerProvider)
   at Serilog.AspNetCore.RequestLoggingMiddleware.Invoke(HttpContext httpContext)
2026-07-10 14:43:34.731 +03:00 [WRN] Request fault 409 on DELETE /api/slots/1/permanent: Cannot delete 'MorningIn': 5 attendance record(s) reference this slot. Deactivate it instead.
2026-07-10 14:43:37.565 +03:00 [ERR] HTTP DELETE /api/slots/1/permanent responded 500 in 8.5181 ms
Attendance.Application.Exceptions.SlotInUseException: Cannot delete 'MorningIn': 5 attendance record(s) reference this slot. Deactivate it instead.
   at Attendance.Application.Services.SlotConfigService.DeleteSlotAsync(Int32 slotId) in C:\PROJECTS\employer\src\Attendance.Application\Services\SlotConfigService.cs:line 66
   at Attendance.Api.Controllers.SlotConfigController.Delete(Int32 id) in C:\PROJECTS\employer\src\Attendance.Api\Controllers\SlotConfigController.cs:line 68
   at Microsoft.AspNetCore.Mvc.Infrastructure.ActionMethodExecutor.TaskOfIActionResultExecutor.Execute(ActionContext actionContext, IActionResultTypeMapper mapper, ObjectMethodExecutor executor, Object controller, Object[] arguments)
   at Microsoft.AspNetCore.Mvc.Infrastructure.ControllerActionInvoker.<InvokeActionMethodAsync>g__Awaited|12_0(ControllerActionInvoker invoker, ValueTask`1 actionResultValueTask)
   at Microsoft.AspNetCore.Mvc.Infrastructure.ControllerActionInvoker.<InvokeNextActionFilterAsync>g__Awaited|10_0(ControllerActionInvoker invoker, Task lastTask, State next, Scope scope, Object state, Boolean isCompleted)
   at Microsoft.AspNetCore.Mvc.Infrastructure.ControllerActionInvoker.Rethrow(ActionExecutedContextSealed context)
   at Microsoft.AspNetCore.Mvc.Infrastructure.ControllerActionInvoker.Next(State& next, Scope& scope, Object& state, Boolean& isCompleted)
   at Microsoft.AspNetCore.Mvc.Infrastructure.ControllerActionInvoker.<InvokeInnerFilterAsync>g__Awaited|13_0(ControllerActionInvoker invoker, Task lastTask, State next, Scope scope, Object state, Boolean isCompleted)
   at Microsoft.AspNetCore.Mvc.Infrastructure.ResourceInvoker.<InvokeFilterPipelineAsync>g__Awaited|20_0(ResourceInvoker invoker, Task lastTask, State next, Scope scope, Object state, Boolean isCompleted)
   at Microsoft.AspNetCore.Mvc.Infrastructure.ResourceInvoker.<InvokeAsync>g__Awaited|17_0(ResourceInvoker invoker, Task task, IDisposable scope)
   at Microsoft.AspNetCore.Mvc.Infrastructure.ResourceInvoker.<InvokeAsync>g__Awaited|17_0(ResourceInvoker invoker, Task task, IDisposable scope)
   at Microsoft.AspNetCore.Authorization.AuthorizationMiddleware.Invoke(HttpContext context)
   at Microsoft.AspNetCore.Authentication.AuthenticationMiddleware.Invoke(HttpContext context)
   at Swashbuckle.AspNetCore.SwaggerUI.SwaggerUIMiddleware.Invoke(HttpContext httpContext)
   at Swashbuckle.AspNetCore.Swagger.SwaggerMiddleware.Invoke(HttpContext httpContext, ISwaggerProvider swaggerProvider)
   at Serilog.AspNetCore.RequestLoggingMiddleware.Invoke(HttpContext httpContext)
2026-07-10 14:43:37.573 +03:00 [WRN] Request fault 409 on DELETE /api/slots/1/permanent: Cannot delete 'MorningIn': 5 attendance record(s) reference this slot. Deactivate it instead.
2026-07-10 14:43:39.829 +03:00 [ERR] HTTP DELETE /api/slots/1/permanent responded 500 in 6.5329 ms
Attendance.Application.Exceptions.SlotInUseException: Cannot delete 'MorningIn': 5 attendance record(s) reference this slot. Deactivate it instead.
   at Attendance.Application.Services.SlotConfigService.DeleteSlotAsync(Int32 slotId) in C:\PROJECTS\employer\src\Attendance.Application\Services\SlotConfigService.cs:line 66
   at Attendance.Api.Controllers.SlotConfigController.Delete(Int32 id) in C:\PROJECTS\employer\src\Attendance.Api\Controllers\SlotConfigController.cs:line 68
   at Microsoft.AspNetCore.Mvc.Infrastructure.ActionMethodExecutor.TaskOfIActionResultExecutor.Execute(ActionContext actionContext, IActionResultTypeMapper mapper, ObjectMethodExecutor executor, Object controller, Object[] arguments)
   at Microsoft.AspNetCore.Mvc.Infrastructure.ControllerActionInvoker.<InvokeActionMethodAsync>g__Awaited|12_0(ControllerActionInvoker invoker, ValueTask`1 actionResultValueTask)
   at Microsoft.AspNetCore.Mvc.Infrastructure.ControllerActionInvoker.<InvokeNextActionFilterAsync>g__Awaited|10_0(ControllerActionInvoker invoker, Task lastTask, State next, Scope scope, Object state, Boolean isCompleted)
   at Microsoft.AspNetCore.Mvc.Infrastructure.ControllerActionInvoker.Rethrow(ActionExecutedContextSealed context)
   at Microsoft.AspNetCore.Mvc.Infrastructure.ControllerActionInvoker.Next(State& next, Scope& scope, Object& state, Boolean& isCompleted)
   at Microsoft.AspNetCore.Mvc.Infrastructure.ControllerActionInvoker.<InvokeInnerFilterAsync>g__Awaited|13_0(ControllerActionInvoker invoker, Task lastTask, State next, Scope scope, Object state, Boolean isCompleted)
   at Microsoft.AspNetCore.Mvc.Infrastructure.ResourceInvoker.<InvokeFilterPipelineAsync>g__Awaited|20_0(ResourceInvoker invoker, Task lastTask, State next, Scope scope, Object state, Boolean isCompleted)
   at Microsoft.AspNetCore.Mvc.Infrastructure.ResourceInvoker.<InvokeAsync>g__Awaited|17_0(ResourceInvoker invoker, Task task, IDisposable scope)
   at Microsoft.AspNetCore.Mvc.Infrastructure.ResourceInvoker.<InvokeAsync>g__Awaited|17_0(ResourceInvoker invoker, Task task, IDisposable scope)
   at Microsoft.AspNetCore.Authorization.AuthorizationMiddleware.Invoke(HttpContext context)
   at Microsoft.AspNetCore.Authentication.AuthenticationMiddleware.Invoke(HttpContext context)
   at Swashbuckle.AspNetCore.SwaggerUI.SwaggerUIMiddleware.Invoke(HttpContext httpContext)
   at Swashbuckle.AspNetCore.Swagger.SwaggerMiddleware.Invoke(HttpContext httpContext, ISwaggerProvider swaggerProvider)
   at Serilog.AspNetCore.RequestLoggingMiddleware.Invoke(HttpContext httpContext)
2026-07-10 14:43:39.834 +03:00 [WRN] Request fault 409 on DELETE /api/slots/1/permanent: Cannot delete 'MorningIn': 5 attendance record(s) reference this slot. Deactivate it instead.
2026-07-10 14:43:47.174 +03:00 [ERR] HTTP DELETE /api/slots/3/permanent responded 500 in 9.1906 ms
Attendance.Application.Exceptions.SlotInUseException: Cannot delete 'LunchIn': 6 attendance record(s) reference this slot. Deactivate it instead.
   at Attendance.Application.Services.SlotConfigService.DeleteSlotAsync(Int32 slotId) in C:\PROJECTS\employer\src\Attendance.Application\Services\SlotConfigService.cs:line 66
   at Attendance.Api.Controllers.SlotConfigController.Delete(Int32 id) in C:\PROJECTS\employer\src\Attendance.Api\Controllers\SlotConfigController.cs:line 68
   at Microsoft.AspNetCore.Mvc.Infrastructure.ActionMethodExecutor.TaskOfIActionResultExecutor.Execute(ActionContext actionContext, IActionResultTypeMapper mapper, ObjectMethodExecutor executor, Object controller, Object[] arguments)
   at Microsoft.AspNetCore.Mvc.Infrastructure.ControllerActionInvoker.<InvokeActionMethodAsync>g__Awaited|12_0(ControllerActionInvoker invoker, ValueTask`1 actionResultValueTask)
   at Microsoft.AspNetCore.Mvc.Infrastructure.ControllerActionInvoker.<InvokeNextActionFilterAsync>g__Awaited|10_0(ControllerActionInvoker invoker, Task lastTask, State next, Scope scope, Object state, Boolean isCompleted)
   at Microsoft.AspNetCore.Mvc.Infrastructure.ControllerActionInvoker.Rethrow(ActionExecutedContextSealed context)
   at Microsoft.AspNetCore.Mvc.Infrastructure.ControllerActionInvoker.Next(State& next, Scope& scope, Object& state, Boolean& isCompleted)
   at Microsoft.AspNetCore.Mvc.Infrastructure.ControllerActionInvoker.<InvokeInnerFilterAsync>g__Awaited|13_0(ControllerActionInvoker invoker, Task lastTask, State next, Scope scope, Object state, Boolean isCompleted)
   at Microsoft.AspNetCore.Mvc.Infrastructure.ResourceInvoker.<InvokeFilterPipelineAsync>g__Awaited|20_0(ResourceInvoker invoker, Task lastTask, State next, Scope scope, Object state, Boolean isCompleted)
   at Microsoft.AspNetCore.Mvc.Infrastructure.ResourceInvoker.<InvokeAsync>g__Awaited|17_0(ResourceInvoker invoker, Task task, IDisposable scope)
   at Microsoft.AspNetCore.Mvc.Infrastructure.ResourceInvoker.<InvokeAsync>g__Awaited|17_0(ResourceInvoker invoker, Task task, IDisposable scope)
   at Microsoft.AspNetCore.Authorization.AuthorizationMiddleware.Invoke(HttpContext context)
   at Microsoft.AspNetCore.Authentication.AuthenticationMiddleware.Invoke(HttpContext context)
   at Swashbuckle.AspNetCore.SwaggerUI.SwaggerUIMiddleware.Invoke(HttpContext httpContext)
   at Swashbuckle.AspNetCore.Swagger.SwaggerMiddleware.Invoke(HttpContext httpContext, ISwaggerProvider swaggerProvider)
   at Serilog.AspNetCore.RequestLoggingMiddleware.Invoke(HttpContext httpContext)
2026-07-10 14:43:47.180 +03:00 [WRN] Request fault 409 on DELETE /api/slots/3/permanent: Cannot delete 'LunchIn': 6 attendance record(s) reference this slot. Deactivate it instead.
2026-07-10 14:43:53.134 +03:00 [INF] Expired 1 stale QR token(s); a replacement was pushed to the kiosk.
2026-07-10 14:43:55.525 +03:00 [ERR] HTTP DELETE /api/slots/3/permanent responded 500 in 5.4171 ms
Attendance.Application.Exceptions.SlotInUseException: Cannot delete 'LunchIn': 6 attendance record(s) reference this slot. Deactivate it instead.
   at Attendance.Application.Services.SlotConfigService.DeleteSlotAsync(Int32 slotId) in C:\PROJECTS\employer\src\Attendance.Application\Services\SlotConfigService.cs:line 66
   at Attendance.Api.Controllers.SlotConfigController.Delete(Int32 id) in C:\PROJECTS\employer\src\Attendance.Api\Controllers\SlotConfigController.cs:line 68
   at Microsoft.AspNetCore.Mvc.Infrastructure.ActionMethodExecutor.TaskOfIActionResultExecutor.Execute(ActionContext actionContext, IActionResultTypeMapper mapper, ObjectMethodExecutor executor, Object controller, Object[] arguments)
   at Microsoft.AspNetCore.Mvc.Infrastructure.ControllerActionInvoker.<InvokeActionMethodAsync>g__Awaited|12_0(ControllerActionInvoker invoker, ValueTask`1 actionResultValueTask)
   at Microsoft.AspNetCore.Mvc.Infrastructure.ControllerActionInvoker.<InvokeNextActionFilterAsync>g__Awaited|10_0(ControllerActionInvoker invoker, Task lastTask, State next, Scope scope, Object state, Boolean isCompleted)
   at Microsoft.AspNetCore.Mvc.Infrastructure.ControllerActionInvoker.Rethrow(ActionExecutedContextSealed context)
   at Microsoft.AspNetCore.Mvc.Infrastructure.ControllerActionInvoker.Next(State& next, Scope& scope, Object& state, Boolean& isCompleted)
   at Microsoft.AspNetCore.Mvc.Infrastructure.ControllerActionInvoker.<InvokeInnerFilterAsync>g__Awaited|13_0(ControllerActionInvoker invoker, Task lastTask, State next, Scope scope, Object state, Boolean isCompleted)
   at Microsoft.AspNetCore.Mvc.Infrastructure.ResourceInvoker.<InvokeFilterPipelineAsync>g__Awaited|20_0(ResourceInvoker invoker, Task lastTask, State next, Scope scope, Object state, Boolean isCompleted)
   at Microsoft.AspNetCore.Mvc.Infrastructure.ResourceInvoker.<InvokeAsync>g__Awaited|17_0(ResourceInvoker invoker, Task task, IDisposable scope)
   at Microsoft.AspNetCore.Mvc.Infrastructure.ResourceInvoker.<InvokeAsync>g__Awaited|17_0(ResourceInvoker invoker, Task task, IDisposable scope)
   at Microsoft.AspNetCore.Authorization.AuthorizationMiddleware.Invoke(HttpContext context)
   at Microsoft.AspNetCore.Authentication.AuthenticationMiddleware.Invoke(HttpContext context)
   at Swashbuckle.AspNetCore.SwaggerUI.SwaggerUIMiddleware.Invoke(HttpContext httpContext)
   at Swashbuckle.AspNetCore.Swagger.SwaggerMiddleware.Invoke(HttpContext httpContext, ISwaggerProvider swaggerProvider)
   at Serilog.AspNetCore.RequestLoggingMiddleware.Invoke(HttpContext httpContext)
2026-07-10 14:43:55.533 +03:00 [WRN] Request fault 409 on DELETE /api/slots/3/permanent: Cannot delete 'LunchIn': 6 attendance record(s) reference this slot. Deactivate it instead.
2026-07-10 14:43:57.787 +03:00 [ERR] HTTP DELETE /api/slots/3/permanent responded 500 in 2.3059 ms
Attendance.Application.Exceptions.SlotInUseException: Cannot delete 'LunchIn': 6 attendance record(s) reference this slot. Deactivate it instead.
   at Attendance.Application.Services.SlotConfigService.DeleteSlotAsync(Int32 slotId) in C:\PROJECTS\employer\src\Attendance.Application\Services\SlotConfigService.cs:line 66
   at Attendance.Api.Controllers.SlotConfigController.Delete(Int32 id) in C:\PROJECTS\employer\src\Attendance.Api\Controllers\SlotConfigController.cs:line 68
   at Microsoft.AspNetCore.Mvc.Infrastructure.ActionMethodExecutor.TaskOfIActionResultExecutor.Execute(ActionContext actionContext, IActionResultTypeMapper mapper, ObjectMethodExecutor executor, Object controller, Object[] arguments)
   at Microsoft.AspNetCore.Mvc.Infrastructure.ControllerActionInvoker.<InvokeActionMethodAsync>g__Awaited|12_0(ControllerActionInvoker invoker, ValueTask`1 actionResultValueTask)
   at Microsoft.AspNetCore.Mvc.Infrastructure.ControllerActionInvoker.<InvokeNextActionFilterAsync>g__Awaited|10_0(ControllerActionInvoker invoker, Task lastTask, State next, Scope scope, Object state, Boolean isCompleted)
   at Microsoft.AspNetCore.Mvc.Infrastructure.ControllerActionInvoker.Rethrow(ActionExecutedContextSealed context)
   at Microsoft.AspNetCore.Mvc.Infrastructure.ControllerActionInvoker.Next(State& next, Scope& scope, Object& state, Boolean& isCompleted)
   at Microsoft.AspNetCore.Mvc.Infrastructure.ControllerActionInvoker.<InvokeInnerFilterAsync>g__Awaited|13_0(ControllerActionInvoker invoker, Task lastTask, State next, Scope scope, Object state, Boolean isCompleted)
   at Microsoft.AspNetCore.Mvc.Infrastructure.ResourceInvoker.<InvokeFilterPipelineAsync>g__Awaited|20_0(ResourceInvoker invoker, Task lastTask, State next, Scope scope, Object state, Boolean isCompleted)
   at Microsoft.AspNetCore.Mvc.Infrastructure.ResourceInvoker.<InvokeAsync>g__Awaited|17_0(ResourceInvoker invoker, Task task, IDisposable scope)
   at Microsoft.AspNetCore.Mvc.Infrastructure.ResourceInvoker.<InvokeAsync>g__Awaited|17_0(ResourceInvoker invoker, Task task, IDisposable scope)
   at Microsoft.AspNetCore.Authorization.AuthorizationMiddleware.Invoke(HttpContext context)
   at Microsoft.AspNetCore.Authentication.AuthenticationMiddleware.Invoke(HttpContext context)
   at Swashbuckle.AspNetCore.SwaggerUI.SwaggerUIMiddleware.Invoke(HttpContext httpContext)
   at Swashbuckle.AspNetCore.Swagger.SwaggerMiddleware.Invoke(HttpContext httpContext, ISwaggerProvider swaggerProvider)
   at Serilog.AspNetCore.RequestLoggingMiddleware.Invoke(HttpContext httpContext)
2026-07-10 14:43:57.792 +03:00 [WRN] Request fault 409 on DELETE /api/slots/3/permanent: Cannot delete 'LunchIn': 6 attendance record(s) reference this slot. Deactivate it instead.
2026-07-10 14:44:00.391 +03:00 [ERR] HTTP DELETE /api/slots/3/permanent responded 500 in 2.1328 ms
Attendance.Application.Exceptions.SlotInUseException: Cannot delete 'LunchIn': 6 attendance record(s) reference this slot. Deactivate it instead.
   at Attendance.Application.Services.SlotConfigService.DeleteSlotAsync(Int32 slotId) in C:\PROJECTS\employer\src\Attendance.Application\Services\SlotConfigService.cs:line 66
   at Attendance.Api.Controllers.SlotConfigController.Delete(Int32 id) in C:\PROJECTS\employer\src\Attendance.Api\Controllers\SlotConfigController.cs:line 68
   at Microsoft.AspNetCore.Mvc.Infrastructure.ActionMethodExecutor.TaskOfIActionResultExecutor.Execute(ActionContext actionContext, IActionResultTypeMapper mapper, ObjectMethodExecutor executor, Object controller, Object[] arguments)
   at Microsoft.AspNetCore.Mvc.Infrastructure.ControllerActionInvoker.<InvokeActionMethodAsync>g__Awaited|12_0(ControllerActionInvoker invoker, ValueTask`1 actionResultValueTask)
   at Microsoft.AspNetCore.Mvc.Infrastructure.ControllerActionInvoker.<InvokeNextActionFilterAsync>g__Awaited|10_0(ControllerActionInvoker invoker, Task lastTask, State next, Scope scope, Object state, Boolean isCompleted)
   at Microsoft.AspNetCore.Mvc.Infrastructure.ControllerActionInvoker.Rethrow(ActionExecutedContextSealed context)
   at Microsoft.AspNetCore.Mvc.Infrastructure.ControllerActionInvoker.Next(State& next, Scope& scope, Object& state, Boolean& isCompleted)
   at Microsoft.AspNetCore.Mvc.Infrastructure.ControllerActionInvoker.<InvokeInnerFilterAsync>g__Awaited|13_0(ControllerActionInvoker invoker, Task lastTask, State next, Scope scope, Object state, Boolean isCompleted)
   at Microsoft.AspNetCore.Mvc.Infrastructure.ResourceInvoker.<InvokeFilterPipelineAsync>g__Awaited|20_0(ResourceInvoker invoker, Task lastTask, State next, Scope scope, Object state, Boolean isCompleted)
   at Microsoft.AspNetCore.Mvc.Infrastructure.ResourceInvoker.<InvokeAsync>g__Awaited|17_0(ResourceInvoker invoker, Task task, IDisposable scope)
   at Microsoft.AspNetCore.Mvc.Infrastructure.ResourceInvoker.<InvokeAsync>g__Awaited|17_0(ResourceInvoker invoker, Task task, IDisposable scope)
   at Microsoft.AspNetCore.Authorization.AuthorizationMiddleware.Invoke(HttpContext context)
   at Microsoft.AspNetCore.Authentication.AuthenticationMiddleware.Invoke(HttpContext context)
   at Swashbuckle.AspNetCore.SwaggerUI.SwaggerUIMiddleware.Invoke(HttpContext httpContext)
   at Swashbuckle.AspNetCore.Swagger.SwaggerMiddleware.Invoke(HttpContext httpContext, ISwaggerProvider swaggerProvider)
   at Serilog.AspNetCore.RequestLoggingMiddleware.Invoke(HttpContext httpContext)
2026-07-10 14:44:00.397 +03:00 [WRN] Request fault 409 on DELETE /api/slots/3/permanent: Cannot delete 'LunchIn': 6 attendance record(s) reference this slot. Deactivate it instead.
2026-07-10 14:44:13.120 +03:00 [INF] Expired 1 stale QR token(s); a replacement was pushed to the kiosk.
2026-07-10 14:44:33.128 +03:00 [INF] Expired 1 stale QR token(s); a replacement was pushed to the kiosk.
2026-07-10 14:44:53.148 +03:00 [INF] Expired 1 stale QR token(s); a replacement was pushed to the kiosk.
2026-07-10 14:45:13.137 +03:00 [INF] Expired 1 stale QR token(s); a replacement was pushed to the kiosk.
2026-07-10 14:45:33.143 +03:00 [INF] Expired 1 stale QR token(s); a replacement was pushed to the kiosk.
2026-07-10 14:45:53.137 +03:00 [INF] Expired 1 stale QR token(s); a replacement was pushed to the kiosk.
2026-07-10 14:46:13.136 +03:00 [INF] Expired 1 stale QR token(s); a replacement was pushed to the kiosk.
2026-07-10 14:46:33.136 +03:00 [INF] Expired 1 stale QR token(s); a replacement was pushed to the kiosk.
2026-07-10 14:46:53.128 +03:00 [INF] Expired 1 stale QR token(s); a replacement was pushed to the kiosk.
2026-07-10 14:47:08.141 +03:00 [INF] Expired 1 stale QR token(s); a replacement was pushed to the kiosk.
2026-07-10 14:47:28.135 +03:00 [INF] Expired 1 stale QR token(s); a replacement was pushed to the kiosk.
2026-07-10 14:47:48.133 +03:00 [INF] Expired 1 stale QR token(s); a replacement was pushed to the kiosk.
2026-07-10 14:48:08.133 +03:00 [INF] Expired 1 stale QR token(s); a replacement was pushed to the kiosk.
2026-07-10 14:48:23.147 +03:00 [INF] Expired 1 stale QR token(s); a replacement was pushed to the kiosk.
2026-07-10 14:48:23.807 +03:00 [ERR] HTTP DELETE /api/slots/3/permanent responded 500 in 11.0714 ms
Attendance.Application.Exceptions.SlotInUseException: Cannot delete 'LunchIn': 6 attendance record(s) reference this slot. Deactivate it instead.
   at Attendance.Application.Services.SlotConfigService.DeleteSlotAsync(Int32 slotId) in C:\PROJECTS\employer\src\Attendance.Application\Services\SlotConfigService.cs:line 66
   at Attendance.Api.Controllers.SlotConfigController.Delete(Int32 id) in C:\PROJECTS\employer\src\Attendance.Api\Controllers\SlotConfigController.cs:line 68
   at Microsoft.AspNetCore.Mvc.Infrastructure.ActionMethodExecutor.TaskOfIActionResultExecutor.Execute(ActionContext actionContext, IActionResultTypeMapper mapper, ObjectMethodExecutor executor, Object controller, Object[] arguments)
   at Microsoft.AspNetCore.Mvc.Infrastructure.ControllerActionInvoker.<InvokeActionMethodAsync>g__Awaited|12_0(ControllerActionInvoker invoker, ValueTask`1 actionResultValueTask)
   at Microsoft.AspNetCore.Mvc.Infrastructure.ControllerActionInvoker.<InvokeNextActionFilterAsync>g__Awaited|10_0(ControllerActionInvoker invoker, Task lastTask, State next, Scope scope, Object state, Boolean isCompleted)
   at Microsoft.AspNetCore.Mvc.Infrastructure.ControllerActionInvoker.Rethrow(ActionExecutedContextSealed context)
   at Microsoft.AspNetCore.Mvc.Infrastructure.ControllerActionInvoker.Next(State& next, Scope& scope, Object& state, Boolean& isCompleted)
   at Microsoft.AspNetCore.Mvc.Infrastructure.ControllerActionInvoker.<InvokeInnerFilterAsync>g__Awaited|13_0(ControllerActionInvoker invoker, Task lastTask, State next, Scope scope, Object state, Boolean isCompleted)
   at Microsoft.AspNetCore.Mvc.Infrastructure.ResourceInvoker.<InvokeFilterPipelineAsync>g__Awaited|20_0(ResourceInvoker invoker, Task lastTask, State next, Scope scope, Object state, Boolean isCompleted)
   at Microsoft.AspNetCore.Mvc.Infrastructure.ResourceInvoker.<InvokeAsync>g__Awaited|17_0(ResourceInvoker invoker, Task task, IDisposable scope)
   at Microsoft.AspNetCore.Mvc.Infrastructure.ResourceInvoker.<InvokeAsync>g__Awaited|17_0(ResourceInvoker invoker, Task task, IDisposable scope)
   at Microsoft.AspNetCore.Authorization.AuthorizationMiddleware.Invoke(HttpContext context)
   at Microsoft.AspNetCore.Authentication.AuthenticationMiddleware.Invoke(HttpContext context)
   at Swashbuckle.AspNetCore.SwaggerUI.SwaggerUIMiddleware.Invoke(HttpContext httpContext)
   at Swashbuckle.AspNetCore.Swagger.SwaggerMiddleware.Invoke(HttpContext httpContext, ISwaggerProvider swaggerProvider)
   at Serilog.AspNetCore.RequestLoggingMiddleware.Invoke(HttpContext httpContext)
2026-07-10 14:48:23.830 +03:00 [WRN] Request fault 409 on DELETE /api/slots/3/permanent: Cannot delete 'LunchIn': 6 attendance record(s) reference this slot. Deactivate it instead.
2026-07-10 14:48:29.341 +03:00 [ERR] HTTP DELETE /api/slots/1/permanent responded 500 in 7.5600 ms
Attendance.Application.Exceptions.SlotInUseException: Cannot delete 'MorningIn': 5 attendance record(s) reference this slot. Deactivate it instead.
   at Attendance.Application.Services.SlotConfigService.DeleteSlotAsync(Int32 slotId) in C:\PROJECTS\employer\src\Attendance.Application\Services\SlotConfigService.cs:line 66
   at Attendance.Api.Controllers.SlotConfigController.Delete(Int32 id) in C:\PROJECTS\employer\src\Attendance.Api\Controllers\SlotConfigController.cs:line 68
   at Microsoft.AspNetCore.Mvc.Infrastructure.ActionMethodExecutor.TaskOfIActionResultExecutor.Execute(ActionContext actionContext, IActionResultTypeMapper mapper, ObjectMethodExecutor executor, Object controller, Object[] arguments)
   at Microsoft.AspNetCore.Mvc.Infrastructure.ControllerActionInvoker.<InvokeActionMethodAsync>g__Awaited|12_0(ControllerActionInvoker invoker, ValueTask`1 actionResultValueTask)
   at Microsoft.AspNetCore.Mvc.Infrastructure.ControllerActionInvoker.<InvokeNextActionFilterAsync>g__Awaited|10_0(ControllerActionInvoker invoker, Task lastTask, State next, Scope scope, Object state, Boolean isCompleted)
   at Microsoft.AspNetCore.Mvc.Infrastructure.ControllerActionInvoker.Rethrow(ActionExecutedContextSealed context)
   at Microsoft.AspNetCore.Mvc.Infrastructure.ControllerActionInvoker.Next(State& next, Scope& scope, Object& state, Boolean& isCompleted)
   at Microsoft.AspNetCore.Mvc.Infrastructure.ControllerActionInvoker.<InvokeInnerFilterAsync>g__Awaited|13_0(ControllerActionInvoker invoker, Task lastTask, State next, Scope scope, Object state, Boolean isCompleted)
   at Microsoft.AspNetCore.Mvc.Infrastructure.ResourceInvoker.<InvokeFilterPipelineAsync>g__Awaited|20_0(ResourceInvoker invoker, Task lastTask, State next, Scope scope, Object state, Boolean isCompleted)
   at Microsoft.AspNetCore.Mvc.Infrastructure.ResourceInvoker.<InvokeAsync>g__Awaited|17_0(ResourceInvoker invoker, Task task, IDisposable scope)
   at Microsoft.AspNetCore.Mvc.Infrastructure.ResourceInvoker.<InvokeAsync>g__Awaited|17_0(ResourceInvoker invoker, Task task, IDisposable scope)
   at Microsoft.AspNetCore.Authorization.AuthorizationMiddleware.Invoke(HttpContext context)
   at Microsoft.AspNetCore.Authentication.AuthenticationMiddleware.Invoke(HttpContext context)
   at Swashbuckle.AspNetCore.SwaggerUI.SwaggerUIMiddleware.Invoke(HttpContext httpContext)
   at Swashbuckle.AspNetCore.Swagger.SwaggerMiddleware.Invoke(HttpContext httpContext, ISwaggerProvider swaggerProvider)
   at Serilog.AspNetCore.RequestLoggingMiddleware.Invoke(HttpContext httpContext)
2026-07-10 14:48:29.365 +03:00 [WRN] Request fault 409 on DELETE /api/slots/1/permanent: Cannot delete 'MorningIn': 5 attendance record(s) reference this slot. Deactivate it instead.
2026-07-10 14:48:43.129 +03:00 [INF] Expired 1 stale QR token(s); a replacement was pushed to the kiosk.
2026-07-10 14:48:43.937 +03:00 [INF] HTTP GET /api/staff responded 200 in 11.5182 ms
2026-07-10 14:49:03.136 +03:00 [INF] Expired 1 stale QR token(s); a replacement was pushed to the kiosk.
2026-07-10 14:49:23.144 +03:00 [INF] Expired 1 stale QR token(s); a replacement was pushed to the kiosk.
2026-07-10 14:49:43.124 +03:00 [INF] Expired 1 stale QR token(s); a replacement was pushed to the kiosk.
2026-07-10 14:50:03.132 +03:00 [INF] Expired 1 stale QR token(s); a replacement was pushed to the kiosk.
2026-07-10 14:50:18.141 +03:00 [INF] Expired 1 stale QR token(s); a replacement was pushed to the kiosk.
2026-07-10 14:50:38.129 +03:00 [INF] Expired 1 stale QR token(s); a replacement was pushed to the kiosk.
2026-07-10 14:50:53.132 +03:00 [INF] Expired 1 stale QR token(s); a replacement was pushed to the kiosk.
2026-07-10 14:51:08.138 +03:00 [INF] Expired 1 stale QR token(s); a replacement was pushed to the kiosk.
2026-07-10 14:51:28.133 +03:00 [INF] Expired 1 stale QR token(s); a replacement was pushed to the kiosk.
2026-07-10 14:51:43.142 +03:00 [INF] Expired 1 stale QR token(s); a replacement was pushed to the kiosk.
2026-07-10 14:52:03.124 +03:00 [INF] Expired 1 stale QR token(s); a replacement was pushed to the kiosk.
2026-07-10 14:52:18.136 +03:00 [INF] Expired 1 stale QR token(s); a replacement was pushed to the kiosk.
2026-07-10 14:52:38.118 +03:00 [INF] Expired 1 stale QR token(s); a replacement was pushed to the kiosk.
2026-07-10 14:52:53.124 +03:00 [INF] Expired 1 stale QR token(s); a replacement was pushed to the kiosk.
2026-07-10 14:53:13.124 +03:00 [INF] Expired 1 stale QR token(s); a replacement was pushed to the kiosk.
2026-07-10 14:53:33.127 +03:00 [INF] Expired 1 stale QR token(s); a replacement was pushed to the kiosk.
2026-07-10 14:53:53.128 +03:00 [INF] Expired 1 stale QR token(s); a replacement was pushed to the kiosk.
2026-07-10 14:54:08.460 +03:00 [INF] HTTP GET /api/staff/3 responded 401 in 10.6908 ms
2026-07-10 14:54:13.122 +03:00 [INF] Expired 1 stale QR token(s); a replacement was pushed to the kiosk.
2026-07-10 14:54:23.798 +03:00 [INF] HTTP POST /api/auth/login responded 200 in 113.1782 ms
2026-07-10 14:54:24.478 +03:00 [INF] HTTP GET /api/staff responded 200 in 10.4283 ms
2026-07-10 14:54:29.665 +03:00 [INF] HTTP GET /api/staff/15 responded 200 in 8.9160 ms
2026-07-10 14:54:30.324 +03:00 [INF] HTTP GET /staff-photos/EMP-0015/EMP-0015.png responded 200 in 5.8188 ms
2026-07-10 14:54:33.131 +03:00 [INF] Expired 1 stale QR token(s); a replacement was pushed to the kiosk.
2026-07-10 14:54:33.425 +03:00 [INF] HTTP GET /api/staff responded 200 in 6.4582 ms
2026-07-10 14:54:53.131 +03:00 [INF] Expired 1 stale QR token(s); a replacement was pushed to the kiosk.
2026-07-10 14:54:53.617 +03:00 [INF] HTTP GET /api/slots responded 200 in 5.3777 ms
2026-07-10 14:55:13.117 +03:00 [INF] Expired 1 stale QR token(s); a replacement was pushed to the kiosk.
2026-07-10 14:55:33.128 +03:00 [INF] Expired 1 stale QR token(s); a replacement was pushed to the kiosk.
2026-07-10 14:55:53.120 +03:00 [INF] Expired 1 stale QR token(s); a replacement was pushed to the kiosk.
2026-07-10 14:56:08.124 +03:00 [INF] Expired 1 stale QR token(s); a replacement was pushed to the kiosk.
2026-07-10 14:56:28.128 +03:00 [INF] Expired 1 stale QR token(s); a replacement was pushed to the kiosk.
2026-07-10 14:56:48.130 +03:00 [INF] Expired 1 stale QR token(s); a replacement was pushed to the kiosk.
2026-07-10 14:57:08.129 +03:00 [INF] Expired 1 stale QR token(s); a replacement was pushed to the kiosk.
2026-07-10 14:57:28.117 +03:00 [INF] Expired 1 stale QR token(s); a replacement was pushed to the kiosk.
2026-07-10 14:57:48.119 +03:00 [INF] Expired 1 stale QR token(s); a replacement was pushed to the kiosk.
2026-07-10 14:58:08.118 +03:00 [INF] Expired 1 stale QR token(s); a replacement was pushed to the kiosk.
2026-07-10 14:58:28.123 +03:00 [INF] Expired 1 stale QR token(s); a replacement was pushed to the kiosk.
2026-07-10 14:58:48.126 +03:00 [INF] Expired 1 stale QR token(s); a replacement was pushed to the kiosk.
2026-07-10 14:59:08.119 +03:00 [INF] Expired 1 stale QR token(s); a replacement was pushed to the kiosk.
2026-07-10 14:59:28.121 +03:00 [INF] Expired 1 stale QR token(s); a replacement was pushed to the kiosk.
2026-07-10 14:59:43.131 +03:00 [INF] Expired 1 stale QR token(s); a replacement was pushed to the kiosk.
2026-07-10 15:00:03.124 +03:00 [INF] Expired 1 stale QR token(s); a replacement was pushed to the kiosk.
2026-07-10 15:00:23.120 +03:00 [INF] Expired 1 stale QR token(s); a replacement was pushed to the kiosk.
2026-07-10 15:00:38.195 +03:00 [INF] Expired 1 stale QR token(s); a replacement was pushed to the kiosk.
2026-07-10 15:00:58.117 +03:00 [INF] Expired 1 stale QR token(s); a replacement was pushed to the kiosk.
2026-07-10 15:01:13.122 +03:00 [INF] Expired 1 stale QR token(s); a replacement was pushed to the kiosk.
2026-07-10 15:01:33.122 +03:00 [INF] Expired 1 stale QR token(s); a replacement was pushed to the kiosk.
2026-07-10 15:01:53.120 +03:00 [INF] Expired 1 stale QR token(s); a replacement was pushed to the kiosk.
2026-07-10 15:02:13.127 +03:00 [INF] Expired 1 stale QR token(s); a replacement was pushed to the kiosk.
2026-07-10 15:02:33.128 +03:00 [INF] Expired 1 stale QR token(s); a replacement was pushed to the kiosk.
2026-07-10 15:02:53.122 +03:00 [INF] Expired 1 stale QR token(s); a replacement was pushed to the kiosk.
2026-07-10 15:03:08.128 +03:00 [INF] Expired 1 stale QR token(s); a replacement was pushed to the kiosk.
2026-07-10 15:03:28.127 +03:00 [INF] Expired 1 stale QR token(s); a replacement was pushed to the kiosk.
2026-07-10 15:03:48.125 +03:00 [INF] Expired 1 stale QR token(s); a replacement was pushed to the kiosk.
2026-07-10 15:04:08.125 +03:00 [INF] Expired 1 stale QR token(s); a replacement was pushed to the kiosk.
2026-07-10 15:04:28.114 +03:00 [INF] Expired 1 stale QR token(s); a replacement was pushed to the kiosk.
2026-07-10 15:04:48.122 +03:00 [INF] Expired 1 stale QR token(s); a replacement was pushed to the kiosk.
2026-07-10 15:05:08.127 +03:00 [INF] Expired 1 stale QR token(s); a replacement was pushed to the kiosk.
2026-07-10 15:05:28.128 +03:00 [INF] Expired 1 stale QR token(s); a replacement was pushed to the kiosk.
2026-07-10 15:05:48.125 +03:00 [INF] Expired 1 stale QR token(s); a replacement was pushed to the kiosk.
2026-07-10 15:06:08.128 +03:00 [INF] Expired 1 stale QR token(s); a replacement was pushed to the kiosk.
2026-07-10 15:06:28.118 +03:00 [INF] Expired 1 stale QR token(s); a replacement was pushed to the kiosk.
2026-07-10 15:06:48.122 +03:00 [INF] Expired 1 stale QR token(s); a replacement was pushed to the kiosk.
2026-07-10 15:07:03.125 +03:00 [INF] Expired 1 stale QR token(s); a replacement was pushed to the kiosk.
2026-07-10 15:07:23.121 +03:00 [INF] Expired 1 stale QR token(s); a replacement was pushed to the kiosk.
2026-07-10 15:07:38.130 +03:00 [INF] Expired 1 stale QR token(s); a replacement was pushed to the kiosk.
2026-07-10 15:07:58.132 +03:00 [INF] Expired 1 stale QR token(s); a replacement was pushed to the kiosk.
2026-07-10 15:08:18.126 +03:00 [INF] Expired 1 stale QR token(s); a replacement was pushed to the kiosk.
2026-07-10 15:08:38.114 +03:00 [INF] Expired 1 stale QR token(s); a replacement was pushed to the kiosk.
2026-07-10 15:08:53.131 +03:00 [INF] Expired 1 stale QR token(s); a replacement was pushed to the kiosk.
2026-07-10 15:09:13.202 +03:00 [INF] Expired 1 stale QR token(s); a replacement was pushed to the kiosk.
2026-07-10 15:09:33.122 +03:00 [INF] Expired 1 stale QR token(s); a replacement was pushed to the kiosk.
2026-07-10 15:09:53.126 +03:00 [INF] Expired 1 stale QR token(s); a replacement was pushed to the kiosk.
2026-07-10 15:10:13.120 +03:00 [INF] Expired 1 stale QR token(s); a replacement was pushed to the kiosk.
2026-07-10 15:10:33.129 +03:00 [INF] Expired 1 stale QR token(s); a replacement was pushed to the kiosk.
2026-07-10 15:10:53.124 +03:00 [INF] Expired 1 stale QR token(s); a replacement was pushed to the kiosk.
2026-07-10 15:11:13.127 +03:00 [INF] Expired 1 stale QR token(s); a replacement was pushed to the kiosk.
2026-07-10 15:11:33.113 +03:00 [INF] Expired 1 stale QR token(s); a replacement was pushed to the kiosk.
2026-07-10 15:11:48.119 +03:00 [INF] Expired 1 stale QR token(s); a replacement was pushed to the kiosk.
2026-07-10 15:12:03.134 +03:00 [INF] Expired 1 stale QR token(s); a replacement was pushed to the kiosk.
2026-07-10 15:12:09.959 +03:00 [INF] HTTP GET /api/staff responded 401 in 1.0021 ms
2026-07-10 15:12:23.119 +03:00 [INF] Expired 1 stale QR token(s); a replacement was pushed to the kiosk.
2026-07-10 15:12:28.041 +03:00 [INF] HTTP POST /api/auth/login responded 200 in 94.0979 ms
2026-07-10 15:12:28.720 +03:00 [INF] HTTP GET /api/staff responded 200 in 14.3088 ms
2026-07-10 15:12:43.124 +03:00 [INF] Expired 1 stale QR token(s); a replacement was pushed to the kiosk.
2026-07-10 15:13:03.117 +03:00 [INF] Expired 1 stale QR token(s); a replacement was pushed to the kiosk.
2026-07-10 15:13:23.126 +03:00 [INF] Expired 1 stale QR token(s); a replacement was pushed to the kiosk.
2026-07-10 15:13:43.115 +03:00 [INF] Expired 1 stale QR token(s); a replacement was pushed to the kiosk.
2026-07-10 15:14:03.125 +03:00 [INF] Expired 1 stale QR token(s); a replacement was pushed to the kiosk.
2026-07-10 15:14:23.122 +03:00 [INF] Expired 1 stale QR token(s); a replacement was pushed to the kiosk.
2026-07-10 15:14:43.118 +03:00 [INF] Expired 1 stale QR token(s); a replacement was pushed to the kiosk.
2026-07-10 15:14:58.122 +03:00 [INF] Expired 1 stale QR token(s); a replacement was pushed to the kiosk.
2026-07-10 15:15:18.113 +03:00 [INF] Expired 1 stale QR token(s); a replacement was pushed to the kiosk.
2026-07-10 15:15:38.125 +03:00 [INF] Expired 1 stale QR token(s); a replacement was pushed to the kiosk.
2026-07-10 15:15:58.118 +03:00 [INF] Expired 1 stale QR token(s); a replacement was pushed to the kiosk.
2026-07-10 15:16:18.124 +03:00 [INF] Expired 1 stale QR token(s); a replacement was pushed to the kiosk.
2026-07-10 15:16:38.129 +03:00 [INF] Expired 1 stale QR token(s); a replacement was pushed to the kiosk.
2026-07-10 15:16:58.116 +03:00 [INF] Expired 1 stale QR token(s); a replacement was pushed to the kiosk.
2026-07-10 15:17:13.121 +03:00 [INF] Expired 1 stale QR token(s); a replacement was pushed to the kiosk.
2026-07-10 15:17:28.124 +03:00 [INF] Expired 1 stale QR token(s); a replacement was pushed to the kiosk.
2026-07-10 15:17:48.113 +03:00 [INF] Expired 1 stale QR token(s); a replacement was pushed to the kiosk.
2026-07-10 15:18:03.120 +03:00 [INF] Expired 1 stale QR token(s); a replacement was pushed to the kiosk.
2026-07-10 15:18:23.124 +03:00 [INF] Expired 1 stale QR token(s); a replacement was pushed to the kiosk.
2026-07-10 15:18:36.269 +03:00 [INF] HTTP GET /api/staff/4 responded 200 in 11.0468 ms
2026-07-10 15:18:36.524 +03:00 [INF] HTTP GET /staff-photos/EMP-0004/EMP-0004.png responded 200 in 1.7634 ms
2026-07-10 15:18:38.138 +03:00 [INF] Expired 1 stale QR token(s); a replacement was pushed to the kiosk.
2026-07-10 15:18:39.308 +03:00 [INF] HTTP GET /api/staff responded 200 in 17.2426 ms
2026-07-10 15:18:58.127 +03:00 [INF] Expired 1 stale QR token(s); a replacement was pushed to the kiosk.
2026-07-10 15:19:18.119 +03:00 [INF] Expired 1 stale QR token(s); a replacement was pushed to the kiosk.
2026-07-10 15:19:33.121 +03:00 [INF] Expired 1 stale QR token(s); a replacement was pushed to the kiosk.
2026-07-10 15:19:53.128 +03:00 [INF] Expired 1 stale QR token(s); a replacement was pushed to the kiosk.
2026-07-10 15:20:13.112 +03:00 [INF] Expired 1 stale QR token(s); a replacement was pushed to the kiosk.
2026-07-10 15:20:33.124 +03:00 [INF] Expired 1 stale QR token(s); a replacement was pushed to the kiosk.
2026-07-10 15:20:48.134 +03:00 [INF] Expired 1 stale QR token(s); a replacement was pushed to the kiosk.
2026-07-10 15:21:08.125 +03:00 [INF] Expired 1 stale QR token(s); a replacement was pushed to the kiosk.
2026-07-10 15:21:28.124 +03:00 [INF] Expired 1 stale QR token(s); a replacement was pushed to the kiosk.
2026-07-10 15:21:48.126 +03:00 [INF] Expired 1 stale QR token(s); a replacement was pushed to the kiosk.
2026-07-10 15:22:08.122 +03:00 [INF] Expired 1 stale QR token(s); a replacement was pushed to the kiosk.
2026-07-10 15:22:28.121 +03:00 [INF] Expired 1 stale QR token(s); a replacement was pushed to the kiosk.
2026-07-10 15:22:48.113 +03:00 [INF] Expired 1 stale QR token(s); a replacement was pushed to the kiosk.
2026-07-10 15:23:03.128 +03:00 [INF] Expired 1 stale QR token(s); a replacement was pushed to the kiosk.
2026-07-10 15:23:23.122 +03:00 [INF] Expired 1 stale QR token(s); a replacement was pushed to the kiosk.
2026-07-10 15:23:43.114 +03:00 [INF] Expired 1 stale QR token(s); a replacement was pushed to the kiosk.
2026-07-10 15:23:58.123 +03:00 [INF] Expired 1 stale QR token(s); a replacement was pushed to the kiosk.
2026-07-10 15:24:13.133 +03:00 [INF] Expired 1 stale QR token(s); a replacement was pushed to the kiosk.
2026-07-10 15:24:33.122 +03:00 [INF] Expired 1 stale QR token(s); a replacement was pushed to the kiosk.
2026-07-10 15:24:53.116 +03:00 [INF] Expired 1 stale QR token(s); a replacement was pushed to the kiosk.
2026-07-10 15:25:13.136 +03:00 [INF] Expired 1 stale QR token(s); a replacement was pushed to the kiosk.
2026-07-10 15:25:33.126 +03:00 [INF] Expired 1 stale QR token(s); a replacement was pushed to the kiosk.
2026-07-10 15:25:53.116 +03:00 [INF] Expired 1 stale QR token(s); a replacement was pushed to the kiosk.
2026-07-10 15:26:13.116 +03:00 [INF] Expired 1 stale QR token(s); a replacement was pushed to the kiosk.
2026-07-10 15:26:28.126 +03:00 [INF] Expired 1 stale QR token(s); a replacement was pushed to the kiosk.
2026-07-10 15:26:48.119 +03:00 [INF] Expired 1 stale QR token(s); a replacement was pushed to the kiosk.
2026-07-10 15:27:03.127 +03:00 [INF] Expired 1 stale QR token(s); a replacement was pushed to the kiosk.
2026-07-10 15:27:23.120 +03:00 [INF] Expired 1 stale QR token(s); a replacement was pushed to the kiosk.
2026-07-10 15:27:43.123 +03:00 [INF] Expired 1 stale QR token(s); a replacement was pushed to the kiosk.
2026-07-10 15:27:58.126 +03:00 [INF] Expired 1 stale QR token(s); a replacement was pushed to the kiosk.
2026-07-10 15:28:18.120 +03:00 [INF] Expired 1 stale QR token(s); a replacement was pushed to the kiosk.
2026-07-10 15:28:33.128 +03:00 [INF] Expired 1 stale QR token(s); a replacement was pushed to the kiosk.
2026-07-10 15:28:53.126 +03:00 [INF] Expired 1 stale QR token(s); a replacement was pushed to the kiosk.
2026-07-10 15:29:13.114 +03:00 [INF] Expired 1 stale QR token(s); a replacement was pushed to the kiosk.
2026-07-10 15:29:33.132 +03:00 [INF] Expired 1 stale QR token(s); a replacement was pushed to the kiosk.
2026-07-10 15:29:53.125 +03:00 [INF] Expired 1 stale QR token(s); a replacement was pushed to the kiosk.
2026-07-10 15:30:13.119 +03:00 [INF] Expired 1 stale QR token(s); a replacement was pushed to the kiosk.
2026-07-10 15:30:33.124 +03:00 [INF] Expired 1 stale QR token(s); a replacement was pushed to the kiosk.
2026-07-10 15:30:53.129 +03:00 [INF] Expired 1 stale QR token(s); a replacement was pushed to the kiosk.
2026-07-10 15:31:13.127 +03:00 [INF] Expired 1 stale QR token(s); a replacement was pushed to the kiosk.
2026-07-10 15:31:33.112 +03:00 [INF] Expired 1 stale QR token(s); a replacement was pushed to the kiosk.
2026-07-10 15:31:48.131 +03:00 [INF] Expired 1 stale QR token(s); a replacement was pushed to the kiosk.
2026-07-10 15:32:08.125 +03:00 [INF] Expired 1 stale QR token(s); a replacement was pushed to the kiosk.
2026-07-10 15:32:28.121 +03:00 [INF] Expired 1 stale QR token(s); a replacement was pushed to the kiosk.
2026-07-10 15:32:48.129 +03:00 [INF] Expired 1 stale QR token(s); a replacement was pushed to the kiosk.
2026-07-10 15:33:08.127 +03:00 [INF] Expired 1 stale QR token(s); a replacement was pushed to the kiosk.
2026-07-10 15:33:28.115 +03:00 [INF] Expired 1 stale QR token(s); a replacement was pushed to the kiosk.
2026-07-10 15:33:48.117 +03:00 [INF] Expired 1 stale QR token(s); a replacement was pushed to the kiosk.
2026-07-10 15:34:03.133 +03:00 [INF] Expired 1 stale QR token(s); a replacement was pushed to the kiosk.
2026-07-10 15:34:23.116 +03:00 [INF] Expired 1 stale QR token(s); a replacement was pushed to the kiosk.
2026-07-10 15:34:43.118 +03:00 [INF] Expired 1 stale QR token(s); a replacement was pushed to the kiosk.
2026-07-10 15:35:03.129 +03:00 [INF] Expired 1 stale QR token(s); a replacement was pushed to the kiosk.
2026-07-10 15:35:23.122 +03:00 [INF] Expired 1 stale QR token(s); a replacement was pushed to the kiosk.
2026-07-10 15:35:38.124 +03:00 [INF] Expired 1 stale QR token(s); a replacement was pushed to the kiosk.
2026-07-10 15:35:58.127 +03:00 [INF] Expired 1 stale QR token(s); a replacement was pushed to the kiosk.
2026-07-10 15:36:14.178 +03:00 [INF] HTTP GET /api/reports/daily responded 401 in 0.6262 ms
2026-07-10 15:36:18.119 +03:00 [INF] Expired 1 stale QR token(s); a replacement was pushed to the kiosk.
2026-07-10 15:36:29.425 +03:00 [INF] HTTP POST /api/auth/login responded 200 in 108.8854 ms
2026-07-10 15:36:30.106 +03:00 [INF] HTTP GET /api/staff responded 200 in 15.8086 ms
2026-07-10 15:36:38.041 +03:00 [INF] HTTP GET /api/staff/1 responded 200 in 7.4940 ms
2026-07-10 15:36:38.117 +03:00 [INF] Expired 1 stale QR token(s); a replacement was pushed to the kiosk.
2026-07-10 15:36:38.680 +03:00 [INF] HTTP GET /staff-photos/EMP-0001/EMP-0001.png responded 200 in 1.6020 ms
2026-07-10 15:36:41.757 +03:00 [INF] HTTP GET /api/staff responded 200 in 3.4211 ms
2026-07-10 15:36:45.260 +03:00 [INF] HTTP GET /api/staff/4 responded 200 in 2.4014 ms
2026-07-10 15:36:45.510 +03:00 [INF] HTTP GET /staff-photos/EMP-0004/EMP-0004.png responded 200 in 1.5177 ms
2026-07-10 15:36:47.266 +03:00 [INF] HTTP PATCH /api/staff/4/deactivate responded 204 in 9.1196 ms
2026-07-10 15:36:47.525 +03:00 [INF] HTTP GET /api/staff responded 200 in 4.3082 ms
2026-07-10 15:36:50.328 +03:00 [INF] HTTP GET /api/staff/5 responded 200 in 6.0880 ms
2026-07-10 15:36:50.567 +03:00 [INF] HTTP GET /staff-photos/EMP-0005/EMP-0005.png responded 200 in 1.3371 ms
2026-07-10 15:36:52.141 +03:00 [INF] HTTP PATCH /api/staff/5/deactivate responded 204 in 3.0159 ms
2026-07-10 15:36:52.408 +03:00 [INF] HTTP GET /api/staff responded 200 in 3.1748 ms
2026-07-10 15:36:53.125 +03:00 [INF] Expired 1 stale QR token(s); a replacement was pushed to the kiosk.
2026-07-10 15:36:57.149 +03:00 [INF] HTTP GET /api/staff/11 responded 200 in 1.9286 ms
2026-07-10 15:36:57.407 +03:00 [INF] HTTP GET /staff-photos/EMP-0011/EMP-0011.png responded 200 in 13.0152 ms
2026-07-10 15:37:01.007 +03:00 [INF] HTTP GET /api/staff responded 200 in 3.3574 ms
2026-07-10 15:37:08.760 +03:00 [INF] HTTP GET /api/staff/10 responded 200 in 2.0108 ms
2026-07-10 15:37:09.390 +03:00 [INF] HTTP GET /staff-photos/EMP-0010/EMP-0010.png responded 200 in 1.0790 ms
2026-07-10 15:37:10.109 +03:00 [INF] HTTP PATCH /api/staff/10/deactivate responded 204 in 3.0483 ms
2026-07-10 15:37:10.779 +03:00 [INF] HTTP GET /api/staff responded 200 in 3.6210 ms
2026-07-10 15:37:13.114 +03:00 [INF] Expired 1 stale QR token(s); a replacement was pushed to the kiosk.
2026-07-10 15:37:21.981 +03:00 [INF] HTTP GET /api/staff/9 responded 200 in 10.2919 ms
2026-07-10 15:37:22.608 +03:00 [INF] HTTP GET /staff-photos/EMP-0009/EMP-0009.png responded 200 in 1.6257 ms
2026-07-10 15:37:23.571 +03:00 [INF] HTTP PATCH /api/staff/9/deactivate responded 204 in 9.6288 ms
2026-07-10 15:37:24.238 +03:00 [INF] HTTP GET /api/staff responded 200 in 10.1646 ms
2026-07-10 15:37:26.019 +03:00 [INF] HTTP GET /api/staff/8 responded 200 in 2.4937 ms
2026-07-10 15:37:26.658 +03:00 [INF] HTTP GET /staff-photos/EMP-0008/EMP-0008.png responded 200 in 1.2977 ms
2026-07-10 15:37:27.300 +03:00 [INF] HTTP PATCH /api/staff/8/deactivate responded 204 in 2.7625 ms
2026-07-10 15:37:27.967 +03:00 [INF] HTTP GET /api/staff responded 200 in 2.6264 ms
2026-07-10 15:37:28.120 +03:00 [INF] Expired 1 stale QR token(s); a replacement was pushed to the kiosk.
2026-07-10 15:37:29.631 +03:00 [INF] HTTP GET /api/staff/7 responded 200 in 2.4969 ms
2026-07-10 15:37:30.267 +03:00 [INF] HTTP GET /staff-photos/EMP-0007/EMP-0007.png responded 200 in 1.7421 ms
2026-07-10 15:37:30.859 +03:00 [INF] HTTP PATCH /api/staff/7/deactivate responded 204 in 8.3850 ms
2026-07-10 15:37:31.526 +03:00 [INF] HTTP GET /api/staff responded 200 in 4.4195 ms
2026-07-10 15:37:33.343 +03:00 [INF] HTTP GET /api/staff/6 responded 200 in 2.5700 ms
2026-07-10 15:37:33.985 +03:00 [INF] HTTP GET /staff-photos/EMP-0006/EMP-0006.png responded 200 in 1.6170 ms
2026-07-10 15:37:34.643 +03:00 [INF] HTTP PATCH /api/staff/6/deactivate responded 204 in 3.1680 ms
2026-07-10 15:37:35.315 +03:00 [INF] HTTP GET /api/staff responded 200 in 5.8219 ms
2026-07-10 15:37:40.763 +03:00 [INF] HTTP GET /api/staff/12 responded 200 in 2.9225 ms
2026-07-10 15:37:41.405 +03:00 [INF] HTTP GET /staff-photos/EMP-0012/EMP-0012.png responded 200 in 1.0069 ms
2026-07-10 15:37:42.252 +03:00 [INF] HTTP PATCH /api/staff/12/deactivate responded 204 in 2.8976 ms
2026-07-10 15:37:42.916 +03:00 [INF] HTTP GET /api/staff responded 200 in 3.0377 ms
2026-07-10 15:37:46.086 +03:00 [INF] HTTP GET /api/staff/13 responded 200 in 3.0766 ms
2026-07-10 15:37:46.730 +03:00 [INF] HTTP GET /staff-photos/EMP-0013/EMP-0013.png responded 200 in 1.7031 ms
2026-07-10 15:37:47.445 +03:00 [INF] HTTP PATCH /api/staff/13/deactivate responded 204 in 2.9923 ms
2026-07-10 15:37:48.109 +03:00 [INF] HTTP GET /api/staff responded 200 in 2.4875 ms
2026-07-10 15:37:48.122 +03:00 [INF] Expired 1 stale QR token(s); a replacement was pushed to the kiosk.
2026-07-10 15:37:49.944 +03:00 [INF] HTTP GET /api/staff/14 responded 200 in 2.6765 ms
2026-07-10 15:37:50.580 +03:00 [INF] HTTP GET /staff-photos/EMP-0014/EMP-0014.png responded 200 in 1.2222 ms
2026-07-10 15:37:51.521 +03:00 [INF] HTTP PATCH /api/staff/14/deactivate responded 204 in 3.2968 ms
2026-07-10 15:37:52.193 +03:00 [INF] HTTP GET /api/staff responded 200 in 3.9829 ms
2026-07-10 15:37:59.649 +03:00 [INF] HTTP GET /api/staff/15 responded 200 in 1.7656 ms
2026-07-10 15:38:00.292 +03:00 [INF] HTTP GET /staff-photos/EMP-0015/EMP-0015.png responded 200 in 1.4065 ms
2026-07-10 15:38:03.551 +03:00 [INF] HTTP GET /api/staff responded 200 in 3.4951 ms
2026-07-10 15:38:05.405 +03:00 [INF] HTTP GET /api/slots responded 200 in 3.7060 ms
2026-07-10 15:38:06.656 +03:00 [ERR] HTTP DELETE /api/slots/1/permanent responded 500 in 6.3458 ms
Attendance.Application.Exceptions.SlotInUseException: Cannot delete 'MorningIn': 5 attendance record(s) reference this slot. Deactivate it instead.
   at Attendance.Application.Services.SlotConfigService.DeleteSlotAsync(Int32 slotId) in C:\PROJECTS\employer\src\Attendance.Application\Services\SlotConfigService.cs:line 66
   at Attendance.Api.Controllers.SlotConfigController.Delete(Int32 id) in C:\PROJECTS\employer\src\Attendance.Api\Controllers\SlotConfigController.cs:line 68
   at Microsoft.AspNetCore.Mvc.Infrastructure.ActionMethodExecutor.TaskOfIActionResultExecutor.Execute(ActionContext actionContext, IActionResultTypeMapper mapper, ObjectMethodExecutor executor, Object controller, Object[] arguments)
   at Microsoft.AspNetCore.Mvc.Infrastructure.ControllerActionInvoker.<InvokeActionMethodAsync>g__Awaited|12_0(ControllerActionInvoker invoker, ValueTask`1 actionResultValueTask)
   at Microsoft.AspNetCore.Mvc.Infrastructure.ControllerActionInvoker.<InvokeNextActionFilterAsync>g__Awaited|10_0(ControllerActionInvoker invoker, Task lastTask, State next, Scope scope, Object state, Boolean isCompleted)
   at Microsoft.AspNetCore.Mvc.Infrastructure.ControllerActionInvoker.Rethrow(ActionExecutedContextSealed context)
   at Microsoft.AspNetCore.Mvc.Infrastructure.ControllerActionInvoker.Next(State& next, Scope& scope, Object& state, Boolean& isCompleted)
   at Microsoft.AspNetCore.Mvc.Infrastructure.ControllerActionInvoker.<InvokeInnerFilterAsync>g__Awaited|13_0(ControllerActionInvoker invoker, Task lastTask, State next, Scope scope, Object state, Boolean isCompleted)
   at Microsoft.AspNetCore.Mvc.Infrastructure.ResourceInvoker.<InvokeFilterPipelineAsync>g__Awaited|20_0(ResourceInvoker invoker, Task lastTask, State next, Scope scope, Object state, Boolean isCompleted)
   at Microsoft.AspNetCore.Mvc.Infrastructure.ResourceInvoker.<InvokeAsync>g__Awaited|17_0(ResourceInvoker invoker, Task task, IDisposable scope)
   at Microsoft.AspNetCore.Mvc.Infrastructure.ResourceInvoker.<InvokeAsync>g__Awaited|17_0(ResourceInvoker invoker, Task task, IDisposable scope)
   at Microsoft.AspNetCore.Authorization.AuthorizationMiddleware.Invoke(HttpContext context)
   at Microsoft.AspNetCore.Authentication.AuthenticationMiddleware.Invoke(HttpContext context)
   at Swashbuckle.AspNetCore.SwaggerUI.SwaggerUIMiddleware.Invoke(HttpContext httpContext)
   at Swashbuckle.AspNetCore.Swagger.SwaggerMiddleware.Invoke(HttpContext httpContext, ISwaggerProvider swaggerProvider)
   at Serilog.AspNetCore.RequestLoggingMiddleware.Invoke(HttpContext httpContext)
2026-07-10 15:38:06.668 +03:00 [WRN] Request fault 409 on DELETE /api/slots/1/permanent: Cannot delete 'MorningIn': 5 attendance record(s) reference this slot. Deactivate it instead.
2026-07-10 15:38:08.121 +03:00 [INF] Expired 1 stale QR token(s); a replacement was pushed to the kiosk.
2026-07-10 15:38:09.907 +03:00 [ERR] HTTP DELETE /api/slots/3/permanent responded 500 in 2.0026 ms
Attendance.Application.Exceptions.SlotInUseException: Cannot delete 'LunchIn': 6 attendance record(s) reference this slot. Deactivate it instead.
   at Attendance.Application.Services.SlotConfigService.DeleteSlotAsync(Int32 slotId) in C:\PROJECTS\employer\src\Attendance.Application\Services\SlotConfigService.cs:line 66
   at Attendance.Api.Controllers.SlotConfigController.Delete(Int32 id) in C:\PROJECTS\employer\src\Attendance.Api\Controllers\SlotConfigController.cs:line 68
   at Microsoft.AspNetCore.Mvc.Infrastructure.ActionMethodExecutor.TaskOfIActionResultExecutor.Execute(ActionContext actionContext, IActionResultTypeMapper mapper, ObjectMethodExecutor executor, Object controller, Object[] arguments)
   at Microsoft.AspNetCore.Mvc.Infrastructure.ControllerActionInvoker.<InvokeActionMethodAsync>g__Awaited|12_0(ControllerActionInvoker invoker, ValueTask`1 actionResultValueTask)
   at Microsoft.AspNetCore.Mvc.Infrastructure.ControllerActionInvoker.<InvokeNextActionFilterAsync>g__Awaited|10_0(ControllerActionInvoker invoker, Task lastTask, State next, Scope scope, Object state, Boolean isCompleted)
   at Microsoft.AspNetCore.Mvc.Infrastructure.ControllerActionInvoker.Rethrow(ActionExecutedContextSealed context)
   at Microsoft.AspNetCore.Mvc.Infrastructure.ControllerActionInvoker.Next(State& next, Scope& scope, Object& state, Boolean& isCompleted)
   at Microsoft.AspNetCore.Mvc.Infrastructure.ControllerActionInvoker.<InvokeInnerFilterAsync>g__Awaited|13_0(ControllerActionInvoker invoker, Task lastTask, State next, Scope scope, Object state, Boolean isCompleted)
   at Microsoft.AspNetCore.Mvc.Infrastructure.ResourceInvoker.<InvokeFilterPipelineAsync>g__Awaited|20_0(ResourceInvoker invoker, Task lastTask, State next, Scope scope, Object state, Boolean isCompleted)
   at Microsoft.AspNetCore.Mvc.Infrastructure.ResourceInvoker.<InvokeAsync>g__Awaited|17_0(ResourceInvoker invoker, Task task, IDisposable scope)
   at Microsoft.AspNetCore.Mvc.Infrastructure.ResourceInvoker.<InvokeAsync>g__Awaited|17_0(ResourceInvoker invoker, Task task, IDisposable scope)
   at Microsoft.AspNetCore.Authorization.AuthorizationMiddleware.Invoke(HttpContext context)
   at Microsoft.AspNetCore.Authentication.AuthenticationMiddleware.Invoke(HttpContext context)
   at Swashbuckle.AspNetCore.SwaggerUI.SwaggerUIMiddleware.Invoke(HttpContext httpContext)
   at Swashbuckle.AspNetCore.Swagger.SwaggerMiddleware.Invoke(HttpContext httpContext, ISwaggerProvider swaggerProvider)
   at Serilog.AspNetCore.RequestLoggingMiddleware.Invoke(HttpContext httpContext)
2026-07-10 15:38:09.913 +03:00 [WRN] Request fault 409 on DELETE /api/slots/3/permanent: Cannot delete 'LunchIn': 6 attendance record(s) reference this slot. Deactivate it instead.
2026-07-10 15:38:22.057 +03:00 [ERR] HTTP DELETE /api/slots/1/permanent responded 500 in 9.1133 ms
Attendance.Application.Exceptions.SlotInUseException: Cannot delete 'MorningIn': 5 attendance record(s) reference this slot. Deactivate it instead.
   at Attendance.Application.Services.SlotConfigService.DeleteSlotAsync(Int32 slotId) in C:\PROJECTS\employer\src\Attendance.Application\Services\SlotConfigService.cs:line 66
   at Attendance.Api.Controllers.SlotConfigController.Delete(Int32 id) in C:\PROJECTS\employer\src\Attendance.Api\Controllers\SlotConfigController.cs:line 68
   at Microsoft.AspNetCore.Mvc.Infrastructure.ActionMethodExecutor.TaskOfIActionResultExecutor.Execute(ActionContext actionContext, IActionResultTypeMapper mapper, ObjectMethodExecutor executor, Object controller, Object[] arguments)
   at Microsoft.AspNetCore.Mvc.Infrastructure.ControllerActionInvoker.<InvokeActionMethodAsync>g__Awaited|12_0(ControllerActionInvoker invoker, ValueTask`1 actionResultValueTask)
   at Microsoft.AspNetCore.Mvc.Infrastructure.ControllerActionInvoker.<InvokeNextActionFilterAsync>g__Awaited|10_0(ControllerActionInvoker invoker, Task lastTask, State next, Scope scope, Object state, Boolean isCompleted)
   at Microsoft.AspNetCore.Mvc.Infrastructure.ControllerActionInvoker.Rethrow(ActionExecutedContextSealed context)
   at Microsoft.AspNetCore.Mvc.Infrastructure.ControllerActionInvoker.Next(State& next, Scope& scope, Object& state, Boolean& isCompleted)
   at Microsoft.AspNetCore.Mvc.Infrastructure.ControllerActionInvoker.<InvokeInnerFilterAsync>g__Awaited|13_0(ControllerActionInvoker invoker, Task lastTask, State next, Scope scope, Object state, Boolean isCompleted)
   at Microsoft.AspNetCore.Mvc.Infrastructure.ResourceInvoker.<InvokeFilterPipelineAsync>g__Awaited|20_0(ResourceInvoker invoker, Task lastTask, State next, Scope scope, Object state, Boolean isCompleted)
   at Microsoft.AspNetCore.Mvc.Infrastructure.ResourceInvoker.<InvokeAsync>g__Awaited|17_0(ResourceInvoker invoker, Task task, IDisposable scope)
   at Microsoft.AspNetCore.Mvc.Infrastructure.ResourceInvoker.<InvokeAsync>g__Awaited|17_0(ResourceInvoker invoker, Task task, IDisposable scope)
   at Microsoft.AspNetCore.Authorization.AuthorizationMiddleware.Invoke(HttpContext context)
   at Microsoft.AspNetCore.Authentication.AuthenticationMiddleware.Invoke(HttpContext context)
   at Swashbuckle.AspNetCore.SwaggerUI.SwaggerUIMiddleware.Invoke(HttpContext httpContext)
   at Swashbuckle.AspNetCore.Swagger.SwaggerMiddleware.Invoke(HttpContext httpContext, ISwaggerProvider swaggerProvider)
   at Serilog.AspNetCore.RequestLoggingMiddleware.Invoke(HttpContext httpContext)
2026-07-10 15:38:22.066 +03:00 [WRN] Request fault 409 on DELETE /api/slots/1/permanent: Cannot delete 'MorningIn': 5 attendance record(s) reference this slot. Deactivate it instead.
2026-07-10 15:38:23.135 +03:00 [INF] Expired 1 stale QR token(s); a replacement was pushed to the kiosk.
2026-07-10 15:38:24.192 +03:00 [ERR] HTTP DELETE /api/slots/3/permanent responded 500 in 5.5068 ms
Attendance.Application.Exceptions.SlotInUseException: Cannot delete 'LunchIn': 6 attendance record(s) reference this slot. Deactivate it instead.
   at Attendance.Application.Services.SlotConfigService.DeleteSlotAsync(Int32 slotId) in C:\PROJECTS\employer\src\Attendance.Application\Services\SlotConfigService.cs:line 66
   at Attendance.Api.Controllers.SlotConfigController.Delete(Int32 id) in C:\PROJECTS\employer\src\Attendance.Api\Controllers\SlotConfigController.cs:line 68
   at Microsoft.AspNetCore.Mvc.Infrastructure.ActionMethodExecutor.TaskOfIActionResultExecutor.Execute(ActionContext actionContext, IActionResultTypeMapper mapper, ObjectMethodExecutor executor, Object controller, Object[] arguments)
   at Microsoft.AspNetCore.Mvc.Infrastructure.ControllerActionInvoker.<InvokeActionMethodAsync>g__Awaited|12_0(ControllerActionInvoker invoker, ValueTask`1 actionResultValueTask)
   at Microsoft.AspNetCore.Mvc.Infrastructure.ControllerActionInvoker.<InvokeNextActionFilterAsync>g__Awaited|10_0(ControllerActionInvoker invoker, Task lastTask, State next, Scope scope, Object state, Boolean isCompleted)
   at Microsoft.AspNetCore.Mvc.Infrastructure.ControllerActionInvoker.Rethrow(ActionExecutedContextSealed context)
   at Microsoft.AspNetCore.Mvc.Infrastructure.ControllerActionInvoker.Next(State& next, Scope& scope, Object& state, Boolean& isCompleted)
   at Microsoft.AspNetCore.Mvc.Infrastructure.ControllerActionInvoker.<InvokeInnerFilterAsync>g__Awaited|13_0(ControllerActionInvoker invoker, Task lastTask, State next, Scope scope, Object state, Boolean isCompleted)
   at Microsoft.AspNetCore.Mvc.Infrastructure.ResourceInvoker.<InvokeFilterPipelineAsync>g__Awaited|20_0(ResourceInvoker invoker, Task lastTask, State next, Scope scope, Object state, Boolean isCompleted)
   at Microsoft.AspNetCore.Mvc.Infrastructure.ResourceInvoker.<InvokeAsync>g__Awaited|17_0(ResourceInvoker invoker, Task task, IDisposable scope)
   at Microsoft.AspNetCore.Mvc.Infrastructure.ResourceInvoker.<InvokeAsync>g__Awaited|17_0(ResourceInvoker invoker, Task task, IDisposable scope)
   at Microsoft.AspNetCore.Authorization.AuthorizationMiddleware.Invoke(HttpContext context)
   at Microsoft.AspNetCore.Authentication.AuthenticationMiddleware.Invoke(HttpContext context)
   at Swashbuckle.AspNetCore.SwaggerUI.SwaggerUIMiddleware.Invoke(HttpContext httpContext)
   at Swashbuckle.AspNetCore.Swagger.SwaggerMiddleware.Invoke(HttpContext httpContext, ISwaggerProvider swaggerProvider)
   at Serilog.AspNetCore.RequestLoggingMiddleware.Invoke(HttpContext httpContext)
2026-07-10 15:38:24.197 +03:00 [WRN] Request fault 409 on DELETE /api/slots/3/permanent: Cannot delete 'LunchIn': 6 attendance record(s) reference this slot. Deactivate it instead.
2026-07-10 15:38:28.829 +03:00 [INF] HTTP GET /api/staff responded 200 in 14.5103 ms
2026-07-10 15:38:33.621 +03:00 [INF] HTTP GET /api/staff/11 responded 200 in 7.9216 ms
2026-07-10 15:38:33.876 +03:00 [INF] HTTP GET /staff-photos/EMP-0011/EMP-0011.png responded 200 in 2.0338 ms
2026-07-10 15:38:36.225 +03:00 [INF] HTTP PATCH /api/staff/11/deactivate responded 204 in 6.0048 ms
2026-07-10 15:38:36.469 +03:00 [INF] HTTP GET /api/staff responded 200 in 4.8667 ms
2026-07-10 15:38:42.166 +03:00 [INF] HTTP GET /api/slots responded 200 in 4.1322 ms
2026-07-10 15:38:43.118 +03:00 [INF] Expired 1 stale QR token(s); a replacement was pushed to the kiosk.
2026-07-10 15:38:47.319 +03:00 [ERR] HTTP DELETE /api/slots/1/permanent responded 500 in 2.3639 ms
Attendance.Application.Exceptions.SlotInUseException: Cannot delete 'MorningIn': 5 attendance record(s) reference this slot. Deactivate it instead.
   at Attendance.Application.Services.SlotConfigService.DeleteSlotAsync(Int32 slotId) in C:\PROJECTS\employer\src\Attendance.Application\Services\SlotConfigService.cs:line 66
   at Attendance.Api.Controllers.SlotConfigController.Delete(Int32 id) in C:\PROJECTS\employer\src\Attendance.Api\Controllers\SlotConfigController.cs:line 68
   at Microsoft.AspNetCore.Mvc.Infrastructure.ActionMethodExecutor.TaskOfIActionResultExecutor.Execute(ActionContext actionContext, IActionResultTypeMapper mapper, ObjectMethodExecutor executor, Object controller, Object[] arguments)
   at Microsoft.AspNetCore.Mvc.Infrastructure.ControllerActionInvoker.<InvokeActionMethodAsync>g__Awaited|12_0(ControllerActionInvoker invoker, ValueTask`1 actionResultValueTask)
   at Microsoft.AspNetCore.Mvc.Infrastructure.ControllerActionInvoker.<InvokeNextActionFilterAsync>g__Awaited|10_0(ControllerActionInvoker invoker, Task lastTask, State next, Scope scope, Object state, Boolean isCompleted)
   at Microsoft.AspNetCore.Mvc.Infrastructure.ControllerActionInvoker.Rethrow(ActionExecutedContextSealed context)
   at Microsoft.AspNetCore.Mvc.Infrastructure.ControllerActionInvoker.Next(State& next, Scope& scope, Object& state, Boolean& isCompleted)
   at Microsoft.AspNetCore.Mvc.Infrastructure.ControllerActionInvoker.<InvokeInnerFilterAsync>g__Awaited|13_0(ControllerActionInvoker invoker, Task lastTask, State next, Scope scope, Object state, Boolean isCompleted)
   at Microsoft.AspNetCore.Mvc.Infrastructure.ResourceInvoker.<InvokeFilterPipelineAsync>g__Awaited|20_0(ResourceInvoker invoker, Task lastTask, State next, Scope scope, Object state, Boolean isCompleted)
   at Microsoft.AspNetCore.Mvc.Infrastructure.ResourceInvoker.<InvokeAsync>g__Awaited|17_0(ResourceInvoker invoker, Task task, IDisposable scope)
   at Microsoft.AspNetCore.Mvc.Infrastructure.ResourceInvoker.<InvokeAsync>g__Awaited|17_0(ResourceInvoker invoker, Task task, IDisposable scope)
   at Microsoft.AspNetCore.Authorization.AuthorizationMiddleware.Invoke(HttpContext context)
   at Microsoft.AspNetCore.Authentication.AuthenticationMiddleware.Invoke(HttpContext context)
   at Swashbuckle.AspNetCore.SwaggerUI.SwaggerUIMiddleware.Invoke(HttpContext httpContext)
   at Swashbuckle.AspNetCore.Swagger.SwaggerMiddleware.Invoke(HttpContext httpContext, ISwaggerProvider swaggerProvider)
   at Serilog.AspNetCore.RequestLoggingMiddleware.Invoke(HttpContext httpContext)
2026-07-10 15:38:47.327 +03:00 [WRN] Request fault 409 on DELETE /api/slots/1/permanent: Cannot delete 'MorningIn': 5 attendance record(s) reference this slot. Deactivate it instead.
2026-07-10 15:38:54.124 +03:00 [ERR] HTTP DELETE /api/slots/1/permanent responded 500 in 2.2340 ms
Attendance.Application.Exceptions.SlotInUseException: Cannot delete 'MorningIn': 5 attendance record(s) reference this slot. Deactivate it instead.
   at Attendance.Application.Services.SlotConfigService.DeleteSlotAsync(Int32 slotId) in C:\PROJECTS\employer\src\Attendance.Application\Services\SlotConfigService.cs:line 66
   at Attendance.Api.Controllers.SlotConfigController.Delete(Int32 id) in C:\PROJECTS\employer\src\Attendance.Api\Controllers\SlotConfigController.cs:line 68
   at Microsoft.AspNetCore.Mvc.Infrastructure.ActionMethodExecutor.TaskOfIActionResultExecutor.Execute(ActionContext actionContext, IActionResultTypeMapper mapper, ObjectMethodExecutor executor, Object controller, Object[] arguments)
   at Microsoft.AspNetCore.Mvc.Infrastructure.ControllerActionInvoker.<InvokeActionMethodAsync>g__Awaited|12_0(ControllerActionInvoker invoker, ValueTask`1 actionResultValueTask)
   at Microsoft.AspNetCore.Mvc.Infrastructure.ControllerActionInvoker.<InvokeNextActionFilterAsync>g__Awaited|10_0(ControllerActionInvoker invoker, Task lastTask, State next, Scope scope, Object state, Boolean isCompleted)
   at Microsoft.AspNetCore.Mvc.Infrastructure.ControllerActionInvoker.Rethrow(ActionExecutedContextSealed context)
   at Microsoft.AspNetCore.Mvc.Infrastructure.ControllerActionInvoker.Next(State& next, Scope& scope, Object& state, Boolean& isCompleted)
   at Microsoft.AspNetCore.Mvc.Infrastructure.ControllerActionInvoker.<InvokeInnerFilterAsync>g__Awaited|13_0(ControllerActionInvoker invoker, Task lastTask, State next, Scope scope, Object state, Boolean isCompleted)
   at Microsoft.AspNetCore.Mvc.Infrastructure.ResourceInvoker.<InvokeFilterPipelineAsync>g__Awaited|20_0(ResourceInvoker invoker, Task lastTask, State next, Scope scope, Object state, Boolean isCompleted)
   at Microsoft.AspNetCore.Mvc.Infrastructure.ResourceInvoker.<InvokeAsync>g__Awaited|17_0(ResourceInvoker invoker, Task task, IDisposable scope)
   at Microsoft.AspNetCore.Mvc.Infrastructure.ResourceInvoker.<InvokeAsync>g__Awaited|17_0(ResourceInvoker invoker, Task task, IDisposable scope)
   at Microsoft.AspNetCore.Authorization.AuthorizationMiddleware.Invoke(HttpContext context)
   at Microsoft.AspNetCore.Authentication.AuthenticationMiddleware.Invoke(HttpContext context)
   at Swashbuckle.AspNetCore.SwaggerUI.SwaggerUIMiddleware.Invoke(HttpContext httpContext)
   at Swashbuckle.AspNetCore.Swagger.SwaggerMiddleware.Invoke(HttpContext httpContext, ISwaggerProvider swaggerProvider)
   at Serilog.AspNetCore.RequestLoggingMiddleware.Invoke(HttpContext httpContext)
2026-07-10 15:38:54.132 +03:00 [WRN] Request fault 409 on DELETE /api/slots/1/permanent: Cannot delete 'MorningIn': 5 attendance record(s) reference this slot. Deactivate it instead.
2026-07-10 15:38:58.881 +03:00 [ERR] HTTP DELETE /api/slots/1/permanent responded 500 in 3.2194 ms
Attendance.Application.Exceptions.SlotInUseException: Cannot delete 'MorningIn': 5 attendance record(s) reference this slot. Deactivate it instead.
   at Attendance.Application.Services.SlotConfigService.DeleteSlotAsync(Int32 slotId) in C:\PROJECTS\employer\src\Attendance.Application\Services\SlotConfigService.cs:line 66
   at Attendance.Api.Controllers.SlotConfigController.Delete(Int32 id) in C:\PROJECTS\employer\src\Attendance.Api\Controllers\SlotConfigController.cs:line 68
   at Microsoft.AspNetCore.Mvc.Infrastructure.ActionMethodExecutor.TaskOfIActionResultExecutor.Execute(ActionContext actionContext, IActionResultTypeMapper mapper, ObjectMethodExecutor executor, Object controller, Object[] arguments)
   at Microsoft.AspNetCore.Mvc.Infrastructure.ControllerActionInvoker.<InvokeActionMethodAsync>g__Awaited|12_0(ControllerActionInvoker invoker, ValueTask`1 actionResultValueTask)
   at Microsoft.AspNetCore.Mvc.Infrastructure.ControllerActionInvoker.<InvokeNextActionFilterAsync>g__Awaited|10_0(ControllerActionInvoker invoker, Task lastTask, State next, Scope scope, Object state, Boolean isCompleted)
   at Microsoft.AspNetCore.Mvc.Infrastructure.ControllerActionInvoker.Rethrow(ActionExecutedContextSealed context)
   at Microsoft.AspNetCore.Mvc.Infrastructure.ControllerActionInvoker.Next(State& next, Scope& scope, Object& state, Boolean& isCompleted)
   at Microsoft.AspNetCore.Mvc.Infrastructure.ControllerActionInvoker.<InvokeInnerFilterAsync>g__Awaited|13_0(ControllerActionInvoker invoker, Task lastTask, State next, Scope scope, Object state, Boolean isCompleted)
   at Microsoft.AspNetCore.Mvc.Infrastructure.ResourceInvoker.<InvokeFilterPipelineAsync>g__Awaited|20_0(ResourceInvoker invoker, Task lastTask, State next, Scope scope, Object state, Boolean isCompleted)
   at Microsoft.AspNetCore.Mvc.Infrastructure.ResourceInvoker.<InvokeAsync>g__Awaited|17_0(ResourceInvoker invoker, Task task, IDisposable scope)
   at Microsoft.AspNetCore.Mvc.Infrastructure.ResourceInvoker.<InvokeAsync>g__Awaited|17_0(ResourceInvoker invoker, Task task, IDisposable scope)
   at Microsoft.AspNetCore.Authorization.AuthorizationMiddleware.Invoke(HttpContext context)
   at Microsoft.AspNetCore.Authentication.AuthenticationMiddleware.Invoke(HttpContext context)
   at Swashbuckle.AspNetCore.SwaggerUI.SwaggerUIMiddleware.Invoke(HttpContext httpContext)
   at Swashbuckle.AspNetCore.Swagger.SwaggerMiddleware.Invoke(HttpContext httpContext, ISwaggerProvider swaggerProvider)
   at Serilog.AspNetCore.RequestLoggingMiddleware.Invoke(HttpContext httpContext)
2026-07-10 15:38:58.888 +03:00 [WRN] Request fault 409 on DELETE /api/slots/1/permanent: Cannot delete 'MorningIn': 5 attendance record(s) reference this slot. Deactivate it instead.
2026-07-10 15:39:03.115 +03:00 [INF] Expired 1 stale QR token(s); a replacement was pushed to the kiosk.
2026-07-10 15:39:18.122 +03:00 [INF] Expired 1 stale QR token(s); a replacement was pushed to the kiosk.
2026-07-10 15:39:18.724 +03:00 [ERR] HTTP DELETE /api/slots/1/permanent responded 500 in 1.9248 ms
Attendance.Application.Exceptions.SlotInUseException: Cannot delete 'MorningIn': 5 attendance record(s) reference this slot. Deactivate it instead.
   at Attendance.Application.Services.SlotConfigService.DeleteSlotAsync(Int32 slotId) in C:\PROJECTS\employer\src\Attendance.Application\Services\SlotConfigService.cs:line 66
   at Attendance.Api.Controllers.SlotConfigController.Delete(Int32 id) in C:\PROJECTS\employer\src\Attendance.Api\Controllers\SlotConfigController.cs:line 68
   at Microsoft.AspNetCore.Mvc.Infrastructure.ActionMethodExecutor.TaskOfIActionResultExecutor.Execute(ActionContext actionContext, IActionResultTypeMapper mapper, ObjectMethodExecutor executor, Object controller, Object[] arguments)
   at Microsoft.AspNetCore.Mvc.Infrastructure.ControllerActionInvoker.<InvokeActionMethodAsync>g__Awaited|12_0(ControllerActionInvoker invoker, ValueTask`1 actionResultValueTask)
   at Microsoft.AspNetCore.Mvc.Infrastructure.ControllerActionInvoker.<InvokeNextActionFilterAsync>g__Awaited|10_0(ControllerActionInvoker invoker, Task lastTask, State next, Scope scope, Object state, Boolean isCompleted)
   at Microsoft.AspNetCore.Mvc.Infrastructure.ControllerActionInvoker.Rethrow(ActionExecutedContextSealed context)
   at Microsoft.AspNetCore.Mvc.Infrastructure.ControllerActionInvoker.Next(State& next, Scope& scope, Object& state, Boolean& isCompleted)
   at Microsoft.AspNetCore.Mvc.Infrastructure.ControllerActionInvoker.<InvokeInnerFilterAsync>g__Awaited|13_0(ControllerActionInvoker invoker, Task lastTask, State next, Scope scope, Object state, Boolean isCompleted)
   at Microsoft.AspNetCore.Mvc.Infrastructure.ResourceInvoker.<InvokeFilterPipelineAsync>g__Awaited|20_0(ResourceInvoker invoker, Task lastTask, State next, Scope scope, Object state, Boolean isCompleted)
   at Microsoft.AspNetCore.Mvc.Infrastructure.ResourceInvoker.<InvokeAsync>g__Awaited|17_0(ResourceInvoker invoker, Task task, IDisposable scope)
   at Microsoft.AspNetCore.Mvc.Infrastructure.ResourceInvoker.<InvokeAsync>g__Awaited|17_0(ResourceInvoker invoker, Task task, IDisposable scope)
   at Microsoft.AspNetCore.Authorization.AuthorizationMiddleware.Invoke(HttpContext context)
   at Microsoft.AspNetCore.Authentication.AuthenticationMiddleware.Invoke(HttpContext context)
   at Swashbuckle.AspNetCore.SwaggerUI.SwaggerUIMiddleware.Invoke(HttpContext httpContext)
   at Swashbuckle.AspNetCore.Swagger.SwaggerMiddleware.Invoke(HttpContext httpContext, ISwaggerProvider swaggerProvider)
   at Serilog.AspNetCore.RequestLoggingMiddleware.Invoke(HttpContext httpContext)
2026-07-10 15:39:18.731 +03:00 [WRN] Request fault 409 on DELETE /api/slots/1/permanent: Cannot delete 'MorningIn': 5 attendance record(s) reference this slot. Deactivate it instead.
2026-07-10 15:39:33.131 +03:00 [INF] Expired 1 stale QR token(s); a replacement was pushed to the kiosk.
2026-07-10 15:39:40.679 +03:00 [INF] HTTP GET /api/staff responded 200 in 10.4608 ms
2026-07-10 15:39:48.709 +03:00 [INF] HTTP GET /api/staff/11 responded 200 in 6.0012 ms
2026-07-10 15:39:48.970 +03:00 [INF] HTTP GET /staff-photos/EMP-0011/EMP-0011.png responded 200 in 2.5754 ms
2026-07-10 15:39:52.829 +03:00 [INF] HTTP GET /api/reports/daily responded 200 in 95.8112 ms
2026-07-10 15:39:53.124 +03:00 [INF] Expired 1 stale QR token(s); a replacement was pushed to the kiosk.
2026-07-10 15:40:00.145 +03:00 [INF] HTTP GET /api/reports/daily/export responded 200 in 3324.9815 ms
2026-07-10 15:40:13.128 +03:00 [INF] Expired 1 stale QR token(s); a replacement was pushed to the kiosk.
2026-07-10 15:40:33.125 +03:00 [INF] Expired 1 stale QR token(s); a replacement was pushed to the kiosk.
2026-07-10 15:40:48.130 +03:00 [INF] Expired 1 stale QR token(s); a replacement was pushed to the kiosk.
2026-07-10 15:41:08.113 +03:00 [INF] Expired 1 stale QR token(s); a replacement was pushed to the kiosk.
2026-07-10 15:41:23.133 +03:00 [INF] Expired 1 stale QR token(s); a replacement was pushed to the kiosk.
2026-07-10 15:41:30.997 +03:00 [INF] HTTP GET /api/slots responded 200 in 2.8693 ms
2026-07-10 15:41:43.133 +03:00 [INF] Expired 1 stale QR token(s); a replacement was pushed to the kiosk.
2026-07-10 15:42:03.119 +03:00 [INF] Expired 1 stale QR token(s); a replacement was pushed to the kiosk.
2026-07-10 15:42:23.128 +03:00 [INF] Expired 1 stale QR token(s); a replacement was pushed to the kiosk.
2026-07-10 15:42:43.128 +03:00 [INF] Expired 1 stale QR token(s); a replacement was pushed to the kiosk.
2026-07-10 15:42:51.276 +03:00 [INF] HTTP PUT /api/slots/1 responded 200 in 35.0876 ms
2026-07-10 15:42:51.492 +03:00 [INF] HTTP GET /api/slots responded 200 in 1.5092 ms
2026-07-10 15:42:52.469 +03:00 [INF] HTTP POST /api/slots responded 201 in 72.5185 ms
2026-07-10 15:42:52.660 +03:00 [INF] HTTP GET /api/slots responded 200 in 1.5237 ms
2026-07-10 15:42:55.696 +03:00 [ERR] HTTP DELETE /api/slots/1/permanent responded 500 in 3.7527 ms
Attendance.Application.Exceptions.SlotInUseException: Cannot delete 'MorningIn': 5 attendance record(s) reference this slot. Deactivate it instead.
   at Attendance.Application.Services.SlotConfigService.DeleteSlotAsync(Int32 slotId) in C:\PROJECTS\employer\src\Attendance.Application\Services\SlotConfigService.cs:line 66
   at Attendance.Api.Controllers.SlotConfigController.Delete(Int32 id) in C:\PROJECTS\employer\src\Attendance.Api\Controllers\SlotConfigController.cs:line 68
   at Microsoft.AspNetCore.Mvc.Infrastructure.ActionMethodExecutor.TaskOfIActionResultExecutor.Execute(ActionContext actionContext, IActionResultTypeMapper mapper, ObjectMethodExecutor executor, Object controller, Object[] arguments)
   at Microsoft.AspNetCore.Mvc.Infrastructure.ControllerActionInvoker.<InvokeActionMethodAsync>g__Awaited|12_0(ControllerActionInvoker invoker, ValueTask`1 actionResultValueTask)
   at Microsoft.AspNetCore.Mvc.Infrastructure.ControllerActionInvoker.<InvokeNextActionFilterAsync>g__Awaited|10_0(ControllerActionInvoker invoker, Task lastTask, State next, Scope scope, Object state, Boolean isCompleted)
   at Microsoft.AspNetCore.Mvc.Infrastructure.ControllerActionInvoker.Rethrow(ActionExecutedContextSealed context)
   at Microsoft.AspNetCore.Mvc.Infrastructure.ControllerActionInvoker.Next(State& next, Scope& scope, Object& state, Boolean& isCompleted)
   at Microsoft.AspNetCore.Mvc.Infrastructure.ControllerActionInvoker.<InvokeInnerFilterAsync>g__Awaited|13_0(ControllerActionInvoker invoker, Task lastTask, State next, Scope scope, Object state, Boolean isCompleted)
   at Microsoft.AspNetCore.Mvc.Infrastructure.ResourceInvoker.<InvokeFilterPipelineAsync>g__Awaited|20_0(ResourceInvoker invoker, Task lastTask, State next, Scope scope, Object state, Boolean isCompleted)
   at Microsoft.AspNetCore.Mvc.Infrastructure.ResourceInvoker.<InvokeAsync>g__Awaited|17_0(ResourceInvoker invoker, Task task, IDisposable scope)
   at Microsoft.AspNetCore.Mvc.Infrastructure.ResourceInvoker.<InvokeAsync>g__Awaited|17_0(ResourceInvoker invoker, Task task, IDisposable scope)
   at Microsoft.AspNetCore.Authorization.AuthorizationMiddleware.Invoke(HttpContext context)
   at Microsoft.AspNetCore.Authentication.AuthenticationMiddleware.Invoke(HttpContext context)
   at Swashbuckle.AspNetCore.SwaggerUI.SwaggerUIMiddleware.Invoke(HttpContext httpContext)
   at Swashbuckle.AspNetCore.Swagger.SwaggerMiddleware.Invoke(HttpContext httpContext, ISwaggerProvider swaggerProvider)
   at Serilog.AspNetCore.RequestLoggingMiddleware.Invoke(HttpContext httpContext)
2026-07-10 15:42:55.702 +03:00 [WRN] Request fault 409 on DELETE /api/slots/1/permanent: Cannot delete 'MorningIn': 5 attendance record(s) reference this slot. Deactivate it instead.
2026-07-10 15:42:57.014 +03:00 [ERR] HTTP DELETE /api/slots/3/permanent responded 500 in 1.7967 ms
Attendance.Application.Exceptions.SlotInUseException: Cannot delete 'LunchIn': 6 attendance record(s) reference this slot. Deactivate it instead.
   at Attendance.Application.Services.SlotConfigService.DeleteSlotAsync(Int32 slotId) in C:\PROJECTS\employer\src\Attendance.Application\Services\SlotConfigService.cs:line 66
   at Attendance.Api.Controllers.SlotConfigController.Delete(Int32 id) in C:\PROJECTS\employer\src\Attendance.Api\Controllers\SlotConfigController.cs:line 68
   at Microsoft.AspNetCore.Mvc.Infrastructure.ActionMethodExecutor.TaskOfIActionResultExecutor.Execute(ActionContext actionContext, IActionResultTypeMapper mapper, ObjectMethodExecutor executor, Object controller, Object[] arguments)
   at Microsoft.AspNetCore.Mvc.Infrastructure.ControllerActionInvoker.<InvokeActionMethodAsync>g__Awaited|12_0(ControllerActionInvoker invoker, ValueTask`1 actionResultValueTask)
   at Microsoft.AspNetCore.Mvc.Infrastructure.ControllerActionInvoker.<InvokeNextActionFilterAsync>g__Awaited|10_0(ControllerActionInvoker invoker, Task lastTask, State next, Scope scope, Object state, Boolean isCompleted)
   at Microsoft.AspNetCore.Mvc.Infrastructure.ControllerActionInvoker.Rethrow(ActionExecutedContextSealed context)
   at Microsoft.AspNetCore.Mvc.Infrastructure.ControllerActionInvoker.Next(State& next, Scope& scope, Object& state, Boolean& isCompleted)
   at Microsoft.AspNetCore.Mvc.Infrastructure.ControllerActionInvoker.<InvokeInnerFilterAsync>g__Awaited|13_0(ControllerActionInvoker invoker, Task lastTask, State next, Scope scope, Object state, Boolean isCompleted)
   at Microsoft.AspNetCore.Mvc.Infrastructure.ResourceInvoker.<InvokeFilterPipelineAsync>g__Awaited|20_0(ResourceInvoker invoker, Task lastTask, State next, Scope scope, Object state, Boolean isCompleted)
   at Microsoft.AspNetCore.Mvc.Infrastructure.ResourceInvoker.<InvokeAsync>g__Awaited|17_0(ResourceInvoker invoker, Task task, IDisposable scope)
   at Microsoft.AspNetCore.Mvc.Infrastructure.ResourceInvoker.<InvokeAsync>g__Awaited|17_0(ResourceInvoker invoker, Task task, IDisposable scope)
   at Microsoft.AspNetCore.Authorization.AuthorizationMiddleware.Invoke(HttpContext context)
   at Microsoft.AspNetCore.Authentication.AuthenticationMiddleware.Invoke(HttpContext context)
   at Swashbuckle.AspNetCore.SwaggerUI.SwaggerUIMiddleware.Invoke(HttpContext httpContext)
   at Swashbuckle.AspNetCore.Swagger.SwaggerMiddleware.Invoke(HttpContext httpContext, ISwaggerProvider swaggerProvider)
   at Serilog.AspNetCore.RequestLoggingMiddleware.Invoke(HttpContext httpContext)
2026-07-10 15:42:57.020 +03:00 [WRN] Request fault 409 on DELETE /api/slots/3/permanent: Cannot delete 'LunchIn': 6 attendance record(s) reference this slot. Deactivate it instead.
2026-07-10 15:42:58.839 +03:00 [INF] HTTP DELETE /api/slots/9/permanent responded 204 in 11.8389 ms
2026-07-10 15:42:59.092 +03:00 [INF] HTTP GET /api/slots responded 200 in 2.3176 ms
2026-07-10 15:43:03.128 +03:00 [INF] Expired 1 stale QR token(s); a replacement was pushed to the kiosk.
2026-07-10 15:43:23.125 +03:00 [INF] Expired 1 stale QR token(s); a replacement was pushed to the kiosk.
2026-07-10 15:43:27.405 +03:00 [INF] HTTP PUT /api/slots/1 responded 200 in 2.4961 ms
2026-07-10 15:43:27.669 +03:00 [INF] HTTP GET /api/slots responded 200 in 1.4824 ms
2026-07-10 15:43:37.322 +03:00 [INF] HTTP POST /api/slots responded 201 in 7.8519 ms
2026-07-10 15:43:37.574 +03:00 [INF] HTTP GET /api/slots responded 200 in 1.6154 ms
2026-07-10 15:43:43.121 +03:00 [INF] Expired 1 stale QR token(s); a replacement was pushed to the kiosk.
2026-07-10 15:43:46.309 +03:00 [INF] HTTP GET /api/staff responded 200 in 12.5806 ms
2026-07-10 15:43:58.138 +03:00 [INF] Expired 1 stale QR token(s); a replacement was pushed to the kiosk.
2026-07-10 15:44:18.125 +03:00 [INF] Expired 1 stale QR token(s); a replacement was pushed to the kiosk.
2026-07-10 15:44:33.132 +03:00 [INF] Expired 1 stale QR token(s); a replacement was pushed to the kiosk.
2026-07-10 15:44:46.369 +03:00 [INF] HTTP GET /api/slots responded 200 in 3.1486 ms
2026-07-10 15:44:49.926 +03:00 [INF] HTTP DELETE /api/slots/10 responded 204 in 19.1041 ms
2026-07-10 15:44:50.171 +03:00 [INF] HTTP GET /api/slots responded 200 in 1.6945 ms
2026-07-10 15:44:53.111 +03:00 [INF] Expired 1 stale QR token(s); a replacement was pushed to the kiosk.
2026-07-10 15:44:55.695 +03:00 [INF] HTTP DELETE /api/slots/10/permanent responded 204 in 19.2329 ms
2026-07-10 15:44:55.943 +03:00 [INF] HTTP GET /api/slots responded 200 in 3.5472 ms
2026-07-10 15:44:57.934 +03:00 [ERR] HTTP DELETE /api/slots/3/permanent responded 500 in 6.5148 ms
Attendance.Application.Exceptions.SlotInUseException: Cannot delete 'LunchIn': 6 attendance record(s) reference this slot. Deactivate it instead.
   at Attendance.Application.Services.SlotConfigService.DeleteSlotAsync(Int32 slotId) in C:\PROJECTS\employer\src\Attendance.Application\Services\SlotConfigService.cs:line 66
   at Attendance.Api.Controllers.SlotConfigController.Delete(Int32 id) in C:\PROJECTS\employer\src\Attendance.Api\Controllers\SlotConfigController.cs:line 68
   at Microsoft.AspNetCore.Mvc.Infrastructure.ActionMethodExecutor.TaskOfIActionResultExecutor.Execute(ActionContext actionContext, IActionResultTypeMapper mapper, ObjectMethodExecutor executor, Object controller, Object[] arguments)
   at Microsoft.AspNetCore.Mvc.Infrastructure.ControllerActionInvoker.<InvokeActionMethodAsync>g__Awaited|12_0(ControllerActionInvoker invoker, ValueTask`1 actionResultValueTask)
   at Microsoft.AspNetCore.Mvc.Infrastructure.ControllerActionInvoker.<InvokeNextActionFilterAsync>g__Awaited|10_0(ControllerActionInvoker invoker, Task lastTask, State next, Scope scope, Object state, Boolean isCompleted)
   at Microsoft.AspNetCore.Mvc.Infrastructure.ControllerActionInvoker.Rethrow(ActionExecutedContextSealed context)
   at Microsoft.AspNetCore.Mvc.Infrastructure.ControllerActionInvoker.Next(State& next, Scope& scope, Object& state, Boolean& isCompleted)
   at Microsoft.AspNetCore.Mvc.Infrastructure.ControllerActionInvoker.<InvokeInnerFilterAsync>g__Awaited|13_0(ControllerActionInvoker invoker, Task lastTask, State next, Scope scope, Object state, Boolean isCompleted)
   at Microsoft.AspNetCore.Mvc.Infrastructure.ResourceInvoker.<InvokeFilterPipelineAsync>g__Awaited|20_0(ResourceInvoker invoker, Task lastTask, State next, Scope scope, Object state, Boolean isCompleted)
   at Microsoft.AspNetCore.Mvc.Infrastructure.ResourceInvoker.<InvokeAsync>g__Awaited|17_0(ResourceInvoker invoker, Task task, IDisposable scope)
   at Microsoft.AspNetCore.Mvc.Infrastructure.ResourceInvoker.<InvokeAsync>g__Awaited|17_0(ResourceInvoker invoker, Task task, IDisposable scope)
   at Microsoft.AspNetCore.Authorization.AuthorizationMiddleware.Invoke(HttpContext context)
   at Microsoft.AspNetCore.Authentication.AuthenticationMiddleware.Invoke(HttpContext context)
   at Swashbuckle.AspNetCore.SwaggerUI.SwaggerUIMiddleware.Invoke(HttpContext httpContext)
   at Swashbuckle.AspNetCore.Swagger.SwaggerMiddleware.Invoke(HttpContext httpContext, ISwaggerProvider swaggerProvider)
   at Serilog.AspNetCore.RequestLoggingMiddleware.Invoke(HttpContext httpContext)
2026-07-10 15:44:57.941 +03:00 [WRN] Request fault 409 on DELETE /api/slots/3/permanent: Cannot delete 'LunchIn': 6 attendance record(s) reference this slot. Deactivate it instead.
2026-07-10 15:45:04.807 +03:00 [ERR] HTTP DELETE /api/slots/3/permanent responded 500 in 5.5095 ms
Attendance.Application.Exceptions.SlotInUseException: Cannot delete 'LunchIn': 6 attendance record(s) reference this slot. Deactivate it instead.
   at Attendance.Application.Services.SlotConfigService.DeleteSlotAsync(Int32 slotId) in C:\PROJECTS\employer\src\Attendance.Application\Services\SlotConfigService.cs:line 66
   at Attendance.Api.Controllers.SlotConfigController.Delete(Int32 id) in C:\PROJECTS\employer\src\Attendance.Api\Controllers\SlotConfigController.cs:line 68
   at Microsoft.AspNetCore.Mvc.Infrastructure.ActionMethodExecutor.TaskOfIActionResultExecutor.Execute(ActionContext actionContext, IActionResultTypeMapper mapper, ObjectMethodExecutor executor, Object controller, Object[] arguments)
   at Microsoft.AspNetCore.Mvc.Infrastructure.ControllerActionInvoker.<InvokeActionMethodAsync>g__Awaited|12_0(ControllerActionInvoker invoker, ValueTask`1 actionResultValueTask)
   at Microsoft.AspNetCore.Mvc.Infrastructure.ControllerActionInvoker.<InvokeNextActionFilterAsync>g__Awaited|10_0(ControllerActionInvoker invoker, Task lastTask, State next, Scope scope, Object state, Boolean isCompleted)
   at Microsoft.AspNetCore.Mvc.Infrastructure.ControllerActionInvoker.Rethrow(ActionExecutedContextSealed context)
   at Microsoft.AspNetCore.Mvc.Infrastructure.ControllerActionInvoker.Next(State& next, Scope& scope, Object& state, Boolean& isCompleted)
   at Microsoft.AspNetCore.Mvc.Infrastructure.ControllerActionInvoker.<InvokeInnerFilterAsync>g__Awaited|13_0(ControllerActionInvoker invoker, Task lastTask, State next, Scope scope, Object state, Boolean isCompleted)
   at Microsoft.AspNetCore.Mvc.Infrastructure.ResourceInvoker.<InvokeFilterPipelineAsync>g__Awaited|20_0(ResourceInvoker invoker, Task lastTask, State next, Scope scope, Object state, Boolean isCompleted)
   at Microsoft.AspNetCore.Mvc.Infrastructure.ResourceInvoker.<InvokeAsync>g__Awaited|17_0(ResourceInvoker invoker, Task task, IDisposable scope)
   at Microsoft.AspNetCore.Mvc.Infrastructure.ResourceInvoker.<InvokeAsync>g__Awaited|17_0(ResourceInvoker invoker, Task task, IDisposable scope)
   at Microsoft.AspNetCore.Authorization.AuthorizationMiddleware.Invoke(HttpContext context)
   at Microsoft.AspNetCore.Authentication.AuthenticationMiddleware.Invoke(HttpContext context)
   at Swashbuckle.AspNetCore.SwaggerUI.SwaggerUIMiddleware.Invoke(HttpContext httpContext)
   at Swashbuckle.AspNetCore.Swagger.SwaggerMiddleware.Invoke(HttpContext httpContext, ISwaggerProvider swaggerProvider)
   at Serilog.AspNetCore.RequestLoggingMiddleware.Invoke(HttpContext httpContext)
2026-07-10 15:45:04.814 +03:00 [WRN] Request fault 409 on DELETE /api/slots/3/permanent: Cannot delete 'LunchIn': 6 attendance record(s) reference this slot. Deactivate it instead.
2026-07-10 15:45:08.124 +03:00 [INF] Expired 1 stale QR token(s); a replacement was pushed to the kiosk.
2026-07-10 15:45:28.121 +03:00 [INF] Expired 1 stale QR token(s); a replacement was pushed to the kiosk.
2026-07-10 15:45:48.117 +03:00 [INF] Expired 1 stale QR token(s); a replacement was pushed to the kiosk.
2026-07-10 15:46:03.138 +03:00 [INF] Expired 1 stale QR token(s); a replacement was pushed to the kiosk.
2026-07-10 15:46:23.124 +03:00 [INF] Expired 1 stale QR token(s); a replacement was pushed to the kiosk.
2026-07-10 15:46:43.125 +03:00 [INF] Expired 1 stale QR token(s); a replacement was pushed to the kiosk.
2026-07-10 15:46:57.767 +03:00 [INF] HTTP POST /hubs/attendance/negotiate responded 200 in 0.9979 ms
2026-07-10 15:46:58.125 +03:00 [INF] Expired 1 stale QR token(s); a replacement was pushed to the kiosk.
2026-07-10 15:47:13.142 +03:00 [INF] Expired 1 stale QR token(s); a replacement was pushed to the kiosk.
2026-07-10 15:47:33.132 +03:00 [INF] Expired 1 stale QR token(s); a replacement was pushed to the kiosk.
2026-07-10 15:47:53.127 +03:00 [INF] Expired 1 stale QR token(s); a replacement was pushed to the kiosk.
2026-07-10 15:47:55.756 +03:00 [INF] HTTP POST /api/auth/login responded 200 in 140.7273 ms
2026-07-10 15:48:08.870 +03:00 [INF] HTTP GET /api/staff responded 200 in 9.4034 ms
2026-07-10 15:48:13.120 +03:00 [INF] Expired 1 stale QR token(s); a replacement was pushed to the kiosk.
2026-07-10 15:48:20.655 +03:00 [INF] QR scan attempt: StaffId=1 Token=9dc8009a… Outcome="Success" Ip=127.0.0.1
2026-07-10 15:48:20.665 +03:00 [ERR] HTTP POST /api/attendance/scan responded 500 in 99.4577 ms
Attendance.Application.Exceptions.OutsideScheduleException: No attendance slot is open at this time.
   at Attendance.Application.Services.AttendanceService.RecordAttendanceAsync(Int32 staffId, Int32 qrSessionId) in C:\PROJECTS\employer\src\Attendance.Application\Services\AttendanceService.cs:line 58
   at Attendance.Api.Controllers.AttendanceController.Scan(ScanRequestDto request) in C:\PROJECTS\employer\src\Attendance.Api\Controllers\AttendanceController.cs:line 68
   at Microsoft.AspNetCore.Mvc.Infrastructure.ActionMethodExecutor.TaskOfIActionResultExecutor.Execute(ActionContext actionContext, IActionResultTypeMapper mapper, ObjectMethodExecutor executor, Object controller, Object[] arguments)
   at Microsoft.AspNetCore.Mvc.Infrastructure.ControllerActionInvoker.<InvokeActionMethodAsync>g__Awaited|12_0(ControllerActionInvoker invoker, ValueTask`1 actionResultValueTask)
   at Microsoft.AspNetCore.Mvc.Infrastructure.ControllerActionInvoker.<InvokeNextActionFilterAsync>g__Awaited|10_0(ControllerActionInvoker invoker, Task lastTask, State next, Scope scope, Object state, Boolean isCompleted)
   at Microsoft.AspNetCore.Mvc.Infrastructure.ControllerActionInvoker.Rethrow(ActionExecutedContextSealed context)
   at Microsoft.AspNetCore.Mvc.Infrastructure.ControllerActionInvoker.Next(State& next, Scope& scope, Object& state, Boolean& isCompleted)
   at Microsoft.AspNetCore.Mvc.Infrastructure.ControllerActionInvoker.<InvokeInnerFilterAsync>g__Awaited|13_0(ControllerActionInvoker invoker, Task lastTask, State next, Scope scope, Object state, Boolean isCompleted)
   at Microsoft.AspNetCore.Mvc.Infrastructure.ResourceInvoker.<InvokeFilterPipelineAsync>g__Awaited|20_0(ResourceInvoker invoker, Task lastTask, State next, Scope scope, Object state, Boolean isCompleted)
   at Microsoft.AspNetCore.Mvc.Infrastructure.ResourceInvoker.<InvokeAsync>g__Awaited|17_0(ResourceInvoker invoker, Task task, IDisposable scope)
   at Microsoft.AspNetCore.Mvc.Infrastructure.ResourceInvoker.<InvokeAsync>g__Awaited|17_0(ResourceInvoker invoker, Task task, IDisposable scope)
   at Microsoft.AspNetCore.Authorization.AuthorizationMiddleware.Invoke(HttpContext context)
   at Microsoft.AspNetCore.Authentication.AuthenticationMiddleware.Invoke(HttpContext context)
   at Swashbuckle.AspNetCore.SwaggerUI.SwaggerUIMiddleware.Invoke(HttpContext httpContext)
   at Swashbuckle.AspNetCore.Swagger.SwaggerMiddleware.Invoke(HttpContext httpContext, ISwaggerProvider swaggerProvider)
   at Serilog.AspNetCore.RequestLoggingMiddleware.Invoke(HttpContext httpContext)
2026-07-10 15:48:20.719 +03:00 [WRN] Request fault 422 on POST /api/attendance/scan: No attendance slot is open at this time.
2026-07-10 15:48:38.128 +03:00 [INF] Expired 1 stale QR token(s); a replacement was pushed to the kiosk.
2026-07-10 15:48:39.240 +03:00 [INF] HTTP GET /api/slots responded 200 in 3.1494 ms
2026-07-10 15:48:58.117 +03:00 [INF] Expired 1 stale QR token(s); a replacement was pushed to the kiosk.
2026-07-10 15:49:13.129 +03:00 [INF] Expired 1 stale QR token(s); a replacement was pushed to the kiosk.
2026-07-10 15:49:33.133 +03:00 [INF] Expired 1 stale QR token(s); a replacement was pushed to the kiosk.
2026-07-10 15:49:53.128 +03:00 [INF] Expired 1 stale QR token(s); a replacement was pushed to the kiosk.
2026-07-10 15:50:09.417 +03:00 [INF] HTTP POST /api/slots responded 201 in 10.1665 ms
2026-07-10 15:50:09.656 +03:00 [INF] HTTP GET /api/slots responded 200 in 1.9443 ms
2026-07-10 15:50:13.130 +03:00 [INF] Expired 1 stale QR token(s); a replacement was pushed to the kiosk.
2026-07-10 15:50:33.138 +03:00 [INF] Expired 1 stale QR token(s); a replacement was pushed to the kiosk.
2026-07-10 15:50:33.989 +03:00 [INF] QR scan attempt: StaffId=1 Token=94f4bd2b… Outcome="Success" Ip=127.0.0.1
2026-07-10 15:50:33.996 +03:00 [ERR] HTTP POST /api/attendance/scan responded 500 in 25.8590 ms
Attendance.Application.Exceptions.OutsideScheduleException: No attendance slot is open at this time.
   at Attendance.Application.Services.AttendanceService.RecordAttendanceAsync(Int32 staffId, Int32 qrSessionId) in C:\PROJECTS\employer\src\Attendance.Application\Services\AttendanceService.cs:line 58
   at Attendance.Api.Controllers.AttendanceController.Scan(ScanRequestDto request) in C:\PROJECTS\employer\src\Attendance.Api\Controllers\AttendanceController.cs:line 68
   at Microsoft.AspNetCore.Mvc.Infrastructure.ActionMethodExecutor.TaskOfIActionResultExecutor.Execute(ActionContext actionContext, IActionResultTypeMapper mapper, ObjectMethodExecutor executor, Object controller, Object[] arguments)
   at Microsoft.AspNetCore.Mvc.Infrastructure.ControllerActionInvoker.<InvokeActionMethodAsync>g__Awaited|12_0(ControllerActionInvoker invoker, ValueTask`1 actionResultValueTask)
   at Microsoft.AspNetCore.Mvc.Infrastructure.ControllerActionInvoker.<InvokeNextActionFilterAsync>g__Awaited|10_0(ControllerActionInvoker invoker, Task lastTask, State next, Scope scope, Object state, Boolean isCompleted)
   at Microsoft.AspNetCore.Mvc.Infrastructure.ControllerActionInvoker.Rethrow(ActionExecutedContextSealed context)
   at Microsoft.AspNetCore.Mvc.Infrastructure.ControllerActionInvoker.Next(State& next, Scope& scope, Object& state, Boolean& isCompleted)
   at Microsoft.AspNetCore.Mvc.Infrastructure.ControllerActionInvoker.<InvokeInnerFilterAsync>g__Awaited|13_0(ControllerActionInvoker invoker, Task lastTask, State next, Scope scope, Object state, Boolean isCompleted)
   at Microsoft.AspNetCore.Mvc.Infrastructure.ResourceInvoker.<InvokeFilterPipelineAsync>g__Awaited|20_0(ResourceInvoker invoker, Task lastTask, State next, Scope scope, Object state, Boolean isCompleted)
   at Microsoft.AspNetCore.Mvc.Infrastructure.ResourceInvoker.<InvokeAsync>g__Awaited|17_0(ResourceInvoker invoker, Task task, IDisposable scope)
   at Microsoft.AspNetCore.Mvc.Infrastructure.ResourceInvoker.<InvokeAsync>g__Awaited|17_0(ResourceInvoker invoker, Task task, IDisposable scope)
   at Microsoft.AspNetCore.Authorization.AuthorizationMiddleware.Invoke(HttpContext context)
   at Microsoft.AspNetCore.Authentication.AuthenticationMiddleware.Invoke(HttpContext context)
   at Swashbuckle.AspNetCore.SwaggerUI.SwaggerUIMiddleware.Invoke(HttpContext httpContext)
   at Swashbuckle.AspNetCore.Swagger.SwaggerMiddleware.Invoke(HttpContext httpContext, ISwaggerProvider swaggerProvider)
   at Serilog.AspNetCore.RequestLoggingMiddleware.Invoke(HttpContext httpContext)
2026-07-10 15:50:34.002 +03:00 [WRN] Request fault 422 on POST /api/attendance/scan: No attendance slot is open at this time.
2026-07-10 15:50:53.130 +03:00 [INF] Expired 1 stale QR token(s); a replacement was pushed to the kiosk.
2026-07-10 15:51:13.130 +03:00 [INF] Expired 1 stale QR token(s); a replacement was pushed to the kiosk.
2026-07-10 15:51:33.128 +03:00 [INF] Expired 1 stale QR token(s); a replacement was pushed to the kiosk.
2026-07-10 15:51:53.176 +03:00 [INF] Expired 1 stale QR token(s); a replacement was pushed to the kiosk.
2026-07-10 15:52:13.111 +03:00 [INF] Expired 1 stale QR token(s); a replacement was pushed to the kiosk.
2026-07-10 15:52:28.123 +03:00 [INF] Expired 1 stale QR token(s); a replacement was pushed to the kiosk.
2026-07-10 15:52:48.130 +03:00 [INF] Expired 1 stale QR token(s); a replacement was pushed to the kiosk.
2026-07-10 15:53:08.127 +03:00 [INF] Expired 1 stale QR token(s); a replacement was pushed to the kiosk.
2026-07-10 15:53:28.122 +03:00 [INF] Expired 1 stale QR token(s); a replacement was pushed to the kiosk.
2026-07-10 15:53:48.126 +03:00 [INF] Expired 1 stale QR token(s); a replacement was pushed to the kiosk.
2026-07-10 15:54:08.131 +03:00 [INF] Expired 1 stale QR token(s); a replacement was pushed to the kiosk.
2026-07-10 15:54:28.124 +03:00 [INF] Expired 1 stale QR token(s); a replacement was pushed to the kiosk.
2026-07-10 15:54:48.130 +03:00 [INF] Expired 1 stale QR token(s); a replacement was pushed to the kiosk.
2026-07-10 15:55:08.125 +03:00 [INF] Expired 1 stale QR token(s); a replacement was pushed to the kiosk.
2026-07-10 15:55:28.122 +03:00 [INF] Expired 1 stale QR token(s); a replacement was pushed to the kiosk.
2026-07-10 15:55:48.123 +03:00 [INF] Expired 1 stale QR token(s); a replacement was pushed to the kiosk.
2026-07-10 15:56:03.137 +03:00 [INF] Expired 1 stale QR token(s); a replacement was pushed to the kiosk.
2026-07-10 15:56:23.113 +03:00 [INF] Expired 1 stale QR token(s); a replacement was pushed to the kiosk.
2026-07-10 15:56:38.126 +03:00 [INF] Expired 1 stale QR token(s); a replacement was pushed to the kiosk.
2026-07-10 15:56:58.120 +03:00 [INF] Expired 1 stale QR token(s); a replacement was pushed to the kiosk.
2026-07-10 15:57:13.133 +03:00 [INF] Expired 1 stale QR token(s); a replacement was pushed to the kiosk.
2026-07-10 15:57:33.129 +03:00 [INF] Expired 1 stale QR token(s); a replacement was pushed to the kiosk.
2026-07-10 15:57:53.125 +03:00 [INF] Expired 1 stale QR token(s); a replacement was pushed to the kiosk.
2026-07-10 15:58:13.130 +03:00 [INF] Expired 1 stale QR token(s); a replacement was pushed to the kiosk.
2026-07-10 15:58:33.127 +03:00 [INF] Expired 1 stale QR token(s); a replacement was pushed to the kiosk.
2026-07-10 15:58:53.126 +03:00 [INF] Expired 1 stale QR token(s); a replacement was pushed to the kiosk.
2026-07-10 15:59:13.128 +03:00 [INF] Expired 1 stale QR token(s); a replacement was pushed to the kiosk.
2026-07-10 15:59:33.131 +03:00 [INF] Expired 1 stale QR token(s); a replacement was pushed to the kiosk.
2026-07-10 15:59:53.115 +03:00 [INF] Expired 1 stale QR token(s); a replacement was pushed to the kiosk.
2026-07-10 16:00:13.127 +03:00 [INF] Expired 1 stale QR token(s); a replacement was pushed to the kiosk.
2026-07-10 16:00:33.126 +03:00 [INF] Expired 1 stale QR token(s); a replacement was pushed to the kiosk.
2026-07-10 16:00:53.361 +03:00 [INF] Expired 1 stale QR token(s); a replacement was pushed to the kiosk.
2026-07-10 16:01:13.119 +03:00 [INF] Expired 1 stale QR token(s); a replacement was pushed to the kiosk.
2026-07-10 16:01:33.129 +03:00 [INF] Expired 1 stale QR token(s); a replacement was pushed to the kiosk.
2026-07-10 16:01:53.113 +03:00 [INF] Expired 1 stale QR token(s); a replacement was pushed to the kiosk.
2026-07-10 16:02:08.131 +03:00 [INF] Expired 1 stale QR token(s); a replacement was pushed to the kiosk.
2026-07-10 16:02:28.129 +03:00 [INF] Expired 1 stale QR token(s); a replacement was pushed to the kiosk.
2026-07-10 16:02:48.128 +03:00 [INF] Expired 1 stale QR token(s); a replacement was pushed to the kiosk.
2026-07-10 16:03:08.123 +03:00 [INF] Expired 1 stale QR token(s); a replacement was pushed to the kiosk.
2026-07-10 16:03:28.118 +03:00 [INF] Expired 1 stale QR token(s); a replacement was pushed to the kiosk.
2026-07-10 16:03:43.134 +03:00 [INF] Expired 1 stale QR token(s); a replacement was pushed to the kiosk.
2026-07-10 16:04:03.115 +03:00 [INF] Expired 1 stale QR token(s); a replacement was pushed to the kiosk.
2026-07-10 16:04:18.130 +03:00 [INF] Expired 1 stale QR token(s); a replacement was pushed to the kiosk.
2026-07-10 16:04:38.121 +03:00 [INF] Expired 1 stale QR token(s); a replacement was pushed to the kiosk.
2026-07-10 16:04:58.130 +03:00 [INF] Expired 1 stale QR token(s); a replacement was pushed to the kiosk.
2026-07-10 16:05:18.121 +03:00 [INF] Expired 1 stale QR token(s); a replacement was pushed to the kiosk.
2026-07-10 16:05:38.115 +03:00 [INF] Expired 1 stale QR token(s); a replacement was pushed to the kiosk.
2026-07-10 16:05:58.121 +03:00 [INF] Expired 1 stale QR token(s); a replacement was pushed to the kiosk.
2026-07-10 16:06:18.121 +03:00 [INF] Expired 1 stale QR token(s); a replacement was pushed to the kiosk.
2026-07-10 16:06:38.116 +03:00 [INF] Expired 1 stale QR token(s); a replacement was pushed to the kiosk.
2026-07-10 16:06:49.708 +03:00 [INF] HTTP GET /api/slots responded 401 in 0.3995 ms
2026-07-10 16:06:53.129 +03:00 [INF] Expired 1 stale QR token(s); a replacement was pushed to the kiosk.
2026-07-10 16:07:04.301 +03:00 [INF] HTTP POST /api/auth/login responded 200 in 125.2586 ms
2026-07-10 16:07:04.495 +03:00 [INF] HTTP GET /api/staff responded 200 in 11.8568 ms
2026-07-10 16:07:13.121 +03:00 [INF] Expired 1 stale QR token(s); a replacement was pushed to the kiosk.
2026-07-10 16:07:33.132 +03:00 [INF] Expired 1 stale QR token(s); a replacement was pushed to the kiosk.
2026-07-10 16:07:40.408 +03:00 [INF] HTTP GET /api/staff/15 responded 200 in 7.0289 ms
2026-07-10 16:07:40.650 +03:00 [INF] HTTP GET /staff-photos/EMP-0015/EMP-0015.png responded 200 in 1.0909 ms
2026-07-10 16:07:42.975 +03:00 [INF] HTTP GET /api/staff responded 200 in 2.2678 ms
2026-07-10 16:07:44.994 +03:00 [INF] HTTP GET /api/staff/12 responded 200 in 2.8510 ms
2026-07-10 16:07:45.637 +03:00 [INF] HTTP GET /staff-photos/EMP-0012/EMP-0012.png responded 200 in 1.1841 ms
2026-07-10 16:07:53.128 +03:00 [INF] Expired 1 stale QR token(s); a replacement was pushed to the kiosk.
2026-07-10 16:07:59.174 +03:00 [INF] HTTP GET /api/staff responded 200 in 2.2903 ms
2026-07-10 16:08:13.133 +03:00 [INF] Expired 1 stale QR token(s); a replacement was pushed to the kiosk.
2026-07-10 16:08:33.126 +03:00 [INF] Expired 1 stale QR token(s); a replacement was pushed to the kiosk.
2026-07-10 16:08:53.127 +03:00 [INF] Expired 1 stale QR token(s); a replacement was pushed to the kiosk.
2026-07-10 16:09:13.141 +03:00 [INF] Expired 1 stale QR token(s); a replacement was pushed to the kiosk.
2026-07-10 16:09:33.128 +03:00 [INF] Expired 1 stale QR token(s); a replacement was pushed to the kiosk.
2026-07-10 16:09:53.116 +03:00 [INF] Expired 1 stale QR token(s); a replacement was pushed to the kiosk.
2026-07-10 16:10:08.122 +03:00 [INF] Expired 1 stale QR token(s); a replacement was pushed to the kiosk.
2026-07-10 16:10:28.124 +03:00 [INF] Expired 1 stale QR token(s); a replacement was pushed to the kiosk.
2026-07-10 16:10:48.122 +03:00 [INF] Expired 1 stale QR token(s); a replacement was pushed to the kiosk.
2026-07-10 16:11:08.128 +03:00 [INF] Expired 1 stale QR token(s); a replacement was pushed to the kiosk.
2026-07-10 16:11:28.126 +03:00 [INF] Expired 1 stale QR token(s); a replacement was pushed to the kiosk.
2026-07-10 16:11:48.115 +03:00 [INF] Expired 1 stale QR token(s); a replacement was pushed to the kiosk.
2026-07-10 16:12:03.128 +03:00 [INF] Expired 1 stale QR token(s); a replacement was pushed to the kiosk.
2026-07-10 16:12:23.114 +03:00 [INF] Expired 1 stale QR token(s); a replacement was pushed to the kiosk.
2026-07-10 16:12:43.125 +03:00 [INF] Expired 1 stale QR token(s); a replacement was pushed to the kiosk.
2026-07-10 16:13:03.129 +03:00 [INF] Expired 1 stale QR token(s); a replacement was pushed to the kiosk.
2026-07-10 16:13:23.121 +03:00 [INF] Expired 1 stale QR token(s); a replacement was pushed to the kiosk.
2026-07-10 16:13:38.134 +03:00 [INF] Expired 1 stale QR token(s); a replacement was pushed to the kiosk.
2026-07-10 16:13:58.123 +03:00 [INF] Expired 1 stale QR token(s); a replacement was pushed to the kiosk.
2026-07-10 16:14:18.121 +03:00 [INF] Expired 1 stale QR token(s); a replacement was pushed to the kiosk.
2026-07-10 16:14:38.116 +03:00 [INF] Expired 1 stale QR token(s); a replacement was pushed to the kiosk.
2026-07-10 16:14:58.128 +03:00 [INF] Expired 1 stale QR token(s); a replacement was pushed to the kiosk.
2026-07-10 16:15:18.129 +03:00 [INF] Expired 1 stale QR token(s); a replacement was pushed to the kiosk.
2026-07-10 16:15:38.126 +03:00 [INF] Expired 1 stale QR token(s); a replacement was pushed to the kiosk.
2026-07-10 16:15:58.130 +03:00 [INF] Expired 1 stale QR token(s); a replacement was pushed to the kiosk.
2026-07-10 16:16:18.113 +03:00 [INF] Expired 1 stale QR token(s); a replacement was pushed to the kiosk.
2026-07-10 16:16:33.118 +03:00 [INF] Expired 1 stale QR token(s); a replacement was pushed to the kiosk.
2026-07-10 16:16:48.121 +03:00 [INF] Expired 1 stale QR token(s); a replacement was pushed to the kiosk.
2026-07-10 16:17:08.126 +03:00 [INF] Expired 1 stale QR token(s); a replacement was pushed to the kiosk.
2026-07-10 16:17:28.123 +03:00 [INF] Expired 1 stale QR token(s); a replacement was pushed to the kiosk.
2026-07-10 16:17:48.129 +03:00 [INF] Expired 1 stale QR token(s); a replacement was pushed to the kiosk.
2026-07-10 16:18:08.129 +03:00 [INF] Expired 1 stale QR token(s); a replacement was pushed to the kiosk.
2026-07-10 16:18:14.967 +03:00 [INF] HTTP GET /api/reports/daily responded 200 in 13.7379 ms
2026-07-10 16:18:16.719 +03:00 [INF] HTTP GET /api/slots responded 200 in 5.8243 ms
2026-07-10 16:18:19.293 +03:00 [INF] HTTP GET /api/reports/daily responded 200 in 2.8477 ms
2026-07-10 16:18:21.131 +03:00 [INF] HTTP GET /api/slots responded 200 in 2.5879 ms
2026-07-10 16:18:28.116 +03:00 [INF] Expired 1 stale QR token(s); a replacement was pushed to the kiosk.
2026-07-10 16:18:28.531 +03:00 [INF] HTTP GET /api/staff responded 200 in 10.2043 ms
2026-07-10 16:18:36.014 +03:00 [INF] HTTP GET /api/departments responded 200 in 30.0614 ms
2026-07-10 16:18:43.126 +03:00 [INF] Expired 1 stale QR token(s); a replacement was pushed to the kiosk.
2026-07-10 16:19:03.138 +03:00 [INF] Expired 1 stale QR token(s); a replacement was pushed to the kiosk.
2026-07-10 16:19:23.124 +03:00 [INF] Expired 1 stale QR token(s); a replacement was pushed to the kiosk.
2026-07-10 16:19:43.126 +03:00 [INF] Expired 1 stale QR token(s); a replacement was pushed to the kiosk.
2026-07-10 16:20:03.121 +03:00 [INF] Expired 1 stale QR token(s); a replacement was pushed to the kiosk.
2026-07-10 16:20:03.662 +03:00 [WRN] Savepoints are disabled because Multiple Active Result Sets (MARS) is enabled. If 'SaveChanges' fails, then the transaction cannot be automatically rolled back to a known clean state. Instead, the transaction should be rolled back by the application before retrying 'SaveChanges'. See https://go.microsoft.com/fwlink/?linkid=2149338 for more information and examples. To identify the code which triggers this warning, call 'ConfigureWarnings(w => w.Throw(SqlServerEventId.SavepointsDisabledBecauseOfMARS))'.
2026-07-10 16:20:03.840 +03:00 [WRN] Savepoints are disabled because Multiple Active Result Sets (MARS) is enabled. If 'SaveChanges' fails, then the transaction cannot be automatically rolled back to a known clean state. Instead, the transaction should be rolled back by the application before retrying 'SaveChanges'. See https://go.microsoft.com/fwlink/?linkid=2149338 for more information and examples. To identify the code which triggers this warning, call 'ConfigureWarnings(w => w.Throw(SqlServerEventId.SavepointsDisabledBecauseOfMARS))'.
2026-07-10 16:20:03.933 +03:00 [WRN] Savepoints are disabled because Multiple Active Result Sets (MARS) is enabled. If 'SaveChanges' fails, then the transaction cannot be automatically rolled back to a known clean state. Instead, the transaction should be rolled back by the application before retrying 'SaveChanges'. See https://go.microsoft.com/fwlink/?linkid=2149338 for more information and examples. To identify the code which triggers this warning, call 'ConfigureWarnings(w => w.Throw(SqlServerEventId.SavepointsDisabledBecauseOfMARS))'.
2026-07-10 16:20:03.962 +03:00 [INF] HTTP POST /api/staff responded 201 in 483.4481 ms
2026-07-10 16:20:04.005 +03:00 [INF] HTTP GET /api/staff/16 responded 200 in 8.1452 ms
2026-07-10 16:20:04.658 +03:00 [INF] HTTP GET /staff-photos/EMP-0016/EMP-0016.png responded 200 in 11.8066 ms
2026-07-10 16:20:10.313 +03:00 [INF] HTTP GET /api/staff responded 200 in 13.4427 ms
2026-07-10 16:20:18.130 +03:00 [INF] Expired 1 stale QR token(s); a replacement was pushed to the kiosk.
2026-07-10 16:20:21.401 +03:00 [INF] HTTP GET /api/slots responded 200 in 6.3262 ms
2026-07-10 16:20:38.118 +03:00 [INF] Expired 1 stale QR token(s); a replacement was pushed to the kiosk.
2026-07-10 16:20:58.127 +03:00 [INF] Expired 1 stale QR token(s); a replacement was pushed to the kiosk.
2026-07-10 16:21:18.136 +03:00 [INF] Expired 1 stale QR token(s); a replacement was pushed to the kiosk.
2026-07-10 16:21:38.116 +03:00 [INF] Expired 1 stale QR token(s); a replacement was pushed to the kiosk.
2026-07-10 16:21:53.126 +03:00 [INF] Expired 1 stale QR token(s); a replacement was pushed to the kiosk.
2026-07-10 16:22:13.121 +03:00 [INF] Expired 1 stale QR token(s); a replacement was pushed to the kiosk.
2026-07-10 16:22:28.135 +03:00 [INF] Expired 1 stale QR token(s); a replacement was pushed to the kiosk.
2026-07-10 16:22:48.119 +03:00 [INF] Expired 1 stale QR token(s); a replacement was pushed to the kiosk.
2026-07-10 16:23:08.120 +03:00 [INF] Expired 1 stale QR token(s); a replacement was pushed to the kiosk.
2026-07-10 16:23:28.120 +03:00 [INF] Expired 1 stale QR token(s); a replacement was pushed to the kiosk.
2026-07-10 16:23:43.130 +03:00 [INF] Expired 1 stale QR token(s); a replacement was pushed to the kiosk.
2026-07-10 16:23:59.950 +03:00 [INF] HTTP GET /api/reports/daily responded 401 in 0.4171 ms
2026-07-10 16:24:03.128 +03:00 [INF] Expired 1 stale QR token(s); a replacement was pushed to the kiosk.
2026-07-10 16:24:15.007 +03:00 [INF] HTTP POST /api/auth/login responded 200 in 107.3123 ms
2026-07-10 16:24:15.666 +03:00 [INF] HTTP GET /api/staff responded 200 in 8.7848 ms
2026-07-10 16:24:16.953 +03:00 [INF] HTTP GET /api/slots responded 200 in 3.8854 ms
2026-07-10 16:24:22.108 +03:00 [INF] HTTP GET /api/staff responded 200 in 2.5421 ms
2026-07-10 16:24:23.120 +03:00 [INF] Expired 1 stale QR token(s); a replacement was pushed to the kiosk.
2026-07-10 16:24:38.133 +03:00 [INF] Expired 1 stale QR token(s); a replacement was pushed to the kiosk.
2026-07-10 16:24:58.125 +03:00 [INF] Expired 1 stale QR token(s); a replacement was pushed to the kiosk.
2026-07-10 16:25:18.117 +03:00 [INF] Expired 1 stale QR token(s); a replacement was pushed to the kiosk.
2026-07-10 16:25:33.127 +03:00 [INF] Expired 1 stale QR token(s); a replacement was pushed to the kiosk.
2026-07-10 16:25:35.374 +03:00 [INF] HTTP POST /api/auth/login responded 200 in 138.5663 ms
2026-07-10 16:25:41.795 +03:00 [INF] QR scan attempt: StaffId=16 Token=9ccc0ada… Outcome="Success" Ip=127.0.0.1
2026-07-10 16:25:41.801 +03:00 [ERR] HTTP POST /api/attendance/scan responded 500 in 25.0456 ms
Attendance.Application.Exceptions.OutsideScheduleException: No attendance slot is open at this time.
   at Attendance.Application.Services.AttendanceService.RecordAttendanceAsync(Int32 staffId, Int32 qrSessionId) in C:\PROJECTS\employer\src\Attendance.Application\Services\AttendanceService.cs:line 58
   at Attendance.Api.Controllers.AttendanceController.Scan(ScanRequestDto request) in C:\PROJECTS\employer\src\Attendance.Api\Controllers\AttendanceController.cs:line 68
   at Microsoft.AspNetCore.Mvc.Infrastructure.ActionMethodExecutor.TaskOfIActionResultExecutor.Execute(ActionContext actionContext, IActionResultTypeMapper mapper, ObjectMethodExecutor executor, Object controller, Object[] arguments)
   at Microsoft.AspNetCore.Mvc.Infrastructure.ControllerActionInvoker.<InvokeActionMethodAsync>g__Awaited|12_0(ControllerActionInvoker invoker, ValueTask`1 actionResultValueTask)
   at Microsoft.AspNetCore.Mvc.Infrastructure.ControllerActionInvoker.<InvokeNextActionFilterAsync>g__Awaited|10_0(ControllerActionInvoker invoker, Task lastTask, State next, Scope scope, Object state, Boolean isCompleted)
   at Microsoft.AspNetCore.Mvc.Infrastructure.ControllerActionInvoker.Rethrow(ActionExecutedContextSealed context)
   at Microsoft.AspNetCore.Mvc.Infrastructure.ControllerActionInvoker.Next(State& next, Scope& scope, Object& state, Boolean& isCompleted)
   at Microsoft.AspNetCore.Mvc.Infrastructure.ControllerActionInvoker.<InvokeInnerFilterAsync>g__Awaited|13_0(ControllerActionInvoker invoker, Task lastTask, State next, Scope scope, Object state, Boolean isCompleted)
   at Microsoft.AspNetCore.Mvc.Infrastructure.ResourceInvoker.<InvokeFilterPipelineAsync>g__Awaited|20_0(ResourceInvoker invoker, Task lastTask, State next, Scope scope, Object state, Boolean isCompleted)
   at Microsoft.AspNetCore.Mvc.Infrastructure.ResourceInvoker.<InvokeAsync>g__Awaited|17_0(ResourceInvoker invoker, Task task, IDisposable scope)
   at Microsoft.AspNetCore.Mvc.Infrastructure.ResourceInvoker.<InvokeAsync>g__Awaited|17_0(ResourceInvoker invoker, Task task, IDisposable scope)
   at Microsoft.AspNetCore.Authorization.AuthorizationMiddleware.Invoke(HttpContext context)
   at Microsoft.AspNetCore.Authentication.AuthenticationMiddleware.Invoke(HttpContext context)
   at Swashbuckle.AspNetCore.SwaggerUI.SwaggerUIMiddleware.Invoke(HttpContext httpContext)
   at Swashbuckle.AspNetCore.Swagger.SwaggerMiddleware.Invoke(HttpContext httpContext, ISwaggerProvider swaggerProvider)
   at Serilog.AspNetCore.RequestLoggingMiddleware.Invoke(HttpContext httpContext)
2026-07-10 16:25:41.808 +03:00 [WRN] Request fault 422 on POST /api/attendance/scan: No attendance slot is open at this time.
2026-07-10 16:25:58.125 +03:00 [INF] Expired 1 stale QR token(s); a replacement was pushed to the kiosk.
2026-07-10 16:26:18.121 +03:00 [INF] Expired 1 stale QR token(s); a replacement was pushed to the kiosk.
2026-07-10 16:26:38.129 +03:00 [INF] Expired 1 stale QR token(s); a replacement was pushed to the kiosk.
2026-07-10 16:26:58.124 +03:00 [INF] Expired 1 stale QR token(s); a replacement was pushed to the kiosk.
2026-07-10 16:27:18.199 +03:00 [INF] Expired 1 stale QR token(s); a replacement was pushed to the kiosk.
2026-07-10 16:27:38.127 +03:00 [INF] Expired 1 stale QR token(s); a replacement was pushed to the kiosk.
2026-07-10 16:27:58.134 +03:00 [INF] Expired 1 stale QR token(s); a replacement was pushed to the kiosk.
2026-07-10 16:28:18.118 +03:00 [INF] Expired 1 stale QR token(s); a replacement was pushed to the kiosk.
2026-07-10 16:28:33.123 +03:00 [INF] Expired 1 stale QR token(s); a replacement was pushed to the kiosk.
2026-07-10 16:28:53.127 +03:00 [INF] Expired 1 stale QR token(s); a replacement was pushed to the kiosk.
2026-07-10 16:29:13.115 +03:00 [INF] Expired 1 stale QR token(s); a replacement was pushed to the kiosk.
2026-07-10 16:29:28.119 +03:00 [INF] Expired 1 stale QR token(s); a replacement was pushed to the kiosk.
2026-07-10 16:29:43.129 +03:00 [INF] Expired 1 stale QR token(s); a replacement was pushed to the kiosk.
2026-07-10 16:30:03.137 +03:00 [INF] Expired 1 stale QR token(s); a replacement was pushed to the kiosk.
2026-07-10 16:30:23.119 +03:00 [INF] Expired 1 stale QR token(s); a replacement was pushed to the kiosk.
2026-07-10 16:30:43.129 +03:00 [INF] Expired 1 stale QR token(s); a replacement was pushed to the kiosk.
2026-07-10 16:31:03.117 +03:00 [INF] Expired 1 stale QR token(s); a replacement was pushed to the kiosk.
2026-07-10 16:31:18.129 +03:00 [INF] Expired 1 stale QR token(s); a replacement was pushed to the kiosk.
2026-07-10 16:31:38.366 +03:00 [INF] Expired 1 stale QR token(s); a replacement was pushed to the kiosk.
2026-07-10 16:31:58.116 +03:00 [INF] Expired 1 stale QR token(s); a replacement was pushed to the kiosk.
2026-07-10 16:32:13.131 +03:00 [INF] Expired 1 stale QR token(s); a replacement was pushed to the kiosk.
2026-07-10 16:32:33.131 +03:00 [INF] Expired 1 stale QR token(s); a replacement was pushed to the kiosk.
2026-07-10 16:32:43.240 +03:00 [INF] HTTP GET /api/slots responded 200 in 3.9858 ms
2026-07-10 16:32:53.126 +03:00 [INF] Expired 1 stale QR token(s); a replacement was pushed to the kiosk.
2026-07-10 16:32:59.926 +03:00 [INF] HTTP DELETE /api/slots/11/permanent responded 204 in 14.2363 ms
2026-07-10 16:33:00.568 +03:00 [INF] HTTP GET /api/slots responded 200 in 1.9867 ms
2026-07-10 16:33:02.747 +03:00 [ERR] HTTP DELETE /api/slots/1/permanent responded 500 in 2.2670 ms
Attendance.Application.Exceptions.SlotInUseException: Cannot delete 'MorningIn': 5 attendance record(s) reference this slot. Deactivate it instead.
   at Attendance.Application.Services.SlotConfigService.DeleteSlotAsync(Int32 slotId) in C:\PROJECTS\employer\src\Attendance.Application\Services\SlotConfigService.cs:line 66
   at Attendance.Api.Controllers.SlotConfigController.Delete(Int32 id) in C:\PROJECTS\employer\src\Attendance.Api\Controllers\SlotConfigController.cs:line 68
   at Microsoft.AspNetCore.Mvc.Infrastructure.ActionMethodExecutor.TaskOfIActionResultExecutor.Execute(ActionContext actionContext, IActionResultTypeMapper mapper, ObjectMethodExecutor executor, Object controller, Object[] arguments)
   at Microsoft.AspNetCore.Mvc.Infrastructure.ControllerActionInvoker.<InvokeActionMethodAsync>g__Awaited|12_0(ControllerActionInvoker invoker, ValueTask`1 actionResultValueTask)
   at Microsoft.AspNetCore.Mvc.Infrastructure.ControllerActionInvoker.<InvokeNextActionFilterAsync>g__Awaited|10_0(ControllerActionInvoker invoker, Task lastTask, State next, Scope scope, Object state, Boolean isCompleted)
   at Microsoft.AspNetCore.Mvc.Infrastructure.ControllerActionInvoker.Rethrow(ActionExecutedContextSealed context)
   at Microsoft.AspNetCore.Mvc.Infrastructure.ControllerActionInvoker.Next(State& next, Scope& scope, Object& state, Boolean& isCompleted)
   at Microsoft.AspNetCore.Mvc.Infrastructure.ControllerActionInvoker.<InvokeInnerFilterAsync>g__Awaited|13_0(ControllerActionInvoker invoker, Task lastTask, State next, Scope scope, Object state, Boolean isCompleted)
   at Microsoft.AspNetCore.Mvc.Infrastructure.ResourceInvoker.<InvokeFilterPipelineAsync>g__Awaited|20_0(ResourceInvoker invoker, Task lastTask, State next, Scope scope, Object state, Boolean isCompleted)
   at Microsoft.AspNetCore.Mvc.Infrastructure.ResourceInvoker.<InvokeAsync>g__Awaited|17_0(ResourceInvoker invoker, Task task, IDisposable scope)
   at Microsoft.AspNetCore.Mvc.Infrastructure.ResourceInvoker.<InvokeAsync>g__Awaited|17_0(ResourceInvoker invoker, Task task, IDisposable scope)
   at Microsoft.AspNetCore.Authorization.AuthorizationMiddleware.Invoke(HttpContext context)
   at Microsoft.AspNetCore.Authentication.AuthenticationMiddleware.Invoke(HttpContext context)
   at Swashbuckle.AspNetCore.SwaggerUI.SwaggerUIMiddleware.Invoke(HttpContext httpContext)
   at Swashbuckle.AspNetCore.Swagger.SwaggerMiddleware.Invoke(HttpContext httpContext, ISwaggerProvider swaggerProvider)
   at Serilog.AspNetCore.RequestLoggingMiddleware.Invoke(HttpContext httpContext)
2026-07-10 16:33:02.752 +03:00 [WRN] Request fault 409 on DELETE /api/slots/1/permanent: Cannot delete 'MorningIn': 5 attendance record(s) reference this slot. Deactivate it instead.
2026-07-10 16:33:09.678 +03:00 [ERR] HTTP DELETE /api/slots/1/permanent responded 500 in 2.7536 ms
Attendance.Application.Exceptions.SlotInUseException: Cannot delete 'MorningIn': 5 attendance record(s) reference this slot. Deactivate it instead.
   at Attendance.Application.Services.SlotConfigService.DeleteSlotAsync(Int32 slotId) in C:\PROJECTS\employer\src\Attendance.Application\Services\SlotConfigService.cs:line 66
   at Attendance.Api.Controllers.SlotConfigController.Delete(Int32 id) in C:\PROJECTS\employer\src\Attendance.Api\Controllers\SlotConfigController.cs:line 68
   at Microsoft.AspNetCore.Mvc.Infrastructure.ActionMethodExecutor.TaskOfIActionResultExecutor.Execute(ActionContext actionContext, IActionResultTypeMapper mapper, ObjectMethodExecutor executor, Object controller, Object[] arguments)
   at Microsoft.AspNetCore.Mvc.Infrastructure.ControllerActionInvoker.<InvokeActionMethodAsync>g__Awaited|12_0(ControllerActionInvoker invoker, ValueTask`1 actionResultValueTask)
   at Microsoft.AspNetCore.Mvc.Infrastructure.ControllerActionInvoker.<InvokeNextActionFilterAsync>g__Awaited|10_0(ControllerActionInvoker invoker, Task lastTask, State next, Scope scope, Object state, Boolean isCompleted)
   at Microsoft.AspNetCore.Mvc.Infrastructure.ControllerActionInvoker.Rethrow(ActionExecutedContextSealed context)
   at Microsoft.AspNetCore.Mvc.Infrastructure.ControllerActionInvoker.Next(State& next, Scope& scope, Object& state, Boolean& isCompleted)
   at Microsoft.AspNetCore.Mvc.Infrastructure.ControllerActionInvoker.<InvokeInnerFilterAsync>g__Awaited|13_0(ControllerActionInvoker invoker, Task lastTask, State next, Scope scope, Object state, Boolean isCompleted)
   at Microsoft.AspNetCore.Mvc.Infrastructure.ResourceInvoker.<InvokeFilterPipelineAsync>g__Awaited|20_0(ResourceInvoker invoker, Task lastTask, State next, Scope scope, Object state, Boolean isCompleted)
   at Microsoft.AspNetCore.Mvc.Infrastructure.ResourceInvoker.<InvokeAsync>g__Awaited|17_0(ResourceInvoker invoker, Task task, IDisposable scope)
   at Microsoft.AspNetCore.Mvc.Infrastructure.ResourceInvoker.<InvokeAsync>g__Awaited|17_0(ResourceInvoker invoker, Task task, IDisposable scope)
   at Microsoft.AspNetCore.Authorization.AuthorizationMiddleware.Invoke(HttpContext context)
   at Microsoft.AspNetCore.Authentication.AuthenticationMiddleware.Invoke(HttpContext context)
   at Swashbuckle.AspNetCore.SwaggerUI.SwaggerUIMiddleware.Invoke(HttpContext httpContext)
   at Swashbuckle.AspNetCore.Swagger.SwaggerMiddleware.Invoke(HttpContext httpContext, ISwaggerProvider swaggerProvider)
   at Serilog.AspNetCore.RequestLoggingMiddleware.Invoke(HttpContext httpContext)
2026-07-10 16:33:09.683 +03:00 [WRN] Request fault 409 on DELETE /api/slots/1/permanent: Cannot delete 'MorningIn': 5 attendance record(s) reference this slot. Deactivate it instead.
2026-07-10 16:33:13.130 +03:00 [INF] Expired 1 stale QR token(s); a replacement was pushed to the kiosk.
2026-07-10 16:33:33.128 +03:00 [INF] Expired 1 stale QR token(s); a replacement was pushed to the kiosk.
2026-07-10 16:33:53.125 +03:00 [INF] Expired 1 stale QR token(s); a replacement was pushed to the kiosk.
2026-07-10 16:34:13.117 +03:00 [INF] Expired 1 stale QR token(s); a replacement was pushed to the kiosk.
2026-07-10 16:34:28.144 +03:00 [INF] Expired 1 stale QR token(s); a replacement was pushed to the kiosk.
2026-07-10 16:34:48.121 +03:00 [INF] Expired 1 stale QR token(s); a replacement was pushed to the kiosk.
2026-07-10 16:34:49.321 +03:00 [ERR] HTTP DELETE /api/slots/1/permanent responded 500 in 5.2578 ms
Attendance.Application.Exceptions.SlotInUseException: Cannot delete 'MorningIn': 5 attendance record(s) reference this slot. Deactivate it instead.
   at Attendance.Application.Services.SlotConfigService.DeleteSlotAsync(Int32 slotId) in C:\PROJECTS\employer\src\Attendance.Application\Services\SlotConfigService.cs:line 66
   at Attendance.Api.Controllers.SlotConfigController.Delete(Int32 id) in C:\PROJECTS\employer\src\Attendance.Api\Controllers\SlotConfigController.cs:line 68
   at Microsoft.AspNetCore.Mvc.Infrastructure.ActionMethodExecutor.TaskOfIActionResultExecutor.Execute(ActionContext actionContext, IActionResultTypeMapper mapper, ObjectMethodExecutor executor, Object controller, Object[] arguments)
   at Microsoft.AspNetCore.Mvc.Infrastructure.ControllerActionInvoker.<InvokeActionMethodAsync>g__Awaited|12_0(ControllerActionInvoker invoker, ValueTask`1 actionResultValueTask)
   at Microsoft.AspNetCore.Mvc.Infrastructure.ControllerActionInvoker.<InvokeNextActionFilterAsync>g__Awaited|10_0(ControllerActionInvoker invoker, Task lastTask, State next, Scope scope, Object state, Boolean isCompleted)
   at Microsoft.AspNetCore.Mvc.Infrastructure.ControllerActionInvoker.Rethrow(ActionExecutedContextSealed context)
   at Microsoft.AspNetCore.Mvc.Infrastructure.ControllerActionInvoker.Next(State& next, Scope& scope, Object& state, Boolean& isCompleted)
   at Microsoft.AspNetCore.Mvc.Infrastructure.ControllerActionInvoker.<InvokeInnerFilterAsync>g__Awaited|13_0(ControllerActionInvoker invoker, Task lastTask, State next, Scope scope, Object state, Boolean isCompleted)
   at Microsoft.AspNetCore.Mvc.Infrastructure.ResourceInvoker.<InvokeFilterPipelineAsync>g__Awaited|20_0(ResourceInvoker invoker, Task lastTask, State next, Scope scope, Object state, Boolean isCompleted)
   at Microsoft.AspNetCore.Mvc.Infrastructure.ResourceInvoker.<InvokeAsync>g__Awaited|17_0(ResourceInvoker invoker, Task task, IDisposable scope)
   at Microsoft.AspNetCore.Mvc.Infrastructure.ResourceInvoker.<InvokeAsync>g__Awaited|17_0(ResourceInvoker invoker, Task task, IDisposable scope)
   at Microsoft.AspNetCore.Authorization.AuthorizationMiddleware.Invoke(HttpContext context)
   at Microsoft.AspNetCore.Authentication.AuthenticationMiddleware.Invoke(HttpContext context)
   at Swashbuckle.AspNetCore.SwaggerUI.SwaggerUIMiddleware.Invoke(HttpContext httpContext)
   at Swashbuckle.AspNetCore.Swagger.SwaggerMiddleware.Invoke(HttpContext httpContext, ISwaggerProvider swaggerProvider)
   at Serilog.AspNetCore.RequestLoggingMiddleware.Invoke(HttpContext httpContext)
2026-07-10 16:34:49.327 +03:00 [WRN] Request fault 409 on DELETE /api/slots/1/permanent: Cannot delete 'MorningIn': 5 attendance record(s) reference this slot. Deactivate it instead.
2026-07-10 16:34:57.319 +03:00 [ERR] HTTP DELETE /api/slots/1/permanent responded 500 in 2.2626 ms
Attendance.Application.Exceptions.SlotInUseException: Cannot delete 'MorningIn': 5 attendance record(s) reference this slot. Deactivate it instead.
   at Attendance.Application.Services.SlotConfigService.DeleteSlotAsync(Int32 slotId) in C:\PROJECTS\employer\src\Attendance.Application\Services\SlotConfigService.cs:line 66
   at Attendance.Api.Controllers.SlotConfigController.Delete(Int32 id) in C:\PROJECTS\employer\src\Attendance.Api\Controllers\SlotConfigController.cs:line 68
   at Microsoft.AspNetCore.Mvc.Infrastructure.ActionMethodExecutor.TaskOfIActionResultExecutor.Execute(ActionContext actionContext, IActionResultTypeMapper mapper, ObjectMethodExecutor executor, Object controller, Object[] arguments)
   at Microsoft.AspNetCore.Mvc.Infrastructure.ControllerActionInvoker.<InvokeActionMethodAsync>g__Awaited|12_0(ControllerActionInvoker invoker, ValueTask`1 actionResultValueTask)
   at Microsoft.AspNetCore.Mvc.Infrastructure.ControllerActionInvoker.<InvokeNextActionFilterAsync>g__Awaited|10_0(ControllerActionInvoker invoker, Task lastTask, State next, Scope scope, Object state, Boolean isCompleted)
   at Microsoft.AspNetCore.Mvc.Infrastructure.ControllerActionInvoker.Rethrow(ActionExecutedContextSealed context)
   at Microsoft.AspNetCore.Mvc.Infrastructure.ControllerActionInvoker.Next(State& next, Scope& scope, Object& state, Boolean& isCompleted)
   at Microsoft.AspNetCore.Mvc.Infrastructure.ControllerActionInvoker.<InvokeInnerFilterAsync>g__Awaited|13_0(ControllerActionInvoker invoker, Task lastTask, State next, Scope scope, Object state, Boolean isCompleted)
   at Microsoft.AspNetCore.Mvc.Infrastructure.ResourceInvoker.<InvokeFilterPipelineAsync>g__Awaited|20_0(ResourceInvoker invoker, Task lastTask, State next, Scope scope, Object state, Boolean isCompleted)
   at Microsoft.AspNetCore.Mvc.Infrastructure.ResourceInvoker.<InvokeAsync>g__Awaited|17_0(ResourceInvoker invoker, Task task, IDisposable scope)
   at Microsoft.AspNetCore.Mvc.Infrastructure.ResourceInvoker.<InvokeAsync>g__Awaited|17_0(ResourceInvoker invoker, Task task, IDisposable scope)
   at Microsoft.AspNetCore.Authorization.AuthorizationMiddleware.Invoke(HttpContext context)
   at Microsoft.AspNetCore.Authentication.AuthenticationMiddleware.Invoke(HttpContext context)
   at Swashbuckle.AspNetCore.SwaggerUI.SwaggerUIMiddleware.Invoke(HttpContext httpContext)
   at Swashbuckle.AspNetCore.Swagger.SwaggerMiddleware.Invoke(HttpContext httpContext, ISwaggerProvider swaggerProvider)
   at Serilog.AspNetCore.RequestLoggingMiddleware.Invoke(HttpContext httpContext)
2026-07-10 16:34:57.325 +03:00 [WRN] Request fault 409 on DELETE /api/slots/1/permanent: Cannot delete 'MorningIn': 5 attendance record(s) reference this slot. Deactivate it instead.
2026-07-10 16:35:01.202 +03:00 [ERR] HTTP DELETE /api/slots/1/permanent responded 500 in 1.7106 ms
Attendance.Application.Exceptions.SlotInUseException: Cannot delete 'MorningIn': 5 attendance record(s) reference this slot. Deactivate it instead.
   at Attendance.Application.Services.SlotConfigService.DeleteSlotAsync(Int32 slotId) in C:\PROJECTS\employer\src\Attendance.Application\Services\SlotConfigService.cs:line 66
   at Attendance.Api.Controllers.SlotConfigController.Delete(Int32 id) in C:\PROJECTS\employer\src\Attendance.Api\Controllers\SlotConfigController.cs:line 68
   at Microsoft.AspNetCore.Mvc.Infrastructure.ActionMethodExecutor.TaskOfIActionResultExecutor.Execute(ActionContext actionContext, IActionResultTypeMapper mapper, ObjectMethodExecutor executor, Object controller, Object[] arguments)
   at Microsoft.AspNetCore.Mvc.Infrastructure.ControllerActionInvoker.<InvokeActionMethodAsync>g__Awaited|12_0(ControllerActionInvoker invoker, ValueTask`1 actionResultValueTask)
   at Microsoft.AspNetCore.Mvc.Infrastructure.ControllerActionInvoker.<InvokeNextActionFilterAsync>g__Awaited|10_0(ControllerActionInvoker invoker, Task lastTask, State next, Scope scope, Object state, Boolean isCompleted)
   at Microsoft.AspNetCore.Mvc.Infrastructure.ControllerActionInvoker.Rethrow(ActionExecutedContextSealed context)
   at Microsoft.AspNetCore.Mvc.Infrastructure.ControllerActionInvoker.Next(State& next, Scope& scope, Object& state, Boolean& isCompleted)
   at Microsoft.AspNetCore.Mvc.Infrastructure.ControllerActionInvoker.<InvokeInnerFilterAsync>g__Awaited|13_0(ControllerActionInvoker invoker, Task lastTask, State next, Scope scope, Object state, Boolean isCompleted)
   at Microsoft.AspNetCore.Mvc.Infrastructure.ResourceInvoker.<InvokeFilterPipelineAsync>g__Awaited|20_0(ResourceInvoker invoker, Task lastTask, State next, Scope scope, Object state, Boolean isCompleted)
   at Microsoft.AspNetCore.Mvc.Infrastructure.ResourceInvoker.<InvokeAsync>g__Awaited|17_0(ResourceInvoker invoker, Task task, IDisposable scope)
   at Microsoft.AspNetCore.Mvc.Infrastructure.ResourceInvoker.<InvokeAsync>g__Awaited|17_0(ResourceInvoker invoker, Task task, IDisposable scope)
   at Microsoft.AspNetCore.Authorization.AuthorizationMiddleware.Invoke(HttpContext context)
   at Microsoft.AspNetCore.Authentication.AuthenticationMiddleware.Invoke(HttpContext context)
   at Swashbuckle.AspNetCore.SwaggerUI.SwaggerUIMiddleware.Invoke(HttpContext httpContext)
   at Swashbuckle.AspNetCore.Swagger.SwaggerMiddleware.Invoke(HttpContext httpContext, ISwaggerProvider swaggerProvider)
   at Serilog.AspNetCore.RequestLoggingMiddleware.Invoke(HttpContext httpContext)
2026-07-10 16:35:01.209 +03:00 [WRN] Request fault 409 on DELETE /api/slots/1/permanent: Cannot delete 'MorningIn': 5 attendance record(s) reference this slot. Deactivate it instead.
2026-07-10 16:35:03.125 +03:00 [INF] Expired 1 stale QR token(s); a replacement was pushed to the kiosk.
2026-07-10 16:35:23.113 +03:00 [INF] Expired 1 stale QR token(s); a replacement was pushed to the kiosk.
2026-07-10 16:35:38.131 +03:00 [INF] Expired 1 stale QR token(s); a replacement was pushed to the kiosk.
2026-07-10 16:35:58.124 +03:00 [INF] Expired 1 stale QR token(s); a replacement was pushed to the kiosk.
2026-07-10 16:36:18.127 +03:00 [INF] Expired 1 stale QR token(s); a replacement was pushed to the kiosk.
2026-07-10 16:36:38.132 +03:00 [INF] Expired 1 stale QR token(s); a replacement was pushed to the kiosk.
2026-07-10 16:36:58.120 +03:00 [INF] Expired 1 stale QR token(s); a replacement was pushed to the kiosk.
2026-07-10 16:37:18.114 +03:00 [INF] Expired 1 stale QR token(s); a replacement was pushed to the kiosk.
2026-07-10 16:37:33.123 +03:00 [INF] Expired 1 stale QR token(s); a replacement was pushed to the kiosk.
2026-07-10 16:37:48.138 +03:00 [INF] Expired 1 stale QR token(s); a replacement was pushed to the kiosk.
2026-07-10 16:38:08.130 +03:00 [INF] Expired 1 stale QR token(s); a replacement was pushed to the kiosk.
2026-07-10 16:38:28.126 +03:00 [INF] Expired 1 stale QR token(s); a replacement was pushed to the kiosk.
2026-07-10 16:38:48.177 +03:00 [INF] Expired 1 stale QR token(s); a replacement was pushed to the kiosk.
2026-07-10 16:39:08.120 +03:00 [INF] Expired 1 stale QR token(s); a replacement was pushed to the kiosk.
2026-07-10 16:39:28.116 +03:00 [INF] Expired 1 stale QR token(s); a replacement was pushed to the kiosk.
2026-07-10 16:39:43.129 +03:00 [INF] Expired 1 stale QR token(s); a replacement was pushed to the kiosk.
2026-07-10 16:40:03.133 +03:00 [INF] Expired 1 stale QR token(s); a replacement was pushed to the kiosk.
2026-07-10 16:40:23.121 +03:00 [INF] Expired 1 stale QR token(s); a replacement was pushed to the kiosk.
2026-07-10 16:40:43.118 +03:00 [INF] Expired 1 stale QR token(s); a replacement was pushed to the kiosk.
2026-07-10 16:41:03.123 +03:00 [INF] Expired 1 stale QR token(s); a replacement was pushed to the kiosk.
2026-07-10 16:41:23.123 +03:00 [INF] Expired 1 stale QR token(s); a replacement was pushed to the kiosk.
2026-07-10 16:41:43.123 +03:00 [INF] Expired 1 stale QR token(s); a replacement was pushed to the kiosk.
2026-07-10 16:42:03.122 +03:00 [INF] Expired 1 stale QR token(s); a replacement was pushed to the kiosk.
2026-07-10 16:42:23.121 +03:00 [INF] Expired 1 stale QR token(s); a replacement was pushed to the kiosk.
2026-07-10 16:42:43.119 +03:00 [INF] Expired 1 stale QR token(s); a replacement was pushed to the kiosk.
2026-07-10 16:43:03.121 +03:00 [INF] Expired 1 stale QR token(s); a replacement was pushed to the kiosk.
2026-07-10 16:43:23.116 +03:00 [INF] Expired 1 stale QR token(s); a replacement was pushed to the kiosk.
2026-07-10 16:43:38.124 +03:00 [INF] Expired 1 stale QR token(s); a replacement was pushed to the kiosk.
2026-07-10 16:43:58.129 +03:00 [INF] Expired 1 stale QR token(s); a replacement was pushed to the kiosk.
2026-07-10 16:44:18.129 +03:00 [INF] Expired 1 stale QR token(s); a replacement was pushed to the kiosk.
2026-07-10 16:44:38.121 +03:00 [INF] Expired 1 stale QR token(s); a replacement was pushed to the kiosk.
2026-07-10 16:44:53.123 +03:00 [INF] Expired 1 stale QR token(s); a replacement was pushed to the kiosk.
2026-07-10 16:45:13.120 +03:00 [INF] Expired 1 stale QR token(s); a replacement was pushed to the kiosk.
2026-07-10 16:45:33.130 +03:00 [INF] Expired 1 stale QR token(s); a replacement was pushed to the kiosk.
2026-07-10 16:45:53.117 +03:00 [INF] Expired 1 stale QR token(s); a replacement was pushed to the kiosk.
2026-07-10 16:46:13.127 +03:00 [INF] Expired 1 stale QR token(s); a replacement was pushed to the kiosk.
2026-07-10 16:46:33.144 +03:00 [INF] Expired 1 stale QR token(s); a replacement was pushed to the kiosk.
2026-07-10 16:46:53.121 +03:00 [INF] Expired 1 stale QR token(s); a replacement was pushed to the kiosk.
2026-07-10 16:47:13.120 +03:00 [INF] Expired 1 stale QR token(s); a replacement was pushed to the kiosk.
2026-07-10 16:47:28.130 +03:00 [INF] Expired 1 stale QR token(s); a replacement was pushed to the kiosk.
2026-07-10 16:47:48.125 +03:00 [INF] Expired 1 stale QR token(s); a replacement was pushed to the kiosk.
2026-07-10 16:48:03.129 +03:00 [INF] Expired 1 stale QR token(s); a replacement was pushed to the kiosk.
2026-07-10 16:48:23.120 +03:00 [INF] Expired 1 stale QR token(s); a replacement was pushed to the kiosk.
2026-07-10 16:48:43.136 +03:00 [INF] Expired 1 stale QR token(s); a replacement was pushed to the kiosk.
2026-07-10 16:49:03.131 +03:00 [INF] Expired 1 stale QR token(s); a replacement was pushed to the kiosk.
2026-07-10 16:49:15.893 +03:00 [INF] HTTP GET /hubs/attendance responded 101 in 3737485.9529 ms
2026-07-10 17:49:20.387 +03:00 [INF] Expired 1 stale QR token(s); a replacement was pushed to the kiosk.
2026-07-10 21:20:50.783 +03:00 [INF] Expired 1 stale QR token(s); a replacement was pushed to the kiosk.
2026-07-10 21:21:10.552 +03:00 [INF] Expired 1 stale QR token(s); a replacement was pushed to the kiosk.
2026-07-10 21:21:30.550 +03:00 [INF] Expired 1 stale QR token(s); a replacement was pushed to the kiosk.
2026-07-10 21:21:45.573 +03:00 [INF] Expired 1 stale QR token(s); a replacement was pushed to the kiosk.
2026-07-10 21:22:05.561 +03:00 [INF] Expired 1 stale QR token(s); a replacement was pushed to the kiosk.
2026-07-10 21:22:25.568 +03:00 [INF] Expired 1 stale QR token(s); a replacement was pushed to the kiosk.
2026-07-10 21:22:45.556 +03:00 [INF] Expired 1 stale QR token(s); a replacement was pushed to the kiosk.
2026-07-10 21:23:05.566 +03:00 [INF] Expired 1 stale QR token(s); a replacement was pushed to the kiosk.
2026-07-10 21:23:25.553 +03:00 [INF] Expired 1 stale QR token(s); a replacement was pushed to the kiosk.
2026-07-10 21:23:40.559 +03:00 [INF] Expired 1 stale QR token(s); a replacement was pushed to the kiosk.
2026-07-10 21:23:55.564 +03:00 [INF] Expired 1 stale QR token(s); a replacement was pushed to the kiosk.
2026-07-10 21:24:15.559 +03:00 [INF] Expired 1 stale QR token(s); a replacement was pushed to the kiosk.
2026-07-10 21:24:35.555 +03:00 [INF] Expired 1 stale QR token(s); a replacement was pushed to the kiosk.
2026-07-10 21:24:55.552 +03:00 [INF] Expired 1 stale QR token(s); a replacement was pushed to the kiosk.
2026-07-10 21:25:10.556 +03:00 [INF] Expired 1 stale QR token(s); a replacement was pushed to the kiosk.
2026-07-10 21:25:30.559 +03:00 [INF] Expired 1 stale QR token(s); a replacement was pushed to the kiosk.
2026-07-10 21:25:50.542 +03:00 [INF] Expired 1 stale QR token(s); a replacement was pushed to the kiosk.
2026-07-10 21:26:10.554 +03:00 [INF] Expired 1 stale QR token(s); a replacement was pushed to the kiosk.
2026-07-10 21:26:25.559 +03:00 [INF] Expired 1 stale QR token(s); a replacement was pushed to the kiosk.
2026-07-10 21:26:45.550 +03:00 [INF] Expired 1 stale QR token(s); a replacement was pushed to the kiosk.
2026-07-10 21:27:00.552 +03:00 [INF] Expired 1 stale QR token(s); a replacement was pushed to the kiosk.
2026-07-10 21:27:20.559 +03:00 [INF] Expired 1 stale QR token(s); a replacement was pushed to the kiosk.
2026-07-10 21:27:40.563 +03:00 [INF] Expired 1 stale QR token(s); a replacement was pushed to the kiosk.
2026-07-10 21:28:00.542 +03:00 [INF] Expired 1 stale QR token(s); a replacement was pushed to the kiosk.
2026-07-10 21:28:15.555 +03:00 [INF] Expired 1 stale QR token(s); a replacement was pushed to the kiosk.
2026-07-10 21:28:35.557 +03:00 [INF] Expired 1 stale QR token(s); a replacement was pushed to the kiosk.
2026-07-10 21:28:55.544 +03:00 [INF] Expired 1 stale QR token(s); a replacement was pushed to the kiosk.
2026-07-10 21:29:10.555 +03:00 [INF] Expired 1 stale QR token(s); a replacement was pushed to the kiosk.
2026-07-10 21:29:30.547 +03:00 [INF] Expired 1 stale QR token(s); a replacement was pushed to the kiosk.
2026-07-10 21:29:45.558 +03:00 [INF] Expired 1 stale QR token(s); a replacement was pushed to the kiosk.
2026-07-10 21:30:05.557 +03:00 [INF] Expired 1 stale QR token(s); a replacement was pushed to the kiosk.
2026-07-10 21:30:25.542 +03:00 [INF] Expired 1 stale QR token(s); a replacement was pushed to the kiosk.
2026-07-10 21:30:45.561 +03:00 [INF] Expired 1 stale QR token(s); a replacement was pushed to the kiosk.
2026-07-10 21:31:05.546 +03:00 [INF] Expired 1 stale QR token(s); a replacement was pushed to the kiosk.
2026-07-10 21:31:25.548 +03:00 [INF] Expired 1 stale QR token(s); a replacement was pushed to the kiosk.
2026-07-10 21:31:45.547 +03:00 [INF] Expired 1 stale QR token(s); a replacement was pushed to the kiosk.
2026-07-10 21:32:05.547 +03:00 [INF] Expired 1 stale QR token(s); a replacement was pushed to the kiosk.
2026-07-10 21:32:25.552 +03:00 [INF] Expired 1 stale QR token(s); a replacement was pushed to the kiosk.
2026-07-10 21:32:45.559 +03:00 [INF] Expired 1 stale QR token(s); a replacement was pushed to the kiosk.
2026-07-10 21:33:05.549 +03:00 [INF] Expired 1 stale QR token(s); a replacement was pushed to the kiosk.
2026-07-10 21:33:25.546 +03:00 [INF] Expired 1 stale QR token(s); a replacement was pushed to the kiosk.
2026-07-10 21:33:45.547 +03:00 [INF] Expired 1 stale QR token(s); a replacement was pushed to the kiosk.
2026-07-10 21:34:00.582 +03:00 [INF] Expired 1 stale QR token(s); a replacement was pushed to the kiosk.
2026-07-10 21:34:20.557 +03:00 [INF] Expired 1 stale QR token(s); a replacement was pushed to the kiosk.
2026-07-10 21:34:35.557 +03:00 [INF] Expired 1 stale QR token(s); a replacement was pushed to the kiosk.
2026-07-10 21:34:55.555 +03:00 [INF] Expired 1 stale QR token(s); a replacement was pushed to the kiosk.
2026-07-10 21:35:15.560 +03:00 [INF] Expired 1 stale QR token(s); a replacement was pushed to the kiosk.
2026-07-10 21:35:35.545 +03:00 [INF] Expired 1 stale QR token(s); a replacement was pushed to the kiosk.
2026-07-10 21:35:50.558 +03:00 [INF] Expired 1 stale QR token(s); a replacement was pushed to the kiosk.
2026-07-10 21:36:10.585 +03:00 [INF] Expired 1 stale QR token(s); a replacement was pushed to the kiosk.
2026-07-10 21:36:27.508 +03:00 [INF] HTTP GET /api/slots responded 401 in 1.0313 ms
2026-07-10 21:36:30.560 +03:00 [INF] Expired 1 stale QR token(s); a replacement was pushed to the kiosk.
2026-07-10 21:36:45.561 +03:00 [INF] Expired 1 stale QR token(s); a replacement was pushed to the kiosk.
2026-07-10 21:37:00.570 +03:00 [INF] Expired 1 stale QR token(s); a replacement was pushed to the kiosk.
2026-07-10 21:37:20.554 +03:00 [INF] Expired 1 stale QR token(s); a replacement was pushed to the kiosk.
2026-07-10 21:37:35.563 +03:00 [INF] Expired 1 stale QR token(s); a replacement was pushed to the kiosk.
2026-07-10 21:37:55.555 +03:00 [INF] Expired 1 stale QR token(s); a replacement was pushed to the kiosk.
2026-07-10 21:38:15.559 +03:00 [INF] Expired 1 stale QR token(s); a replacement was pushed to the kiosk.
2026-07-10 21:38:30.566 +03:00 [INF] Expired 1 stale QR token(s); a replacement was pushed to the kiosk.
2026-07-10 21:38:50.567 +03:00 [INF] Expired 1 stale QR token(s); a replacement was pushed to the kiosk.
2026-07-10 21:39:10.561 +03:00 [INF] Expired 1 stale QR token(s); a replacement was pushed to the kiosk.
2026-07-10 21:39:25.580 +03:00 [INF] Expired 1 stale QR token(s); a replacement was pushed to the kiosk.
2026-07-10 21:39:45.563 +03:00 [INF] Expired 1 stale QR token(s); a replacement was pushed to the kiosk.
2026-07-10 21:40:05.570 +03:00 [INF] Expired 1 stale QR token(s); a replacement was pushed to the kiosk.
2026-07-10 21:40:25.555 +03:00 [INF] Expired 1 stale QR token(s); a replacement was pushed to the kiosk.
2026-07-10 21:40:45.552 +03:00 [INF] Expired 1 stale QR token(s); a replacement was pushed to the kiosk.
2026-07-10 21:41:00.554 +03:00 [INF] Expired 1 stale QR token(s); a replacement was pushed to the kiosk.
2026-07-10 21:41:20.556 +03:00 [INF] Expired 1 stale QR token(s); a replacement was pushed to the kiosk.
2026-07-10 21:41:35.571 +03:00 [INF] Expired 1 stale QR token(s); a replacement was pushed to the kiosk.
2026-07-10 21:41:55.562 +03:00 [INF] Expired 1 stale QR token(s); a replacement was pushed to the kiosk.
2026-07-10 21:42:10.567 +03:00 [INF] Expired 1 stale QR token(s); a replacement was pushed to the kiosk.
2026-07-10 21:42:30.561 +03:00 [INF] Expired 1 stale QR token(s); a replacement was pushed to the kiosk.
2026-07-10 21:42:50.551 +03:00 [INF] Expired 1 stale QR token(s); a replacement was pushed to the kiosk.
2026-07-10 21:43:05.563 +03:00 [INF] Expired 1 stale QR token(s); a replacement was pushed to the kiosk.
2026-07-10 21:43:25.552 +03:00 [INF] Expired 1 stale QR token(s); a replacement was pushed to the kiosk.
2026-07-10 21:43:40.565 +03:00 [INF] Expired 1 stale QR token(s); a replacement was pushed to the kiosk.
2026-07-10 21:44:00.553 +03:00 [INF] Expired 1 stale QR token(s); a replacement was pushed to the kiosk.
2026-07-10 21:44:15.566 +03:00 [INF] Expired 1 stale QR token(s); a replacement was pushed to the kiosk.
2026-07-10 21:44:35.554 +03:00 [INF] Expired 1 stale QR token(s); a replacement was pushed to the kiosk.
2026-07-10 21:44:50.567 +03:00 [INF] Expired 1 stale QR token(s); a replacement was pushed to the kiosk.
2026-07-10 21:45:10.555 +03:00 [INF] Expired 1 stale QR token(s); a replacement was pushed to the kiosk.
2026-07-10 21:45:30.565 +03:00 [INF] Expired 1 stale QR token(s); a replacement was pushed to the kiosk.
2026-07-10 21:45:50.559 +03:00 [INF] Expired 1 stale QR token(s); a replacement was pushed to the kiosk.
2026-07-10 21:46:05.568 +03:00 [INF] Expired 1 stale QR token(s); a replacement was pushed to the kiosk.
2026-07-10 21:46:25.560 +03:00 [INF] Expired 1 stale QR token(s); a replacement was pushed to the kiosk.
2026-07-10 21:46:45.551 +03:00 [INF] Expired 1 stale QR token(s); a replacement was pushed to the kiosk.
2026-07-10 21:47:00.558 +03:00 [INF] Expired 1 stale QR token(s); a replacement was pushed to the kiosk.
2026-07-10 21:47:20.553 +03:00 [INF] Expired 1 stale QR token(s); a replacement was pushed to the kiosk.
2026-07-10 21:47:40.557 +03:00 [INF] Expired 1 stale QR token(s); a replacement was pushed to the kiosk.
2026-07-10 21:48:00.562 +03:00 [INF] Expired 1 stale QR token(s); a replacement was pushed to the kiosk.
2026-07-10 21:48:20.565 +03:00 [INF] Expired 1 stale QR token(s); a replacement was pushed to the kiosk.
2026-07-10 21:48:40.557 +03:00 [INF] Expired 1 stale QR token(s); a replacement was pushed to the kiosk.
2026-07-10 21:48:55.560 +03:00 [INF] Expired 1 stale QR token(s); a replacement was pushed to the kiosk.
2026-07-10 21:49:15.552 +03:00 [INF] Expired 1 stale QR token(s); a replacement was pushed to the kiosk.
2026-07-10 21:49:30.557 +03:00 [INF] Expired 1 stale QR token(s); a replacement was pushed to the kiosk.
2026-07-10 21:49:45.573 +03:00 [INF] Expired 1 stale QR token(s); a replacement was pushed to the kiosk.
2026-07-10 21:50:05.560 +03:00 [INF] Expired 1 stale QR token(s); a replacement was pushed to the kiosk.
2026-07-10 21:50:20.567 +03:00 [INF] Expired 1 stale QR token(s); a replacement was pushed to the kiosk.
2026-07-10 21:50:40.563 +03:00 [INF] Expired 1 stale QR token(s); a replacement was pushed to the kiosk.
2026-07-10 21:51:00.555 +03:00 [INF] Expired 1 stale QR token(s); a replacement was pushed to the kiosk.
2026-07-10 21:51:15.565 +03:00 [INF] Expired 1 stale QR token(s); a replacement was pushed to the kiosk.
2026-07-10 21:51:35.552 +03:00 [INF] Expired 1 stale QR token(s); a replacement was pushed to the kiosk.
2026-07-10 21:51:55.565 +03:00 [INF] Expired 1 stale QR token(s); a replacement was pushed to the kiosk.
2026-07-10 21:52:15.552 +03:00 [INF] Expired 1 stale QR token(s); a replacement was pushed to the kiosk.
2026-07-10 21:52:30.567 +03:00 [INF] Expired 1 stale QR token(s); a replacement was pushed to the kiosk.
2026-07-10 21:52:50.560 +03:00 [INF] Expired 1 stale QR token(s); a replacement was pushed to the kiosk.
2026-07-10 21:53:10.565 +03:00 [INF] Expired 1 stale QR token(s); a replacement was pushed to the kiosk.
2026-07-10 21:53:30.558 +03:00 [INF] Expired 1 stale QR token(s); a replacement was pushed to the kiosk.
2026-07-10 21:53:50.554 +03:00 [INF] Expired 1 stale QR token(s); a replacement was pushed to the kiosk.
2026-07-10 21:54:10.561 +03:00 [INF] Expired 1 stale QR token(s); a replacement was pushed to the kiosk.
2026-07-10 21:54:30.543 +03:00 [INF] Expired 1 stale QR token(s); a replacement was pushed to the kiosk.
2026-07-10 21:54:45.552 +03:00 [INF] Expired 1 stale QR token(s); a replacement was pushed to the kiosk.
2026-07-10 21:55:05.549 +03:00 [INF] Expired 1 stale QR token(s); a replacement was pushed to the kiosk.
2026-07-10 21:55:25.557 +03:00 [INF] Expired 1 stale QR token(s); a replacement was pushed to the kiosk.
2026-07-10 21:55:45.547 +03:00 [INF] Expired 1 stale QR token(s); a replacement was pushed to the kiosk.
2026-07-10 21:56:00.556 +03:00 [INF] Expired 1 stale QR token(s); a replacement was pushed to the kiosk.
2026-07-10 21:56:20.557 +03:00 [INF] Expired 1 stale QR token(s); a replacement was pushed to the kiosk.
2026-07-10 21:56:40.551 +03:00 [INF] Expired 1 stale QR token(s); a replacement was pushed to the kiosk.
2026-07-10 21:57:00.554 +03:00 [INF] Expired 1 stale QR token(s); a replacement was pushed to the kiosk.
2026-07-10 21:57:20.543 +03:00 [INF] Expired 1 stale QR token(s); a replacement was pushed to the kiosk.
2026-07-10 21:57:35.550 +03:00 [INF] Expired 1 stale QR token(s); a replacement was pushed to the kiosk.
2026-07-10 21:57:55.547 +03:00 [INF] Expired 1 stale QR token(s); a replacement was pushed to the kiosk.
2026-07-10 21:58:10.560 +03:00 [INF] Expired 1 stale QR token(s); a replacement was pushed to the kiosk.
2026-07-10 21:58:30.555 +03:00 [INF] Expired 1 stale QR token(s); a replacement was pushed to the kiosk.
2026-07-10 21:58:50.552 +03:00 [INF] Expired 1 stale QR token(s); a replacement was pushed to the kiosk.
2026-07-10 21:59:10.560 +03:00 [INF] Expired 1 stale QR token(s); a replacement was pushed to the kiosk.
2026-07-10 21:59:30.545 +03:00 [INF] Expired 1 stale QR token(s); a replacement was pushed to the kiosk.
2026-07-10 21:59:45.553 +03:00 [INF] Expired 1 stale QR token(s); a replacement was pushed to the kiosk.
2026-07-10 22:00:05.550 +03:00 [INF] Expired 1 stale QR token(s); a replacement was pushed to the kiosk.
2026-07-10 22:00:25.552 +03:00 [INF] Expired 1 stale QR token(s); a replacement was pushed to the kiosk.
2026-07-10 22:00:45.551 +03:00 [INF] Expired 1 stale QR token(s); a replacement was pushed to the kiosk.
2026-07-10 22:01:05.554 +03:00 [INF] Expired 1 stale QR token(s); a replacement was pushed to the kiosk.
2026-07-10 22:01:20.561 +03:00 [INF] Expired 1 stale QR token(s); a replacement was pushed to the kiosk.
2026-07-10 22:01:40.551 +03:00 [INF] Expired 1 stale QR token(s); a replacement was pushed to the kiosk.
2026-07-10 22:02:00.542 +03:00 [INF] Expired 1 stale QR token(s); a replacement was pushed to the kiosk.
2026-07-10 22:02:15.547 +03:00 [INF] Expired 1 stale QR token(s); a replacement was pushed to the kiosk.
2026-07-10 22:02:30.562 +03:00 [INF] Expired 1 stale QR token(s); a replacement was pushed to the kiosk.
2026-07-10 22:02:50.557 +03:00 [INF] Expired 1 stale QR token(s); a replacement was pushed to the kiosk.
2026-07-10 22:03:10.551 +03:00 [INF] Expired 1 stale QR token(s); a replacement was pushed to the kiosk.
2026-07-10 22:03:30.565 +03:00 [INF] Expired 1 stale QR token(s); a replacement was pushed to the kiosk.
2026-07-10 22:03:50.563 +03:00 [INF] Expired 1 stale QR token(s); a replacement was pushed to the kiosk.
2026-07-10 22:04:10.558 +03:00 [INF] Expired 1 stale QR token(s); a replacement was pushed to the kiosk.
2026-07-10 22:04:30.553 +03:00 [INF] Expired 1 stale QR token(s); a replacement was pushed to the kiosk.
2026-07-10 22:04:50.558 +03:00 [INF] Expired 1 stale QR token(s); a replacement was pushed to the kiosk.
2026-07-10 22:05:10.550 +03:00 [INF] Expired 1 stale QR token(s); a replacement was pushed to the kiosk.
2026-07-10 22:05:30.546 +03:00 [INF] Expired 1 stale QR token(s); a replacement was pushed to the kiosk.
2026-07-10 22:05:45.567 +03:00 [INF] Expired 1 stale QR token(s); a replacement was pushed to the kiosk.
2026-07-10 22:06:05.561 +03:00 [INF] Expired 1 stale QR token(s); a replacement was pushed to the kiosk.
2026-07-10 22:06:25.545 +03:00 [INF] Expired 1 stale QR token(s); a replacement was pushed to the kiosk.
2026-07-10 22:06:40.558 +03:00 [INF] Expired 1 stale QR token(s); a replacement was pushed to the kiosk.
2026-07-10 22:06:55.563 +03:00 [INF] Expired 1 stale QR token(s); a replacement was pushed to the kiosk.
2026-07-10 22:07:15.553 +03:00 [INF] Expired 1 stale QR token(s); a replacement was pushed to the kiosk.
2026-07-10 22:07:35.553 +03:00 [INF] Expired 1 stale QR token(s); a replacement was pushed to the kiosk.
2026-07-10 22:07:55.557 +03:00 [INF] Expired 1 stale QR token(s); a replacement was pushed to the kiosk.
2026-07-10 22:08:15.749 +03:00 [INF] Expired 1 stale QR token(s); a replacement was pushed to the kiosk.
2026-07-10 22:08:35.552 +03:00 [INF] Expired 1 stale QR token(s); a replacement was pushed to the kiosk.
2026-07-10 22:08:55.546 +03:00 [INF] Expired 1 stale QR token(s); a replacement was pushed to the kiosk.
2026-07-10 22:09:10.557 +03:00 [INF] Expired 1 stale QR token(s); a replacement was pushed to the kiosk.
2026-07-10 22:09:30.551 +03:00 [INF] Expired 1 stale QR token(s); a replacement was pushed to the kiosk.
2026-07-10 22:09:50.548 +03:00 [INF] Expired 1 stale QR token(s); a replacement was pushed to the kiosk.
2026-07-10 22:10:05.558 +03:00 [INF] Expired 1 stale QR token(s); a replacement was pushed to the kiosk.
2026-07-10 22:10:25.560 +03:00 [INF] Expired 1 stale QR token(s); a replacement was pushed to the kiosk.
2026-07-10 22:10:45.554 +03:00 [INF] Expired 1 stale QR token(s); a replacement was pushed to the kiosk.
2026-07-10 22:11:05.555 +03:00 [INF] Expired 1 stale QR token(s); a replacement was pushed to the kiosk.
2026-07-10 22:11:25.563 +03:00 [INF] Expired 1 stale QR token(s); a replacement was pushed to the kiosk.
2026-07-10 22:11:45.554 +03:00 [INF] Expired 1 stale QR token(s); a replacement was pushed to the kiosk.
2026-07-10 22:12:05.547 +03:00 [INF] Expired 1 stale QR token(s); a replacement was pushed to the kiosk.
2026-07-10 22:12:20.563 +03:00 [INF] Expired 1 stale QR token(s); a replacement was pushed to the kiosk.
2026-07-10 22:12:40.547 +03:00 [INF] Expired 1 stale QR token(s); a replacement was pushed to the kiosk.
2026-07-10 22:12:55.552 +03:00 [INF] Expired 1 stale QR token(s); a replacement was pushed to the kiosk.
2026-07-10 22:13:15.555 +03:00 [INF] Expired 1 stale QR token(s); a replacement was pushed to the kiosk.
2026-07-10 22:13:35.552 +03:00 [INF] Expired 1 stale QR token(s); a replacement was pushed to the kiosk.
2026-07-10 22:13:50.557 +03:00 [INF] Expired 1 stale QR token(s); a replacement was pushed to the kiosk.
2026-07-10 22:14:10.545 +03:00 [INF] Expired 1 stale QR token(s); a replacement was pushed to the kiosk.
2026-07-10 22:14:25.558 +03:00 [INF] Expired 1 stale QR token(s); a replacement was pushed to the kiosk.
2026-07-10 22:14:45.550 +03:00 [INF] Expired 1 stale QR token(s); a replacement was pushed to the kiosk.
2026-07-10 22:15:00.551 +03:00 [INF] Expired 1 stale QR token(s); a replacement was pushed to the kiosk.
2026-07-10 22:15:20.548 +03:00 [INF] Expired 1 stale QR token(s); a replacement was pushed to the kiosk.
2026-07-10 22:15:40.568 +03:00 [INF] Expired 1 stale QR token(s); a replacement was pushed to the kiosk.
2026-07-10 22:16:00.552 +03:00 [INF] Expired 1 stale QR token(s); a replacement was pushed to the kiosk.
2026-07-10 22:16:20.551 +03:00 [INF] Expired 1 stale QR token(s); a replacement was pushed to the kiosk.
2026-07-10 22:16:40.566 +03:00 [INF] Expired 1 stale QR token(s); a replacement was pushed to the kiosk.
2026-07-10 22:17:00.556 +03:00 [INF] Expired 1 stale QR token(s); a replacement was pushed to the kiosk.
2026-07-10 22:17:20.546 +03:00 [INF] Expired 1 stale QR token(s); a replacement was pushed to the kiosk.
2026-07-10 22:17:40.556 +03:00 [INF] Expired 1 stale QR token(s); a replacement was pushed to the kiosk.
2026-07-10 22:18:00.561 +03:00 [INF] Expired 1 stale QR token(s); a replacement was pushed to the kiosk.
2026-07-10 22:18:20.548 +03:00 [INF] Expired 1 stale QR token(s); a replacement was pushed to the kiosk.
2026-07-10 22:18:35.554 +03:00 [INF] Expired 1 stale QR token(s); a replacement was pushed to the kiosk.
2026-07-10 22:18:55.561 +03:00 [INF] Expired 1 stale QR token(s); a replacement was pushed to the kiosk.
2026-07-10 22:19:15.556 +03:00 [INF] Expired 1 stale QR token(s); a replacement was pushed to the kiosk.
2026-07-10 22:19:35.551 +03:00 [INF] Expired 1 stale QR token(s); a replacement was pushed to the kiosk.
2026-07-10 22:19:55.552 +03:00 [INF] Expired 1 stale QR token(s); a replacement was pushed to the kiosk.
2026-07-10 22:20:15.557 +03:00 [INF] Expired 1 stale QR token(s); a replacement was pushed to the kiosk.
2026-07-10 22:20:35.558 +03:00 [INF] Expired 1 stale QR token(s); a replacement was pushed to the kiosk.
2026-07-10 22:20:55.554 +03:00 [INF] Expired 1 stale QR token(s); a replacement was pushed to the kiosk.
2026-07-10 22:21:15.550 +03:00 [INF] Expired 1 stale QR token(s); a replacement was pushed to the kiosk.
2026-07-10 22:21:35.542 +03:00 [INF] Expired 1 stale QR token(s); a replacement was pushed to the kiosk.
2026-07-10 22:21:50.550 +03:00 [INF] Expired 1 stale QR token(s); a replacement was pushed to the kiosk.
2026-07-10 22:22:10.565 +03:00 [INF] Expired 1 stale QR token(s); a replacement was pushed to the kiosk.
2026-07-10 22:22:30.556 +03:00 [INF] Expired 1 stale QR token(s); a replacement was pushed to the kiosk.
2026-07-10 22:22:50.546 +03:00 [INF] Expired 1 stale QR token(s); a replacement was pushed to the kiosk.
2026-07-10 22:23:05.553 +03:00 [INF] Expired 1 stale QR token(s); a replacement was pushed to the kiosk.
2026-07-10 22:23:20.566 +03:00 [INF] Expired 1 stale QR token(s); a replacement was pushed to the kiosk.
2026-07-10 22:23:40.550 +03:00 [INF] Expired 1 stale QR token(s); a replacement was pushed to the kiosk.
2026-07-10 22:24:00.556 +03:00 [INF] Expired 1 stale QR token(s); a replacement was pushed to the kiosk.
2026-07-10 22:24:20.571 +03:00 [INF] Expired 1 stale QR token(s); a replacement was pushed to the kiosk.
2026-07-10 22:24:40.559 +03:00 [INF] Expired 1 stale QR token(s); a replacement was pushed to the kiosk.
2026-07-10 22:25:00.561 +03:00 [INF] Expired 1 stale QR token(s); a replacement was pushed to the kiosk.
2026-07-10 22:25:20.556 +03:00 [INF] Expired 1 stale QR token(s); a replacement was pushed to the kiosk.
2026-07-10 22:25:40.554 +03:00 [INF] Expired 1 stale QR token(s); a replacement was pushed to the kiosk.
2026-07-10 22:26:00.560 +03:00 [INF] Expired 1 stale QR token(s); a replacement was pushed to the kiosk.
2026-07-10 22:26:20.550 +03:00 [INF] Expired 1 stale QR token(s); a replacement was pushed to the kiosk.
2026-07-10 22:26:40.566 +03:00 [INF] Expired 1 stale QR token(s); a replacement was pushed to the kiosk.
2026-07-10 22:27:00.557 +03:00 [INF] Expired 1 stale QR token(s); a replacement was pushed to the kiosk.
2026-07-10 22:27:20.545 +03:00 [INF] Expired 1 stale QR token(s); a replacement was pushed to the kiosk.
2026-07-10 22:27:35.559 +03:00 [INF] Expired 1 stale QR token(s); a replacement was pushed to the kiosk.
2026-07-10 22:27:55.554 +03:00 [INF] Expired 1 stale QR token(s); a replacement was pushed to the kiosk.
2026-07-10 22:28:15.547 +03:00 [INF] Expired 1 stale QR token(s); a replacement was pushed to the kiosk.
2026-07-10 22:28:35.555 +03:00 [INF] Expired 1 stale QR token(s); a replacement was pushed to the kiosk.
2026-07-10 22:28:55.552 +03:00 [INF] Expired 1 stale QR token(s); a replacement was pushed to the kiosk.
2026-07-10 22:29:10.558 +03:00 [INF] Expired 1 stale QR token(s); a replacement was pushed to the kiosk.
2026-07-10 22:29:30.555 +03:00 [INF] Expired 1 stale QR token(s); a replacement was pushed to the kiosk.
2026-07-10 22:29:50.564 +03:00 [INF] Expired 1 stale QR token(s); a replacement was pushed to the kiosk.
2026-07-10 22:30:10.557 +03:00 [INF] Expired 1 stale QR token(s); a replacement was pushed to the kiosk.
2026-07-10 22:30:30.550 +03:00 [INF] Expired 1 stale QR token(s); a replacement was pushed to the kiosk.
2026-07-10 22:30:45.558 +03:00 [INF] Expired 1 stale QR token(s); a replacement was pushed to the kiosk.
2026-07-10 22:31:05.552 +03:00 [INF] Expired 1 stale QR token(s); a replacement was pushed to the kiosk.
2026-07-10 22:31:25.558 +03:00 [INF] Expired 1 stale QR token(s); a replacement was pushed to the kiosk.
2026-07-10 22:31:45.556 +03:00 [INF] Expired 1 stale QR token(s); a replacement was pushed to the kiosk.
2026-07-10 22:32:00.569 +03:00 [INF] Expired 1 stale QR token(s); a replacement was pushed to the kiosk.
2026-07-10 22:32:20.555 +03:00 [INF] Expired 1 stale QR token(s); a replacement was pushed to the kiosk.
2026-07-10 22:32:40.547 +03:00 [INF] Expired 1 stale QR token(s); a replacement was pushed to the kiosk.
2026-07-10 22:33:00.558 +03:00 [INF] Expired 1 stale QR token(s); a replacement was pushed to the kiosk.
2026-07-10 22:33:20.556 +03:00 [INF] Expired 1 stale QR token(s); a replacement was pushed to the kiosk.
2026-07-10 22:33:40.548 +03:00 [INF] Expired 1 stale QR token(s); a replacement was pushed to the kiosk.
2026-07-10 22:33:55.555 +03:00 [INF] Expired 1 stale QR token(s); a replacement was pushed to the kiosk.
2026-07-10 22:34:15.567 +03:00 [INF] Expired 1 stale QR token(s); a replacement was pushed to the kiosk.
2026-07-10 22:34:35.554 +03:00 [INF] Expired 1 stale QR token(s); a replacement was pushed to the kiosk.
2026-07-10 22:34:55.549 +03:00 [INF] Expired 1 stale QR token(s); a replacement was pushed to the kiosk.
2026-07-10 22:35:15.547 +03:00 [INF] Expired 1 stale QR token(s); a replacement was pushed to the kiosk.
2026-07-10 22:35:35.560 +03:00 [INF] Expired 1 stale QR token(s); a replacement was pushed to the kiosk.
2026-07-10 22:35:55.545 +03:00 [INF] Expired 1 stale QR token(s); a replacement was pushed to the kiosk.
2026-07-10 22:36:15.546 +03:00 [INF] Expired 1 stale QR token(s); a replacement was pushed to the kiosk.
2026-07-10 22:36:30.561 +03:00 [INF] Expired 1 stale QR token(s); a replacement was pushed to the kiosk.
2026-07-10 22:36:50.554 +03:00 [INF] Expired 1 stale QR token(s); a replacement was pushed to the kiosk.
2026-07-10 22:37:10.558 +03:00 [INF] Expired 1 stale QR token(s); a replacement was pushed to the kiosk.
2026-07-10 22:37:30.574 +03:00 [INF] Expired 1 stale QR token(s); a replacement was pushed to the kiosk.
2026-07-10 22:37:50.554 +03:00 [INF] Expired 1 stale QR token(s); a replacement was pushed to the kiosk.
2026-07-10 22:38:10.558 +03:00 [INF] Expired 1 stale QR token(s); a replacement was pushed to the kiosk.
2026-07-10 22:38:30.548 +03:00 [INF] Expired 1 stale QR token(s); a replacement was pushed to the kiosk.
2026-07-10 22:38:45.557 +03:00 [INF] Expired 1 stale QR token(s); a replacement was pushed to the kiosk.
2026-07-10 22:39:05.545 +03:00 [INF] Expired 1 stale QR token(s); a replacement was pushed to the kiosk.
2026-07-10 22:39:20.554 +03:00 [INF] Expired 1 stale QR token(s); a replacement was pushed to the kiosk.
2026-07-10 22:39:40.548 +03:00 [INF] Expired 1 stale QR token(s); a replacement was pushed to the kiosk.
2026-07-10 22:39:55.557 +03:00 [INF] Expired 1 stale QR token(s); a replacement was pushed to the kiosk.
2026-07-10 22:40:15.553 +03:00 [INF] Expired 1 stale QR token(s); a replacement was pushed to the kiosk.
2026-07-10 22:40:35.547 +03:00 [INF] Expired 1 stale QR token(s); a replacement was pushed to the kiosk.
2026-07-10 22:40:50.563 +03:00 [INF] Expired 1 stale QR token(s); a replacement was pushed to the kiosk.
2026-07-10 22:41:10.559 +03:00 [INF] Expired 1 stale QR token(s); a replacement was pushed to the kiosk.
2026-07-10 22:41:30.552 +03:00 [INF] Expired 1 stale QR token(s); a replacement was pushed to the kiosk.
2026-07-10 22:41:50.554 +03:00 [INF] Expired 1 stale QR token(s); a replacement was pushed to the kiosk.
2026-07-10 22:42:10.551 +03:00 [INF] Expired 1 stale QR token(s); a replacement was pushed to the kiosk.
2026-07-10 22:42:30.550 +03:00 [INF] Expired 1 stale QR token(s); a replacement was pushed to the kiosk.
2026-07-10 22:42:50.554 +03:00 [INF] Expired 1 stale QR token(s); a replacement was pushed to the kiosk.
2026-07-10 22:43:05.564 +03:00 [INF] Expired 1 stale QR token(s); a replacement was pushed to the kiosk.
2026-07-10 22:43:25.551 +03:00 [INF] Expired 1 stale QR token(s); a replacement was pushed to the kiosk.
2026-07-10 22:43:45.551 +03:00 [INF] Expired 1 stale QR token(s); a replacement was pushed to the kiosk.
2026-07-10 22:44:05.570 +03:00 [INF] Expired 1 stale QR token(s); a replacement was pushed to the kiosk.
2026-07-10 22:44:25.559 +03:00 [INF] Expired 1 stale QR token(s); a replacement was pushed to the kiosk.
2026-07-10 22:44:45.559 +03:00 [INF] Expired 1 stale QR token(s); a replacement was pushed to the kiosk.
2026-07-10 22:45:05.552 +03:00 [INF] Expired 1 stale QR token(s); a replacement was pushed to the kiosk.
2026-07-10 22:45:25.546 +03:00 [INF] Expired 1 stale QR token(s); a replacement was pushed to the kiosk.
2026-07-10 22:45:40.551 +03:00 [INF] Expired 1 stale QR token(s); a replacement was pushed to the kiosk.
2026-07-10 22:46:00.551 +03:00 [INF] Expired 1 stale QR token(s); a replacement was pushed to the kiosk.
2026-07-10 22:46:15.559 +03:00 [INF] Expired 1 stale QR token(s); a replacement was pushed to the kiosk.
2026-07-10 22:46:35.552 +03:00 [INF] Expired 1 stale QR token(s); a replacement was pushed to the kiosk.
2026-07-10 22:46:55.550 +03:00 [INF] Expired 1 stale QR token(s); a replacement was pushed to the kiosk.
2026-07-10 22:47:10.555 +03:00 [INF] Expired 1 stale QR token(s); a replacement was pushed to the kiosk.
2026-07-10 22:47:30.556 +03:00 [INF] Expired 1 stale QR token(s); a replacement was pushed to the kiosk.
2026-07-10 22:47:50.555 +03:00 [INF] Expired 1 stale QR token(s); a replacement was pushed to the kiosk.
2026-07-10 22:48:10.543 +03:00 [INF] Expired 1 stale QR token(s); a replacement was pushed to the kiosk.
2026-07-10 22:48:30.562 +03:00 [INF] Expired 1 stale QR token(s); a replacement was pushed to the kiosk.
2026-07-10 22:48:50.556 +03:00 [INF] Expired 1 stale QR token(s); a replacement was pushed to the kiosk.
2026-07-10 22:49:10.546 +03:00 [INF] Expired 1 stale QR token(s); a replacement was pushed to the kiosk.
2026-07-10 22:49:30.546 +03:00 [INF] Expired 1 stale QR token(s); a replacement was pushed to the kiosk.
2026-07-10 22:49:50.555 +03:00 [INF] Expired 1 stale QR token(s); a replacement was pushed to the kiosk.
2026-07-10 22:50:10.545 +03:00 [INF] Expired 1 stale QR token(s); a replacement was pushed to the kiosk.
2026-07-10 22:50:30.541 +03:00 [INF] Expired 1 stale QR token(s); a replacement was pushed to the kiosk.
2026-07-10 22:50:45.555 +03:00 [INF] Expired 1 stale QR token(s); a replacement was pushed to the kiosk.
2026-07-10 22:51:05.555 +03:00 [INF] Expired 1 stale QR token(s); a replacement was pushed to the kiosk.
2026-07-10 22:51:25.543 +03:00 [INF] Expired 1 stale QR token(s); a replacement was pushed to the kiosk.
2026-07-10 22:51:45.560 +03:00 [INF] Expired 1 stale QR token(s); a replacement was pushed to the kiosk.
2026-07-10 22:52:05.559 +03:00 [INF] Expired 1 stale QR token(s); a replacement was pushed to the kiosk.
2026-07-10 22:52:25.555 +03:00 [INF] Expired 1 stale QR token(s); a replacement was pushed to the kiosk.
2026-07-10 22:52:45.542 +03:00 [INF] Expired 1 stale QR token(s); a replacement was pushed to the kiosk.
2026-07-10 22:53:05.551 +03:00 [INF] Expired 1 stale QR token(s); a replacement was pushed to the kiosk.
2026-07-10 22:53:25.547 +03:00 [INF] Expired 1 stale QR token(s); a replacement was pushed to the kiosk.
2026-07-10 22:53:45.547 +03:00 [INF] Expired 1 stale QR token(s); a replacement was pushed to the kiosk.
2026-07-10 22:54:05.555 +03:00 [INF] Expired 1 stale QR token(s); a replacement was pushed to the kiosk.
2026-07-10 22:54:20.556 +03:00 [INF] Expired 1 stale QR token(s); a replacement was pushed to the kiosk.
2026-07-10 22:54:40.547 +03:00 [INF] Expired 1 stale QR token(s); a replacement was pushed to the kiosk.
2026-07-10 22:55:00.550 +03:00 [INF] Expired 1 stale QR token(s); a replacement was pushed to the kiosk.
2026-07-10 22:55:20.557 +03:00 [INF] Expired 1 stale QR token(s); a replacement was pushed to the kiosk.
2026-07-10 22:55:40.551 +03:00 [INF] Expired 1 stale QR token(s); a replacement was pushed to the kiosk.
2026-07-10 22:56:00.553 +03:00 [INF] Expired 1 stale QR token(s); a replacement was pushed to the kiosk.
2026-07-10 22:56:20.557 +03:00 [INF] Expired 1 stale QR token(s); a replacement was pushed to the kiosk.
2026-07-10 22:56:40.555 +03:00 [INF] Expired 1 stale QR token(s); a replacement was pushed to the kiosk.
2026-07-10 22:57:00.549 +03:00 [INF] Expired 1 stale QR token(s); a replacement was pushed to the kiosk.
2026-07-10 22:57:15.557 +03:00 [INF] Expired 1 stale QR token(s); a replacement was pushed to the kiosk.
2026-07-10 22:57:35.554 +03:00 [INF] Expired 1 stale QR token(s); a replacement was pushed to the kiosk.
2026-07-10 22:57:50.555 +03:00 [INF] Expired 1 stale QR token(s); a replacement was pushed to the kiosk.
2026-07-10 22:58:10.543 +03:00 [INF] Expired 1 stale QR token(s); a replacement was pushed to the kiosk.
2026-07-10 22:58:25.556 +03:00 [INF] Expired 1 stale QR token(s); a replacement was pushed to the kiosk.
2026-07-10 22:58:45.553 +03:00 [INF] Expired 1 stale QR token(s); a replacement was pushed to the kiosk.
2026-07-10 22:59:05.548 +03:00 [INF] Expired 1 stale QR token(s); a replacement was pushed to the kiosk.
2026-07-10 22:59:20.555 +03:00 [INF] Expired 1 stale QR token(s); a replacement was pushed to the kiosk.
2026-07-10 22:59:40.555 +03:00 [INF] Expired 1 stale QR token(s); a replacement was pushed to the kiosk.
2026-07-10 23:00:00.543 +03:00 [INF] Expired 1 stale QR token(s); a replacement was pushed to the kiosk.
2026-07-10 23:00:15.548 +03:00 [INF] Expired 1 stale QR token(s); a replacement was pushed to the kiosk.
2026-07-10 23:00:30.560 +03:00 [INF] Expired 1 stale QR token(s); a replacement was pushed to the kiosk.
2026-07-10 23:00:50.562 +03:00 [INF] Expired 1 stale QR token(s); a replacement was pushed to the kiosk.
2026-07-10 23:01:10.551 +03:00 [INF] Expired 1 stale QR token(s); a replacement was pushed to the kiosk.
2026-07-10 23:01:30.546 +03:00 [INF] Expired 1 stale QR token(s); a replacement was pushed to the kiosk.
2026-07-10 23:01:45.560 +03:00 [INF] Expired 1 stale QR token(s); a replacement was pushed to the kiosk.
2026-07-10 23:02:05.544 +03:00 [INF] Expired 1 stale QR token(s); a replacement was pushed to the kiosk.
2026-07-10 23:02:20.551 +03:00 [INF] Expired 1 stale QR token(s); a replacement was pushed to the kiosk.
2026-07-10 23:02:40.544 +03:00 [INF] Expired 1 stale QR token(s); a replacement was pushed to the kiosk.
2026-07-10 23:02:55.553 +03:00 [INF] Expired 1 stale QR token(s); a replacement was pushed to the kiosk.
2026-07-10 23:03:10.555 +03:00 [INF] Expired 1 stale QR token(s); a replacement was pushed to the kiosk.
2026-07-10 23:03:30.544 +03:00 [INF] Expired 1 stale QR token(s); a replacement was pushed to the kiosk.
2026-07-10 23:03:45.548 +03:00 [INF] Expired 1 stale QR token(s); a replacement was pushed to the kiosk.
2026-07-10 23:04:05.547 +03:00 [INF] Expired 1 stale QR token(s); a replacement was pushed to the kiosk.
2026-07-10 23:04:20.555 +03:00 [INF] Expired 1 stale QR token(s); a replacement was pushed to the kiosk.
2026-07-10 23:04:40.553 +03:00 [INF] Expired 1 stale QR token(s); a replacement was pushed to the kiosk.
2026-07-10 23:04:55.567 +03:00 [INF] Expired 1 stale QR token(s); a replacement was pushed to the kiosk.
2026-07-10 23:05:15.555 +03:00 [INF] Expired 1 stale QR token(s); a replacement was pushed to the kiosk.
2026-07-10 23:05:35.553 +03:00 [INF] Expired 1 stale QR token(s); a replacement was pushed to the kiosk.
2026-07-10 23:05:55.547 +03:00 [INF] Expired 1 stale QR token(s); a replacement was pushed to the kiosk.
2026-07-10 23:06:10.558 +03:00 [INF] Expired 1 stale QR token(s); a replacement was pushed to the kiosk.
2026-07-10 23:06:30.549 +03:00 [INF] Expired 1 stale QR token(s); a replacement was pushed to the kiosk.
2026-07-10 23:06:50.558 +03:00 [INF] Expired 1 stale QR token(s); a replacement was pushed to the kiosk.
2026-07-10 23:07:05.582 +03:00 [INF] Expired 1 stale QR token(s); a replacement was pushed to the kiosk.
2026-07-10 23:07:25.547 +03:00 [INF] Expired 1 stale QR token(s); a replacement was pushed to the kiosk.
2026-07-10 23:07:45.548 +03:00 [INF] Expired 1 stale QR token(s); a replacement was pushed to the kiosk.
2026-07-10 23:08:05.551 +03:00 [INF] Expired 1 stale QR token(s); a replacement was pushed to the kiosk.
2026-07-10 23:08:25.551 +03:00 [INF] Expired 1 stale QR token(s); a replacement was pushed to the kiosk.
2026-07-10 23:08:40.556 +03:00 [INF] Expired 1 stale QR token(s); a replacement was pushed to the kiosk.
2026-07-10 23:09:00.552 +03:00 [INF] Expired 1 stale QR token(s); a replacement was pushed to the kiosk.
2026-07-10 23:09:20.560 +03:00 [INF] Expired 1 stale QR token(s); a replacement was pushed to the kiosk.
2026-07-10 23:09:40.556 +03:00 [INF] Expired 1 stale QR token(s); a replacement was pushed to the kiosk.
2026-07-10 23:10:00.552 +03:00 [INF] Expired 1 stale QR token(s); a replacement was pushed to the kiosk.
2026-07-10 23:10:20.548 +03:00 [INF] Expired 1 stale QR token(s); a replacement was pushed to the kiosk.
2026-07-10 23:10:40.561 +03:00 [INF] Expired 1 stale QR token(s); a replacement was pushed to the kiosk.
2026-07-10 23:11:00.552 +03:00 [INF] Expired 1 stale QR token(s); a replacement was pushed to the kiosk.
2026-07-10 23:11:20.550 +03:00 [INF] Expired 1 stale QR token(s); a replacement was pushed to the kiosk.
2026-07-10 23:11:40.554 +03:00 [INF] Expired 1 stale QR token(s); a replacement was pushed to the kiosk.
2026-07-10 23:12:00.550 +03:00 [INF] Expired 1 stale QR token(s); a replacement was pushed to the kiosk.
2026-07-10 23:12:20.558 +03:00 [INF] Expired 1 stale QR token(s); a replacement was pushed to the kiosk.
2026-07-10 23:12:40.560 +03:00 [INF] Expired 1 stale QR token(s); a replacement was pushed to the kiosk.
2026-07-10 23:13:00.545 +03:00 [INF] Expired 1 stale QR token(s); a replacement was pushed to the kiosk.
2026-07-10 23:13:20.556 +03:00 [INF] Expired 1 stale QR token(s); a replacement was pushed to the kiosk.
2026-07-10 23:13:40.570 +03:00 [INF] Expired 1 stale QR token(s); a replacement was pushed to the kiosk.
2026-07-10 23:14:00.556 +03:00 [INF] Expired 1 stale QR token(s); a replacement was pushed to the kiosk.
2026-07-10 23:14:15.559 +03:00 [INF] Expired 1 stale QR token(s); a replacement was pushed to the kiosk.
2026-07-10 23:14:35.546 +03:00 [INF] Expired 1 stale QR token(s); a replacement was pushed to the kiosk.
2026-07-10 23:14:50.571 +03:00 [INF] Expired 1 stale QR token(s); a replacement was pushed to the kiosk.
2026-07-10 23:15:10.561 +03:00 [INF] Expired 1 stale QR token(s); a replacement was pushed to the kiosk.
2026-07-10 23:15:30.551 +03:00 [INF] Expired 1 stale QR token(s); a replacement was pushed to the kiosk.
2026-07-10 23:15:50.555 +03:00 [INF] Expired 1 stale QR token(s); a replacement was pushed to the kiosk.
2026-07-10 23:16:10.549 +03:00 [INF] Expired 1 stale QR token(s); a replacement was pushed to the kiosk.
2026-07-10 23:16:25.554 +03:00 [INF] Expired 1 stale QR token(s); a replacement was pushed to the kiosk.
2026-07-10 23:16:45.557 +03:00 [INF] Expired 1 stale QR token(s); a replacement was pushed to the kiosk.
2026-07-10 23:17:00.572 +03:00 [INF] Expired 1 stale QR token(s); a replacement was pushed to the kiosk.
2026-07-10 23:17:20.548 +03:00 [INF] Expired 1 stale QR token(s); a replacement was pushed to the kiosk.
2026-07-10 23:17:40.558 +03:00 [INF] Expired 1 stale QR token(s); a replacement was pushed to the kiosk.
2026-07-10 23:18:00.565 +03:00 [INF] Expired 1 stale QR token(s); a replacement was pushed to the kiosk.
2026-07-10 23:18:20.551 +03:00 [INF] Expired 1 stale QR token(s); a replacement was pushed to the kiosk.
2026-07-10 23:18:40.555 +03:00 [INF] Expired 1 stale QR token(s); a replacement was pushed to the kiosk.
2026-07-10 23:19:00.830 +03:00 [INF] Expired 1 stale QR token(s); a replacement was pushed to the kiosk.
2026-07-10 23:19:20.569 +03:00 [INF] Expired 1 stale QR token(s); a replacement was pushed to the kiosk.
2026-07-10 23:19:40.553 +03:00 [INF] Expired 1 stale QR token(s); a replacement was pushed to the kiosk.
2026-07-10 23:20:00.548 +03:00 [INF] Expired 1 stale QR token(s); a replacement was pushed to the kiosk.
2026-07-10 23:20:20.560 +03:00 [INF] Expired 1 stale QR token(s); a replacement was pushed to the kiosk.
2026-07-10 23:20:40.546 +03:00 [INF] Expired 1 stale QR token(s); a replacement was pushed to the kiosk.
2026-07-10 23:21:00.541 +03:00 [INF] Expired 1 stale QR token(s); a replacement was pushed to the kiosk.
2026-07-10 23:21:15.554 +03:00 [INF] Expired 1 stale QR token(s); a replacement was pushed to the kiosk.
2026-07-10 23:21:35.551 +03:00 [INF] Expired 1 stale QR token(s); a replacement was pushed to the kiosk.
2026-07-10 23:21:55.547 +03:00 [INF] Expired 1 stale QR token(s); a replacement was pushed to the kiosk.
2026-07-10 23:22:15.552 +03:00 [INF] Expired 1 stale QR token(s); a replacement was pushed to the kiosk.
2026-07-10 23:22:30.564 +03:00 [INF] Expired 1 stale QR token(s); a replacement was pushed to the kiosk.
2026-07-10 23:22:50.549 +03:00 [INF] Expired 1 stale QR token(s); a replacement was pushed to the kiosk.
2026-07-10 23:23:05.556 +03:00 [INF] Expired 1 stale QR token(s); a replacement was pushed to the kiosk.
2026-07-10 23:23:25.550 +03:00 [INF] Expired 1 stale QR token(s); a replacement was pushed to the kiosk.
2026-07-10 23:23:45.551 +03:00 [INF] Expired 1 stale QR token(s); a replacement was pushed to the kiosk.
2026-07-10 23:24:00.555 +03:00 [INF] Expired 1 stale QR token(s); a replacement was pushed to the kiosk.
2026-07-10 23:24:20.554 +03:00 [INF] Expired 1 stale QR token(s); a replacement was pushed to the kiosk.
2026-07-10 23:24:40.568 +03:00 [INF] Expired 1 stale QR token(s); a replacement was pushed to the kiosk.
2026-07-10 23:25:00.561 +03:00 [INF] Expired 1 stale QR token(s); a replacement was pushed to the kiosk.
2026-07-10 23:25:20.552 +03:00 [INF] Expired 1 stale QR token(s); a replacement was pushed to the kiosk.
2026-07-10 23:25:40.548 +03:00 [INF] Expired 1 stale QR token(s); a replacement was pushed to the kiosk.
2026-07-10 23:25:55.560 +03:00 [INF] Expired 1 stale QR token(s); a replacement was pushed to the kiosk.
2026-07-10 23:26:15.542 +03:00 [INF] Expired 1 stale QR token(s); a replacement was pushed to the kiosk.
2026-07-10 23:26:35.548 +03:00 [INF] Expired 1 stale QR token(s); a replacement was pushed to the kiosk.
2026-07-10 23:26:50.555 +03:00 [INF] Expired 1 stale QR token(s); a replacement was pushed to the kiosk.
2026-07-10 23:27:10.559 +03:00 [INF] Expired 1 stale QR token(s); a replacement was pushed to the kiosk.
2026-07-10 23:27:30.549 +03:00 [INF] Expired 1 stale QR token(s); a replacement was pushed to the kiosk.
2026-07-10 23:27:50.547 +03:00 [INF] Expired 1 stale QR token(s); a replacement was pushed to the kiosk.
2026-07-10 23:28:05.564 +03:00 [INF] Expired 1 stale QR token(s); a replacement was pushed to the kiosk.
2026-07-10 23:28:25.549 +03:00 [INF] Expired 1 stale QR token(s); a replacement was pushed to the kiosk.
2026-07-10 23:28:45.553 +03:00 [INF] Expired 1 stale QR token(s); a replacement was pushed to the kiosk.
2026-07-10 23:29:05.562 +03:00 [INF] Expired 1 stale QR token(s); a replacement was pushed to the kiosk.
2026-07-10 23:29:25.551 +03:00 [INF] Expired 1 stale QR token(s); a replacement was pushed to the kiosk.
2026-07-10 23:29:45.545 +03:00 [INF] Expired 1 stale QR token(s); a replacement was pushed to the kiosk.
2026-07-10 23:30:00.559 +03:00 [INF] Expired 1 stale QR token(s); a replacement was pushed to the kiosk.
2026-07-10 23:30:20.557 +03:00 [INF] Expired 1 stale QR token(s); a replacement was pushed to the kiosk.
2026-07-10 23:30:40.557 +03:00 [INF] Expired 1 stale QR token(s); a replacement was pushed to the kiosk.
2026-07-10 23:31:00.560 +03:00 [INF] Expired 1 stale QR token(s); a replacement was pushed to the kiosk.
2026-07-10 23:31:20.558 +03:00 [INF] Expired 1 stale QR token(s); a replacement was pushed to the kiosk.
2026-07-10 23:31:40.550 +03:00 [INF] Expired 1 stale QR token(s); a replacement was pushed to the kiosk.
2026-07-10 23:32:00.548 +03:00 [INF] Expired 1 stale QR token(s); a replacement was pushed to the kiosk.
2026-07-10 23:32:15.557 +03:00 [INF] Expired 1 stale QR token(s); a replacement was pushed to the kiosk.
2026-07-10 23:32:35.549 +03:00 [INF] Expired 1 stale QR token(s); a replacement was pushed to the kiosk.
2026-07-10 23:32:50.556 +03:00 [INF] Expired 1 stale QR token(s); a replacement was pushed to the kiosk.
2026-07-10 23:33:10.551 +03:00 [INF] Expired 1 stale QR token(s); a replacement was pushed to the kiosk.
2026-07-10 23:33:30.563 +03:00 [INF] Expired 1 stale QR token(s); a replacement was pushed to the kiosk.
2026-07-10 23:33:50.560 +03:00 [INF] Expired 1 stale QR token(s); a replacement was pushed to the kiosk.
2026-07-10 23:34:10.555 +03:00 [INF] Expired 1 stale QR token(s); a replacement was pushed to the kiosk.
2026-07-10 23:34:30.549 +03:00 [INF] Expired 1 stale QR token(s); a replacement was pushed to the kiosk.
2026-07-10 23:34:50.554 +03:00 [INF] Expired 1 stale QR token(s); a replacement was pushed to the kiosk.
2026-07-10 23:35:05.560 +03:00 [INF] Expired 1 stale QR token(s); a replacement was pushed to the kiosk.
2026-07-10 23:35:25.554 +03:00 [INF] Expired 1 stale QR token(s); a replacement was pushed to the kiosk.
2026-07-10 23:35:45.554 +03:00 [INF] Expired 1 stale QR token(s); a replacement was pushed to the kiosk.
2026-07-10 23:36:05.556 +03:00 [INF] Expired 1 stale QR token(s); a replacement was pushed to the kiosk.
2026-07-10 23:36:25.546 +03:00 [INF] Expired 1 stale QR token(s); a replacement was pushed to the kiosk.
2026-07-10 23:36:45.565 +03:00 [INF] Expired 1 stale QR token(s); a replacement was pushed to the kiosk.
2026-07-10 23:37:05.557 +03:00 [INF] Expired 1 stale QR token(s); a replacement was pushed to the kiosk.
2026-07-10 23:37:25.555 +03:00 [INF] Expired 1 stale QR token(s); a replacement was pushed to the kiosk.
2026-07-10 23:37:45.547 +03:00 [INF] Expired 1 stale QR token(s); a replacement was pushed to the kiosk.
2026-07-10 23:38:05.561 +03:00 [INF] Expired 1 stale QR token(s); a replacement was pushed to the kiosk.
2026-07-10 23:38:25.556 +03:00 [INF] Expired 1 stale QR token(s); a replacement was pushed to the kiosk.
2026-07-10 23:38:45.549 +03:00 [INF] Expired 1 stale QR token(s); a replacement was pushed to the kiosk.
2026-07-10 23:39:05.560 +03:00 [INF] Expired 1 stale QR token(s); a replacement was pushed to the kiosk.
2026-07-10 23:39:25.546 +03:00 [INF] Expired 1 stale QR token(s); a replacement was pushed to the kiosk.
2026-07-10 23:39:45.555 +03:00 [INF] Expired 1 stale QR token(s); a replacement was pushed to the kiosk.
2026-07-10 23:40:05.557 +03:00 [INF] Expired 1 stale QR token(s); a replacement was pushed to the kiosk.
2026-07-10 23:40:25.551 +03:00 [INF] Expired 1 stale QR token(s); a replacement was pushed to the kiosk.
2026-07-10 23:40:40.560 +03:00 [INF] Expired 1 stale QR token(s); a replacement was pushed to the kiosk.
2026-07-10 23:41:00.556 +03:00 [INF] Expired 1 stale QR token(s); a replacement was pushed to the kiosk.
2026-07-10 23:41:20.554 +03:00 [INF] Expired 1 stale QR token(s); a replacement was pushed to the kiosk.
2026-07-10 23:41:40.551 +03:00 [INF] Expired 1 stale QR token(s); a replacement was pushed to the kiosk.
2026-07-10 23:42:00.550 +03:00 [INF] Expired 1 stale QR token(s); a replacement was pushed to the kiosk.
2026-07-10 23:42:15.562 +03:00 [INF] Expired 1 stale QR token(s); a replacement was pushed to the kiosk.
2026-07-10 23:42:35.549 +03:00 [INF] Expired 1 stale QR token(s); a replacement was pushed to the kiosk.
2026-07-10 23:42:50.552 +03:00 [INF] Expired 1 stale QR token(s); a replacement was pushed to the kiosk.
2026-07-10 23:43:10.552 +03:00 [INF] Expired 1 stale QR token(s); a replacement was pushed to the kiosk.
2026-07-10 23:43:30.548 +03:00 [INF] Expired 1 stale QR token(s); a replacement was pushed to the kiosk.
2026-07-10 23:43:50.540 +03:00 [INF] Expired 1 stale QR token(s); a replacement was pushed to the kiosk.
2026-07-10 23:44:10.544 +03:00 [INF] Expired 1 stale QR token(s); a replacement was pushed to the kiosk.
2026-07-10 23:44:25.561 +03:00 [INF] Expired 1 stale QR token(s); a replacement was pushed to the kiosk.
2026-07-10 23:44:45.560 +03:00 [INF] Expired 1 stale QR token(s); a replacement was pushed to the kiosk.
2026-07-10 23:45:05.547 +03:00 [INF] Expired 1 stale QR token(s); a replacement was pushed to the kiosk.
2026-07-10 23:45:25.548 +03:00 [INF] Expired 1 stale QR token(s); a replacement was pushed to the kiosk.
2026-07-10 23:45:40.559 +03:00 [INF] Expired 1 stale QR token(s); a replacement was pushed to the kiosk.
2026-07-10 23:46:00.549 +03:00 [INF] Expired 1 stale QR token(s); a replacement was pushed to the kiosk.
2026-07-10 23:46:20.556 +03:00 [INF] Expired 1 stale QR token(s); a replacement was pushed to the kiosk.
2026-07-10 23:46:40.551 +03:00 [INF] Expired 1 stale QR token(s); a replacement was pushed to the kiosk.
2026-07-10 23:46:55.556 +03:00 [INF] Expired 1 stale QR token(s); a replacement was pushed to the kiosk.
2026-07-10 23:47:15.553 +03:00 [INF] Expired 1 stale QR token(s); a replacement was pushed to the kiosk.
2026-07-10 23:47:35.553 +03:00 [INF] Expired 1 stale QR token(s); a replacement was pushed to the kiosk.
2026-07-10 23:47:55.553 +03:00 [INF] Expired 1 stale QR token(s); a replacement was pushed to the kiosk.
2026-07-10 23:48:10.558 +03:00 [INF] Expired 1 stale QR token(s); a replacement was pushed to the kiosk.
2026-07-10 23:48:30.551 +03:00 [INF] Expired 1 stale QR token(s); a replacement was pushed to the kiosk.
2026-07-10 23:48:50.555 +03:00 [INF] Expired 1 stale QR token(s); a replacement was pushed to the kiosk.
2026-07-10 23:49:10.546 +03:00 [INF] Expired 1 stale QR token(s); a replacement was pushed to the kiosk.
2026-07-10 23:49:30.544 +03:00 [INF] Expired 1 stale QR token(s); a replacement was pushed to the kiosk.
2026-07-10 23:49:45.552 +03:00 [INF] Expired 1 stale QR token(s); a replacement was pushed to the kiosk.
2026-07-10 23:50:05.552 +03:00 [INF] Expired 1 stale QR token(s); a replacement was pushed to the kiosk.
2026-07-10 23:50:25.549 +03:00 [INF] Expired 1 stale QR token(s); a replacement was pushed to the kiosk.
2026-07-10 23:50:40.556 +03:00 [INF] Expired 1 stale QR token(s); a replacement was pushed to the kiosk.
2026-07-10 23:51:00.571 +03:00 [INF] Expired 1 stale QR token(s); a replacement was pushed to the kiosk.
2026-07-10 23:51:20.556 +03:00 [INF] Expired 1 stale QR token(s); a replacement was pushed to the kiosk.
2026-07-10 23:51:40.560 +03:00 [INF] Expired 1 stale QR token(s); a replacement was pushed to the kiosk.
2026-07-10 23:52:00.548 +03:00 [INF] Expired 1 stale QR token(s); a replacement was pushed to the kiosk.
2026-07-10 23:52:15.562 +03:00 [INF] Expired 1 stale QR token(s); a replacement was pushed to the kiosk.
2026-07-10 23:52:35.551 +03:00 [INF] Expired 1 stale QR token(s); a replacement was pushed to the kiosk.
2026-07-10 23:52:55.546 +03:00 [INF] Expired 1 stale QR token(s); a replacement was pushed to the kiosk.
2026-07-10 23:53:10.557 +03:00 [INF] Expired 1 stale QR token(s); a replacement was pushed to the kiosk.
2026-07-10 23:53:30.545 +03:00 [INF] Expired 1 stale QR token(s); a replacement was pushed to the kiosk.
2026-07-10 23:53:45.556 +03:00 [INF] Expired 1 stale QR token(s); a replacement was pushed to the kiosk.
2026-07-10 23:54:05.556 +03:00 [INF] Expired 1 stale QR token(s); a replacement was pushed to the kiosk.
2026-07-10 23:54:25.557 +03:00 [INF] Expired 1 stale QR token(s); a replacement was pushed to the kiosk.
2026-07-10 23:54:45.544 +03:00 [INF] Expired 1 stale QR token(s); a replacement was pushed to the kiosk.
2026-07-10 23:55:05.545 +03:00 [INF] Expired 1 stale QR token(s); a replacement was pushed to the kiosk.
2026-07-10 23:55:20.570 +03:00 [INF] Expired 1 stale QR token(s); a replacement was pushed to the kiosk.
2026-07-10 23:55:40.550 +03:00 [INF] Expired 1 stale QR token(s); a replacement was pushed to the kiosk.
2026-07-10 23:55:55.559 +03:00 [INF] Expired 1 stale QR token(s); a replacement was pushed to the kiosk.
2026-07-10 23:56:15.545 +03:00 [INF] Expired 1 stale QR token(s); a replacement was pushed to the kiosk.
2026-07-10 23:56:35.555 +03:00 [INF] Expired 1 stale QR token(s); a replacement was pushed to the kiosk.
2026-07-10 23:56:55.548 +03:00 [INF] Expired 1 stale QR token(s); a replacement was pushed to the kiosk.
2026-07-10 23:57:10.558 +03:00 [INF] Expired 1 stale QR token(s); a replacement was pushed to the kiosk.
2026-07-10 23:57:30.547 +03:00 [INF] Expired 1 stale QR token(s); a replacement was pushed to the kiosk.
2026-07-10 23:57:50.553 +03:00 [INF] Expired 1 stale QR token(s); a replacement was pushed to the kiosk.
2026-07-10 23:58:10.543 +03:00 [INF] Expired 1 stale QR token(s); a replacement was pushed to the kiosk.
2026-07-10 23:58:30.557 +03:00 [INF] Expired 1 stale QR token(s); a replacement was pushed to the kiosk.
2026-07-10 23:58:50.555 +03:00 [INF] Expired 1 stale QR token(s); a replacement was pushed to the kiosk.
2026-07-10 23:59:10.548 +03:00 [INF] Expired 1 stale QR token(s); a replacement was pushed to the kiosk.
2026-07-10 23:59:25.558 +03:00 [INF] Expired 1 stale QR token(s); a replacement was pushed to the kiosk.
2026-07-10 23:59:45.579 +03:00 [INF] Expired 1 stale QR token(s); a replacement was pushed to the kiosk.
