2026-08-05 16:20:02.195 +03:00 [WRN] The 'StaffStatus' property 'Status' on entity type 'Staff' is configured with a database-generated default, but has no configured sentinel value. The database-generated default will always be used for inserts when the property has the value 'Inactive', since this is the CLR default for the 'StaffStatus' type. Consider using a nullable type, using a nullable backing field, or setting the sentinel value for the property to ensure the database default is used when, and only when, appropriate. See https://aka.ms/efcore-docs-default-values for more information.
2026-08-05 16:20:02.907 +03:00 [INF] Kiosk QR deep-link base: http://192.168.1.19:4200/scan — phones must be able to reach this host.
2026-08-05 16:20:02.909 +03:00 [INF] Public Employee ID QR base URL: https://192.168.1.19:4200/employee-id — generated QR codes will resolve to this address.
2026-08-05 16:20:02.932 +03:00 [INF] QR token expiry sweep started (interval 5s).
2026-08-05 16:20:02.968 +03:00 [ERR] Hosting failed to start
System.IO.IOException: Failed to bind to address http://0.0.0.0:5080: address already in use.
 ---> Microsoft.AspNetCore.Connections.AddressInUseException: Only one usage of each socket address (protocol/network address/port) is normally permitted.
 ---> System.Net.Sockets.SocketException (10048): Only one usage of each socket address (protocol/network address/port) is normally permitted.
   at System.Net.Sockets.Socket.UpdateStatusAfterSocketErrorAndThrowException(SocketError error, Boolean disconnectOnFailure, String callerName)
   at System.Net.Sockets.Socket.DoBind(EndPoint endPointSnapshot, SocketAddress socketAddress)
   at System.Net.Sockets.Socket.Bind(EndPoint localEP)
   at Microsoft.AspNetCore.Server.Kestrel.Transport.Sockets.SocketTransportOptions.CreateDefaultBoundListenSocket(EndPoint endpoint)
   at Microsoft.AspNetCore.Server.Kestrel.Transport.Sockets.SocketConnectionListener.Bind()
   --- End of inner exception stack trace ---
   at Microsoft.AspNetCore.Server.Kestrel.Transport.Sockets.SocketConnectionListener.Bind()
   at Microsoft.AspNetCore.Server.Kestrel.Transport.Sockets.SocketTransportFactory.BindAsync(EndPoint endpoint, CancellationToken cancellationToken)
   at Microsoft.AspNetCore.Server.Kestrel.Core.Internal.Infrastructure.TransportManager.BindAsync(EndPoint endPoint, ConnectionDelegate connectionDelegate, EndpointConfig endpointConfig, CancellationToken cancellationToken)
   at Microsoft.AspNetCore.Server.Kestrel.Core.KestrelServerImpl.<>c__DisplayClass28_0`1.<<StartAsync>g__OnBind|0>d.MoveNext()
--- End of stack trace from previous location ---
   at Microsoft.AspNetCore.Server.Kestrel.Core.Internal.AddressBinder.BindEndpointAsync(ListenOptions endpoint, AddressBindContext context, CancellationToken cancellationToken)
   --- End of inner exception stack trace ---
   at Microsoft.AspNetCore.Server.Kestrel.Core.Internal.AddressBinder.BindEndpointAsync(ListenOptions endpoint, AddressBindContext context, CancellationToken cancellationToken)
   at Microsoft.AspNetCore.Server.Kestrel.Core.ListenOptions.BindAsync(AddressBindContext context, CancellationToken cancellationToken)
   at Microsoft.AspNetCore.Server.Kestrel.Core.Internal.AddressBinder.AddressesStrategy.BindAsync(AddressBindContext context, CancellationToken cancellationToken)
   at Microsoft.AspNetCore.Server.Kestrel.Core.KestrelServerImpl.BindAsync(CancellationToken cancellationToken)
   at Microsoft.AspNetCore.Server.Kestrel.Core.KestrelServerImpl.StartAsync[TContext](IHttpApplication`1 application, CancellationToken cancellationToken)
   at Microsoft.AspNetCore.Hosting.GenericWebHostService.StartAsync(CancellationToken cancellationToken)
   at Microsoft.Extensions.Hosting.Internal.Host.<StartAsync>b__14_1(IHostedService service, CancellationToken token)
   at Microsoft.Extensions.Hosting.Internal.Host.ForeachService[T](IEnumerable`1 services, CancellationToken token, Boolean concurrent, Boolean abortOnFirstException, List`1 exceptions, Func`3 operation)
2026-08-05 16:20:03.016 +03:00 [ERR] BackgroundService failed
System.OperationCanceledException: The operation was canceled.
   at System.Threading.PeriodicTimer.State.Signal(Boolean stopping, CancellationToken cancellationToken)
   at System.Threading.CancellationTokenSource.ExecuteCallbackHandlers(Boolean throwOnFirstException)
   at Microsoft.Extensions.DependencyInjection.ServiceLookup.ServiceProviderEngineScope.DisposeAsync()
   at Microsoft.Extensions.Hosting.Internal.Host.DisposeAsync()
   at System.Runtime.CompilerServices.AsyncMethodBuilderCore.Start[TStateMachine](TStateMachine& stateMachine)
   at Microsoft.Extensions.Hosting.Internal.Host.DisposeAsync()
   at Microsoft.Extensions.Hosting.HostingAbstractionsHostExtensions.RunAsync(IHost host, CancellationToken token)
   at System.Runtime.CompilerServices.AsyncMethodBuilderCore.Start[TStateMachine](TStateMachine& stateMachine)
   at Microsoft.Extensions.Hosting.HostingAbstractionsHostExtensions.RunAsync(IHost host, CancellationToken token)
   at Microsoft.Extensions.Hosting.HostingAbstractionsHostExtensions.Run(IHost host)
   at Program.<Main>$(String[] args) in C:\employer\src\Attendance.Api\Program.cs:line 215
   at System.Threading.ExecutionContext.RunInternal(ExecutionContext executionContext, ContextCallback callback, Object state)
   at System.Runtime.CompilerServices.AsyncTaskMethodBuilder`1.AsyncStateMachineBox`1.MoveNext(Thread threadPoolThread)
   at System.Threading.Tasks.AwaitTaskContinuation.RunOrScheduleAction(IAsyncStateMachineBox box, Boolean allowInlining)
   at System.Threading.Tasks.Task.RunContinuations(Object continuationObject)
   at System.Threading.Tasks.Task`1.TrySetResult(TResult result)
   at System.Runtime.CompilerServices.AsyncTaskMethodBuilder`1.SetExistingTaskResult(Task`1 task, TResult result)
   at Attendance.Infrastructure.Data.SeedData.SeedAsync(IServiceProvider serviceProvider) in C:\employer\src\Attendance.Infrastructure\Data\SeedData.cs:line 35
   at System.Threading.ExecutionContext.RunInternal(ExecutionContext executionContext, ContextCallback callback, Object state)
   at System.Runtime.CompilerServices.AsyncTaskMethodBuilder`1.AsyncStateMachineBox`1.MoveNext(Thread threadPoolThread)
   at System.Threading.Tasks.AwaitTaskContinuation.RunOrScheduleAction(IAsyncStateMachineBox box, Boolean allowInlining)
   at System.Threading.Tasks.Task.RunContinuations(Object continuationObject)
   at System.Threading.Tasks.Task`1.TrySetResult(TResult result)
   at System.Runtime.CompilerServices.AsyncTaskMethodBuilder`1.SetExistingTaskResult(Task`1 task, TResult result)
   at Attendance.Infrastructure.Data.SeedData.SeedAdminUserAsync(UserManager`1 userManager, ILogger logger) in C:\employer\src\Attendance.Infrastructure\Data\SeedData.cs:line 215
   at System.Threading.ExecutionContext.RunInternal(ExecutionContext executionContext, ContextCallback callback, Object state)
   at System.Runtime.CompilerServices.AsyncTaskMethodBuilder`1.AsyncStateMachineBox`1.MoveNext(Thread threadPoolThread)
   at System.Threading.Tasks.AwaitTaskContinuation.RunOrScheduleAction(IAsyncStateMachineBox box, Boolean allowInlining)
   at System.Threading.Tasks.Task.RunContinuations(Object continuationObject)
   at System.Threading.Tasks.Task`1.TrySetResult(TResult result)
   at System.Runtime.CompilerServices.AsyncTaskMethodBuilder`1.SetExistingTaskResult(Task`1 task, TResult result)
   at Microsoft.AspNetCore.Identity.UserManager`1.FindByNameAsync(String userName)
   at System.Runtime.CompilerServices.AsyncTaskMethodBuilder`1.AsyncStateMachineBox`1.ExecutionContextCallback(Object s)
   at System.Threading.ExecutionContext.RunInternal(ExecutionContext executionContext, ContextCallback callback, Object state)
   at System.Runtime.CompilerServices.AsyncTaskMethodBuilder`1.AsyncStateMachineBox`1.MoveNext(Thread threadPoolThread)
   at System.Runtime.CompilerServices.AsyncTaskMethodBuilder`1.AsyncStateMachineBox`1.MoveNext()
   at System.Threading.Tasks.AwaitTaskContinuation.RunOrScheduleAction(IAsyncStateMachineBox box, Boolean allowInlining)
   at System.Threading.Tasks.Task.RunContinuations(Object continuationObject)
   at System.Threading.Tasks.Task`1.TrySetResult(TResult result)
   at System.Runtime.CompilerServices.AsyncTaskMethodBuilder`1.SetExistingTaskResult(Task`1 task, TResult result)
   at Microsoft.EntityFrameworkCore.Query.ShapedQueryCompilingExpressionVisitor.SingleOrDefaultAsync[TSource](IAsyncEnumerable`1 asyncEnumerable, CancellationToken cancellationToken)
   at System.Runtime.CompilerServices.AsyncTaskMethodBuilder`1.AsyncStateMachineBox`1.ExecutionContextCallback(Object s)
   at System.Threading.ExecutionContext.RunInternal(ExecutionContext executionContext, ContextCallback callback, Object state)
   at System.Runtime.CompilerServices.AsyncTaskMethodBuilder`1.AsyncStateMachineBox`1.MoveNext(Thread threadPoolThread)
   at System.Runtime.CompilerServices.AsyncTaskMethodBuilder`1.AsyncStateMachineBox`1.MoveNext()
   at System.Threading.Tasks.AwaitTaskContinuation.RunOrScheduleAction(IAsyncStateMachineBox box, Boolean allowInlining)
   at System.Threading.Tasks.Task.RunContinuations(Object continuationObject)
   at System.Threading.Tasks.Task`1.TrySetResult(TResult result)
   at System.Runtime.CompilerServices.AsyncTaskMethodBuilder`1.SetExistingTaskResult(Task`1 task, TResult result)
   at Microsoft.EntityFrameworkCore.Query.Internal.SingleQueryingEnumerable`1.AsyncEnumerator.MoveNextAsync()
   at System.Runtime.CompilerServices.AsyncTaskMethodBuilder`1.AsyncStateMachineBox`1.ExecutionContextCallback(Object s)
   at System.Threading.ExecutionContext.RunInternal(ExecutionContext executionContext, ContextCallback callback, Object state)
   at System.Runtime.CompilerServices.AsyncTaskMethodBuilder`1.AsyncStateMachineBox`1.MoveNext(Thread threadPoolThread)
   at System.Runtime.CompilerServices.AsyncTaskMethodBuilder`1.AsyncStateMachineBox`1.MoveNext()
   at System.Threading.Tasks.AwaitTaskContinuation.RunOrScheduleAction(IAsyncStateMachineBox box, Boolean allowInlining)
   at System.Threading.Tasks.Task.RunContinuations(Object continuationObject)
   at System.Threading.Tasks.Task`1.TrySetResult(TResult result)
   at System.Runtime.CompilerServices.AsyncTaskMethodBuilder`1.SetExistingTaskResult(Task`1 task, TResult result)
   at Microsoft.EntityFrameworkCore.SqlServer.Storage.Internal.SqlServerExecutionStrategy.ExecuteAsync[TState,TResult](TState state, Func`4 operation, Func`4 verifySucceeded, CancellationToken cancellationToken)
   at System.Runtime.CompilerServices.AsyncTaskMethodBuilder`1.AsyncStateMachineBox`1.ExecutionContextCallback(Object s)
   at System.Threading.ExecutionContext.RunInternal(ExecutionContext executionContext, ContextCallback callback, Object state)
   at System.Runtime.CompilerServices.AsyncTaskMethodBuilder`1.AsyncStateMachineBox`1.MoveNext(Thread threadPoolThread)
   at System.Runtime.CompilerServices.AsyncTaskMethodBuilder`1.AsyncStateMachineBox`1.MoveNext()
   at System.Threading.Tasks.AwaitTaskContinuation.RunOrScheduleAction(IAsyncStateMachineBox box, Boolean allowInlining)
   at System.Threading.Tasks.Task.RunContinuations(Object continuationObject)
   at System.Threading.Tasks.Task`1.TrySetResult(TResult result)
   at System.Runtime.CompilerServices.AsyncTaskMethodBuilder`1.SetExistingTaskResult(Task`1 task, TResult result)
   at Microsoft.EntityFrameworkCore.Query.Internal.SingleQueryingEnumerable`1.AsyncEnumerator.InitializeReaderAsync(AsyncEnumerator enumerator, CancellationToken cancellationToken)
   at System.Runtime.CompilerServices.AsyncTaskMethodBuilder`1.AsyncStateMachineBox`1.ExecutionContextCallback(Object s)
   at System.Threading.ExecutionContext.RunInternal(ExecutionContext executionContext, ContextCallback callback, Object state)
   at System.Runtime.CompilerServices.AsyncTaskMethodBuilder`1.AsyncStateMachineBox`1.MoveNext(Thread threadPoolThread)
   at System.Runtime.CompilerServices.AsyncTaskMethodBuilder`1.AsyncStateMachineBox`1.MoveNext()
   at System.Threading.Tasks.AwaitTaskContinuation.RunOrScheduleAction(IAsyncStateMachineBox box, Boolean allowInlining)
   at System.Threading.Tasks.Task.RunContinuations(Object continuationObject)
   at System.Threading.Tasks.Task`1.TrySetResult(TResult result)
   at System.Runtime.CompilerServices.AsyncTaskMethodBuilder`1.SetExistingTaskResult(Task`1 task, TResult result)
   at Microsoft.EntityFrameworkCore.Storage.RelationalCommand.ExecuteReaderAsync(RelationalCommandParameterObject parameterObject, CancellationToken cancellationToken)
   at System.Runtime.CompilerServices.AsyncTaskMethodBuilder`1.AsyncStateMachineBox`1.ExecutionContextCallback(Object s)
   at System.Threading.ExecutionContext.RunInternal(ExecutionContext executionContext, ContextCallback callback, Object state)
   at System.Runtime.CompilerServices.AsyncTaskMethodBuilder`1.AsyncStateMachineBox`1.MoveNext(Thread threadPoolThread)
   at System.Runtime.CompilerServices.AsyncTaskMethodBuilder`1.AsyncStateMachineBox`1.MoveNext()
   at System.Threading.Tasks.AwaitTaskContinuation.RunOrScheduleAction(IAsyncStateMachineBox box, Boolean allowInlining)
   at System.Threading.Tasks.Task.RunContinuations(Object continuationObject)
   at System.Threading.Tasks.Task.FinishSlow(Boolean userDelegateExecute)
   at System.Threading.Tasks.Task.ExecuteWithThreadLocal(Task& currentTaskSlot, Thread threadPoolThread)
   at System.Threading.Tasks.ThreadPoolTaskScheduler.TryExecuteTaskInline(Task task, Boolean taskWasPreviouslyQueued)
   at System.Threading.Tasks.TaskScheduler.TryRunInline(Task task, Boolean taskWasPreviouslyQueued)
   at System.Threading.Tasks.TaskContinuation.InlineIfPossibleOrElseQueue(Task task, Boolean needsProtection)
   at System.Threading.Tasks.Task.RunContinuations(Object continuationObject)
   at System.Threading.Tasks.Task`1.TrySetResult(TResult result)
   at System.Threading.Tasks.UnwrapPromise`1.TrySetFromTask(Task task, Boolean lookForOce)
   at System.Threading.Tasks.UnwrapPromise`1.ProcessInnerTask(Task task)
   at System.Threading.Tasks.Task.RunContinuations(Object continuationObject)
   at System.Threading.Tasks.Task.FinishSlow(Boolean userDelegateExecute)
   at System.Threading.Tasks.Task.ExecuteWithThreadLocal(Task& currentTaskSlot, Thread threadPoolThread)
   at System.Threading.ThreadPoolWorkQueue.Dispatch()
   at System.Threading.PortableThreadPool.WorkerThread.WorkerThreadStart()
   at System.Threading.Thread.StartCallback()
--- End of stack trace from previous location ---
   at System.Threading.PeriodicTimer.State.System.Threading.Tasks.Sources.IValueTaskSource<System.Boolean>.GetResult(Int16 token)
   at Attendance.Api.BackgroundServices.QrTokenExpiryBackgroundService.ExecuteAsync(CancellationToken stoppingToken) in C:\employer\src\Attendance.Api\BackgroundServices\QrTokenExpiryBackgroundService.cs:line 39
   at Microsoft.Extensions.Hosting.Internal.Host.TryExecuteBackgroundServiceAsync(BackgroundService backgroundService)
2026-08-05 16:20:03.026 +03:00 [FTL] The HostOptions.BackgroundServiceExceptionBehavior is configured to StopHost. A BackgroundService has thrown an unhandled exception, and the IHost instance is stopping. To avoid this behavior, configure this to Ignore; however the BackgroundService will not be restarted.
System.OperationCanceledException: The operation was canceled.
   at System.Threading.PeriodicTimer.State.Signal(Boolean stopping, CancellationToken cancellationToken)
   at System.Threading.CancellationTokenSource.ExecuteCallbackHandlers(Boolean throwOnFirstException)
   at Microsoft.Extensions.DependencyInjection.ServiceLookup.ServiceProviderEngineScope.DisposeAsync()
   at Microsoft.Extensions.Hosting.Internal.Host.DisposeAsync()
   at System.Runtime.CompilerServices.AsyncMethodBuilderCore.Start[TStateMachine](TStateMachine& stateMachine)
   at Microsoft.Extensions.Hosting.Internal.Host.DisposeAsync()
   at Microsoft.Extensions.Hosting.HostingAbstractionsHostExtensions.RunAsync(IHost host, CancellationToken token)
   at System.Runtime.CompilerServices.AsyncMethodBuilderCore.Start[TStateMachine](TStateMachine& stateMachine)
   at Microsoft.Extensions.Hosting.HostingAbstractionsHostExtensions.RunAsync(IHost host, CancellationToken token)
   at Microsoft.Extensions.Hosting.HostingAbstractionsHostExtensions.Run(IHost host)
   at Program.<Main>$(String[] args) in C:\employer\src\Attendance.Api\Program.cs:line 215
   at System.Threading.ExecutionContext.RunInternal(ExecutionContext executionContext, ContextCallback callback, Object state)
   at System.Runtime.CompilerServices.AsyncTaskMethodBuilder`1.AsyncStateMachineBox`1.MoveNext(Thread threadPoolThread)
   at System.Threading.Tasks.AwaitTaskContinuation.RunOrScheduleAction(IAsyncStateMachineBox box, Boolean allowInlining)
   at System.Threading.Tasks.Task.RunContinuations(Object continuationObject)
   at System.Threading.Tasks.Task`1.TrySetResult(TResult result)
   at System.Runtime.CompilerServices.AsyncTaskMethodBuilder`1.SetExistingTaskResult(Task`1 task, TResult result)
   at Attendance.Infrastructure.Data.SeedData.SeedAsync(IServiceProvider serviceProvider) in C:\employer\src\Attendance.Infrastructure\Data\SeedData.cs:line 35
   at System.Threading.ExecutionContext.RunInternal(ExecutionContext executionContext, ContextCallback callback, Object state)
   at System.Runtime.CompilerServices.AsyncTaskMethodBuilder`1.AsyncStateMachineBox`1.MoveNext(Thread threadPoolThread)
   at System.Threading.Tasks.AwaitTaskContinuation.RunOrScheduleAction(IAsyncStateMachineBox box, Boolean allowInlining)
   at System.Threading.Tasks.Task.RunContinuations(Object continuationObject)
   at System.Threading.Tasks.Task`1.TrySetResult(TResult result)
   at System.Runtime.CompilerServices.AsyncTaskMethodBuilder`1.SetExistingTaskResult(Task`1 task, TResult result)
   at Attendance.Infrastructure.Data.SeedData.SeedAdminUserAsync(UserManager`1 userManager, ILogger logger) in C:\employer\src\Attendance.Infrastructure\Data\SeedData.cs:line 215
   at System.Threading.ExecutionContext.RunInternal(ExecutionContext executionContext, ContextCallback callback, Object state)
   at System.Runtime.CompilerServices.AsyncTaskMethodBuilder`1.AsyncStateMachineBox`1.MoveNext(Thread threadPoolThread)
   at System.Threading.Tasks.AwaitTaskContinuation.RunOrScheduleAction(IAsyncStateMachineBox box, Boolean allowInlining)
   at System.Threading.Tasks.Task.RunContinuations(Object continuationObject)
   at System.Threading.Tasks.Task`1.TrySetResult(TResult result)
   at System.Runtime.CompilerServices.AsyncTaskMethodBuilder`1.SetExistingTaskResult(Task`1 task, TResult result)
   at Microsoft.AspNetCore.Identity.UserManager`1.FindByNameAsync(String userName)
   at System.Runtime.CompilerServices.AsyncTaskMethodBuilder`1.AsyncStateMachineBox`1.ExecutionContextCallback(Object s)
   at System.Threading.ExecutionContext.RunInternal(ExecutionContext executionContext, ContextCallback callback, Object state)
   at System.Runtime.CompilerServices.AsyncTaskMethodBuilder`1.AsyncStateMachineBox`1.MoveNext(Thread threadPoolThread)
   at System.Runtime.CompilerServices.AsyncTaskMethodBuilder`1.AsyncStateMachineBox`1.MoveNext()
   at System.Threading.Tasks.AwaitTaskContinuation.RunOrScheduleAction(IAsyncStateMachineBox box, Boolean allowInlining)
   at System.Threading.Tasks.Task.RunContinuations(Object continuationObject)
   at System.Threading.Tasks.Task`1.TrySetResult(TResult result)
   at System.Runtime.CompilerServices.AsyncTaskMethodBuilder`1.SetExistingTaskResult(Task`1 task, TResult result)
   at Microsoft.EntityFrameworkCore.Query.ShapedQueryCompilingExpressionVisitor.SingleOrDefaultAsync[TSource](IAsyncEnumerable`1 asyncEnumerable, CancellationToken cancellationToken)
   at System.Runtime.CompilerServices.AsyncTaskMethodBuilder`1.AsyncStateMachineBox`1.ExecutionContextCallback(Object s)
   at System.Threading.ExecutionContext.RunInternal(ExecutionContext executionContext, ContextCallback callback, Object state)
   at System.Runtime.CompilerServices.AsyncTaskMethodBuilder`1.AsyncStateMachineBox`1.MoveNext(Thread threadPoolThread)
   at System.Runtime.CompilerServices.AsyncTaskMethodBuilder`1.AsyncStateMachineBox`1.MoveNext()
   at System.Threading.Tasks.AwaitTaskContinuation.RunOrScheduleAction(IAsyncStateMachineBox box, Boolean allowInlining)
   at System.Threading.Tasks.Task.RunContinuations(Object continuationObject)
   at System.Threading.Tasks.Task`1.TrySetResult(TResult result)
   at System.Runtime.CompilerServices.AsyncTaskMethodBuilder`1.SetExistingTaskResult(Task`1 task, TResult result)
   at Microsoft.EntityFrameworkCore.Query.Internal.SingleQueryingEnumerable`1.AsyncEnumerator.MoveNextAsync()
   at System.Runtime.CompilerServices.AsyncTaskMethodBuilder`1.AsyncStateMachineBox`1.ExecutionContextCallback(Object s)
   at System.Threading.ExecutionContext.RunInternal(ExecutionContext executionContext, ContextCallback callback, Object state)
   at System.Runtime.CompilerServices.AsyncTaskMethodBuilder`1.AsyncStateMachineBox`1.MoveNext(Thread threadPoolThread)
   at System.Runtime.CompilerServices.AsyncTaskMethodBuilder`1.AsyncStateMachineBox`1.MoveNext()
   at System.Threading.Tasks.AwaitTaskContinuation.RunOrScheduleAction(IAsyncStateMachineBox box, Boolean allowInlining)
   at System.Threading.Tasks.Task.RunContinuations(Object continuationObject)
   at System.Threading.Tasks.Task`1.TrySetResult(TResult result)
   at System.Runtime.CompilerServices.AsyncTaskMethodBuilder`1.SetExistingTaskResult(Task`1 task, TResult result)
   at Microsoft.EntityFrameworkCore.SqlServer.Storage.Internal.SqlServerExecutionStrategy.ExecuteAsync[TState,TResult](TState state, Func`4 operation, Func`4 verifySucceeded, CancellationToken cancellationToken)
   at System.Runtime.CompilerServices.AsyncTaskMethodBuilder`1.AsyncStateMachineBox`1.ExecutionContextCallback(Object s)
   at System.Threading.ExecutionContext.RunInternal(ExecutionContext executionContext, ContextCallback callback, Object state)
   at System.Runtime.CompilerServices.AsyncTaskMethodBuilder`1.AsyncStateMachineBox`1.MoveNext(Thread threadPoolThread)
   at System.Runtime.CompilerServices.AsyncTaskMethodBuilder`1.AsyncStateMachineBox`1.MoveNext()
   at System.Threading.Tasks.AwaitTaskContinuation.RunOrScheduleAction(IAsyncStateMachineBox box, Boolean allowInlining)
   at System.Threading.Tasks.Task.RunContinuations(Object continuationObject)
   at System.Threading.Tasks.Task`1.TrySetResult(TResult result)
   at System.Runtime.CompilerServices.AsyncTaskMethodBuilder`1.SetExistingTaskResult(Task`1 task, TResult result)
   at Microsoft.EntityFrameworkCore.Query.Internal.SingleQueryingEnumerable`1.AsyncEnumerator.InitializeReaderAsync(AsyncEnumerator enumerator, CancellationToken cancellationToken)
   at System.Runtime.CompilerServices.AsyncTaskMethodBuilder`1.AsyncStateMachineBox`1.ExecutionContextCallback(Object s)
   at System.Threading.ExecutionContext.RunInternal(ExecutionContext executionContext, ContextCallback callback, Object state)
   at System.Runtime.CompilerServices.AsyncTaskMethodBuilder`1.AsyncStateMachineBox`1.MoveNext(Thread threadPoolThread)
   at System.Runtime.CompilerServices.AsyncTaskMethodBuilder`1.AsyncStateMachineBox`1.MoveNext()
   at System.Threading.Tasks.AwaitTaskContinuation.RunOrScheduleAction(IAsyncStateMachineBox box, Boolean allowInlining)
   at System.Threading.Tasks.Task.RunContinuations(Object continuationObject)
   at System.Threading.Tasks.Task`1.TrySetResult(TResult result)
   at System.Runtime.CompilerServices.AsyncTaskMethodBuilder`1.SetExistingTaskResult(Task`1 task, TResult result)
   at Microsoft.EntityFrameworkCore.Storage.RelationalCommand.ExecuteReaderAsync(RelationalCommandParameterObject parameterObject, CancellationToken cancellationToken)
   at System.Runtime.CompilerServices.AsyncTaskMethodBuilder`1.AsyncStateMachineBox`1.ExecutionContextCallback(Object s)
   at System.Threading.ExecutionContext.RunInternal(ExecutionContext executionContext, ContextCallback callback, Object state)
   at System.Runtime.CompilerServices.AsyncTaskMethodBuilder`1.AsyncStateMachineBox`1.MoveNext(Thread threadPoolThread)
   at System.Runtime.CompilerServices.AsyncTaskMethodBuilder`1.AsyncStateMachineBox`1.MoveNext()
   at System.Threading.Tasks.AwaitTaskContinuation.RunOrScheduleAction(IAsyncStateMachineBox box, Boolean allowInlining)
   at System.Threading.Tasks.Task.RunContinuations(Object continuationObject)
   at System.Threading.Tasks.Task.FinishSlow(Boolean userDelegateExecute)
   at System.Threading.Tasks.Task.ExecuteWithThreadLocal(Task& currentTaskSlot, Thread threadPoolThread)
   at System.Threading.Tasks.ThreadPoolTaskScheduler.TryExecuteTaskInline(Task task, Boolean taskWasPreviouslyQueued)
   at System.Threading.Tasks.TaskScheduler.TryRunInline(Task task, Boolean taskWasPreviouslyQueued)
   at System.Threading.Tasks.TaskContinuation.InlineIfPossibleOrElseQueue(Task task, Boolean needsProtection)
   at System.Threading.Tasks.Task.RunContinuations(Object continuationObject)
   at System.Threading.Tasks.Task`1.TrySetResult(TResult result)
   at System.Threading.Tasks.UnwrapPromise`1.TrySetFromTask(Task task, Boolean lookForOce)
   at System.Threading.Tasks.UnwrapPromise`1.ProcessInnerTask(Task task)
   at System.Threading.Tasks.Task.RunContinuations(Object continuationObject)
   at System.Threading.Tasks.Task.FinishSlow(Boolean userDelegateExecute)
   at System.Threading.Tasks.Task.ExecuteWithThreadLocal(Task& currentTaskSlot, Thread threadPoolThread)
   at System.Threading.ThreadPoolWorkQueue.Dispatch()
   at System.Threading.PortableThreadPool.WorkerThread.WorkerThreadStart()
   at System.Threading.Thread.StartCallback()
--- End of stack trace from previous location ---
   at System.Threading.PeriodicTimer.State.System.Threading.Tasks.Sources.IValueTaskSource<System.Boolean>.GetResult(Int16 token)
   at Attendance.Api.BackgroundServices.QrTokenExpiryBackgroundService.ExecuteAsync(CancellationToken stoppingToken) in C:\employer\src\Attendance.Api\BackgroundServices\QrTokenExpiryBackgroundService.cs:line 39
   at Microsoft.Extensions.Hosting.Internal.Host.TryExecuteBackgroundServiceAsync(BackgroundService backgroundService)
2026-08-05 16:20:03.036 +03:00 [INF] Application is shutting down...
2026-08-05 16:20:36.557 +03:00 [WRN] The 'StaffStatus' property 'Status' on entity type 'Staff' is configured with a database-generated default, but has no configured sentinel value. The database-generated default will always be used for inserts when the property has the value 'Inactive', since this is the CLR default for the 'StaffStatus' type. Consider using a nullable type, using a nullable backing field, or setting the sentinel value for the property to ensure the database default is used when, and only when, appropriate. See https://aka.ms/efcore-docs-default-values for more information.
2026-08-05 16:20:37.219 +03:00 [INF] Kiosk QR deep-link base: http://192.168.1.19:4200/scan — phones must be able to reach this host.
2026-08-05 16:20:37.220 +03:00 [INF] Public Employee ID QR base URL: https://192.168.1.19:4200/employee-id — generated QR codes will resolve to this address.
2026-08-05 16:20:37.239 +03:00 [INF] QR token expiry sweep started (interval 5s).
2026-08-05 16:20:37.267 +03:00 [ERR] Hosting failed to start
System.IO.IOException: Failed to bind to address http://0.0.0.0:5080: address already in use.
 ---> Microsoft.AspNetCore.Connections.AddressInUseException: Only one usage of each socket address (protocol/network address/port) is normally permitted.
 ---> System.Net.Sockets.SocketException (10048): Only one usage of each socket address (protocol/network address/port) is normally permitted.
   at System.Net.Sockets.Socket.UpdateStatusAfterSocketErrorAndThrowException(SocketError error, Boolean disconnectOnFailure, String callerName)
   at System.Net.Sockets.Socket.DoBind(EndPoint endPointSnapshot, SocketAddress socketAddress)
   at System.Net.Sockets.Socket.Bind(EndPoint localEP)
   at Microsoft.AspNetCore.Server.Kestrel.Transport.Sockets.SocketTransportOptions.CreateDefaultBoundListenSocket(EndPoint endpoint)
   at Microsoft.AspNetCore.Server.Kestrel.Transport.Sockets.SocketConnectionListener.Bind()
   --- End of inner exception stack trace ---
   at Microsoft.AspNetCore.Server.Kestrel.Transport.Sockets.SocketConnectionListener.Bind()
   at Microsoft.AspNetCore.Server.Kestrel.Transport.Sockets.SocketTransportFactory.BindAsync(EndPoint endpoint, CancellationToken cancellationToken)
   at Microsoft.AspNetCore.Server.Kestrel.Core.Internal.Infrastructure.TransportManager.BindAsync(EndPoint endPoint, ConnectionDelegate connectionDelegate, EndpointConfig endpointConfig, CancellationToken cancellationToken)
   at Microsoft.AspNetCore.Server.Kestrel.Core.KestrelServerImpl.<>c__DisplayClass28_0`1.<<StartAsync>g__OnBind|0>d.MoveNext()
--- End of stack trace from previous location ---
   at Microsoft.AspNetCore.Server.Kestrel.Core.Internal.AddressBinder.BindEndpointAsync(ListenOptions endpoint, AddressBindContext context, CancellationToken cancellationToken)
   --- End of inner exception stack trace ---
   at Microsoft.AspNetCore.Server.Kestrel.Core.Internal.AddressBinder.BindEndpointAsync(ListenOptions endpoint, AddressBindContext context, CancellationToken cancellationToken)
   at Microsoft.AspNetCore.Server.Kestrel.Core.ListenOptions.BindAsync(AddressBindContext context, CancellationToken cancellationToken)
   at Microsoft.AspNetCore.Server.Kestrel.Core.Internal.AddressBinder.AddressesStrategy.BindAsync(AddressBindContext context, CancellationToken cancellationToken)
   at Microsoft.AspNetCore.Server.Kestrel.Core.KestrelServerImpl.BindAsync(CancellationToken cancellationToken)
   at Microsoft.AspNetCore.Server.Kestrel.Core.KestrelServerImpl.StartAsync[TContext](IHttpApplication`1 application, CancellationToken cancellationToken)
   at Microsoft.AspNetCore.Hosting.GenericWebHostService.StartAsync(CancellationToken cancellationToken)
   at Microsoft.Extensions.Hosting.Internal.Host.<StartAsync>b__14_1(IHostedService service, CancellationToken token)
   at Microsoft.Extensions.Hosting.Internal.Host.ForeachService[T](IEnumerable`1 services, CancellationToken token, Boolean concurrent, Boolean abortOnFirstException, List`1 exceptions, Func`3 operation)
2026-08-05 16:20:37.277 +03:00 [ERR] BackgroundService failed
System.OperationCanceledException: The operation was canceled.
   at System.Threading.PeriodicTimer.State.Signal(Boolean stopping, CancellationToken cancellationToken)
   at System.Threading.CancellationTokenSource.ExecuteCallbackHandlers(Boolean throwOnFirstException)
   at Microsoft.Extensions.DependencyInjection.ServiceLookup.ServiceProviderEngineScope.DisposeAsync()
   at Microsoft.Extensions.Hosting.Internal.Host.DisposeAsync()
   at System.Runtime.CompilerServices.AsyncMethodBuilderCore.Start[TStateMachine](TStateMachine& stateMachine)
   at Microsoft.Extensions.Hosting.Internal.Host.DisposeAsync()
   at Microsoft.Extensions.Hosting.HostingAbstractionsHostExtensions.RunAsync(IHost host, CancellationToken token)
   at System.Runtime.CompilerServices.AsyncMethodBuilderCore.Start[TStateMachine](TStateMachine& stateMachine)
   at Microsoft.Extensions.Hosting.HostingAbstractionsHostExtensions.RunAsync(IHost host, CancellationToken token)
   at Microsoft.Extensions.Hosting.HostingAbstractionsHostExtensions.Run(IHost host)
   at Program.<Main>$(String[] args) in C:\employer\src\Attendance.Api\Program.cs:line 215
   at System.Threading.ExecutionContext.RunInternal(ExecutionContext executionContext, ContextCallback callback, Object state)
   at System.Runtime.CompilerServices.AsyncTaskMethodBuilder`1.AsyncStateMachineBox`1.MoveNext(Thread threadPoolThread)
   at System.Threading.Tasks.AwaitTaskContinuation.RunOrScheduleAction(IAsyncStateMachineBox box, Boolean allowInlining)
   at System.Threading.Tasks.Task.RunContinuations(Object continuationObject)
   at System.Threading.Tasks.Task`1.TrySetResult(TResult result)
   at System.Runtime.CompilerServices.AsyncTaskMethodBuilder`1.SetExistingTaskResult(Task`1 task, TResult result)
   at Attendance.Infrastructure.Data.SeedData.SeedAsync(IServiceProvider serviceProvider) in C:\employer\src\Attendance.Infrastructure\Data\SeedData.cs:line 35
   at System.Threading.ExecutionContext.RunInternal(ExecutionContext executionContext, ContextCallback callback, Object state)
   at System.Runtime.CompilerServices.AsyncTaskMethodBuilder`1.AsyncStateMachineBox`1.MoveNext(Thread threadPoolThread)
   at System.Threading.Tasks.AwaitTaskContinuation.RunOrScheduleAction(IAsyncStateMachineBox box, Boolean allowInlining)
   at System.Threading.Tasks.Task.RunContinuations(Object continuationObject)
   at System.Threading.Tasks.Task`1.TrySetResult(TResult result)
   at System.Runtime.CompilerServices.AsyncTaskMethodBuilder`1.SetExistingTaskResult(Task`1 task, TResult result)
   at Attendance.Infrastructure.Data.SeedData.SeedAdminUserAsync(UserManager`1 userManager, ILogger logger) in C:\employer\src\Attendance.Infrastructure\Data\SeedData.cs:line 215
   at System.Threading.ExecutionContext.RunInternal(ExecutionContext executionContext, ContextCallback callback, Object state)
   at System.Runtime.CompilerServices.AsyncTaskMethodBuilder`1.AsyncStateMachineBox`1.MoveNext(Thread threadPoolThread)
   at System.Threading.Tasks.AwaitTaskContinuation.RunOrScheduleAction(IAsyncStateMachineBox box, Boolean allowInlining)
   at System.Threading.Tasks.Task.RunContinuations(Object continuationObject)
   at System.Threading.Tasks.Task`1.TrySetResult(TResult result)
   at System.Runtime.CompilerServices.AsyncTaskMethodBuilder`1.SetExistingTaskResult(Task`1 task, TResult result)
   at Microsoft.AspNetCore.Identity.UserManager`1.FindByNameAsync(String userName)
   at System.Runtime.CompilerServices.AsyncTaskMethodBuilder`1.AsyncStateMachineBox`1.ExecutionContextCallback(Object s)
   at System.Threading.ExecutionContext.RunInternal(ExecutionContext executionContext, ContextCallback callback, Object state)
   at System.Runtime.CompilerServices.AsyncTaskMethodBuilder`1.AsyncStateMachineBox`1.MoveNext(Thread threadPoolThread)
   at System.Runtime.CompilerServices.AsyncTaskMethodBuilder`1.AsyncStateMachineBox`1.MoveNext()
   at System.Threading.Tasks.AwaitTaskContinuation.RunOrScheduleAction(IAsyncStateMachineBox box, Boolean allowInlining)
   at System.Threading.Tasks.Task.RunContinuations(Object continuationObject)
   at System.Threading.Tasks.Task`1.TrySetResult(TResult result)
   at System.Runtime.CompilerServices.AsyncTaskMethodBuilder`1.SetExistingTaskResult(Task`1 task, TResult result)
   at Microsoft.EntityFrameworkCore.Query.ShapedQueryCompilingExpressionVisitor.SingleOrDefaultAsync[TSource](IAsyncEnumerable`1 asyncEnumerable, CancellationToken cancellationToken)
   at System.Runtime.CompilerServices.AsyncTaskMethodBuilder`1.AsyncStateMachineBox`1.ExecutionContextCallback(Object s)
   at System.Threading.ExecutionContext.RunInternal(ExecutionContext executionContext, ContextCallback callback, Object state)
   at System.Runtime.CompilerServices.AsyncTaskMethodBuilder`1.AsyncStateMachineBox`1.MoveNext(Thread threadPoolThread)
   at System.Runtime.CompilerServices.AsyncTaskMethodBuilder`1.AsyncStateMachineBox`1.MoveNext()
   at System.Threading.Tasks.AwaitTaskContinuation.RunOrScheduleAction(IAsyncStateMachineBox box, Boolean allowInlining)
   at System.Threading.Tasks.Task.RunContinuations(Object continuationObject)
   at System.Threading.Tasks.Task`1.TrySetResult(TResult result)
   at System.Runtime.CompilerServices.AsyncTaskMethodBuilder`1.SetExistingTaskResult(Task`1 task, TResult result)
   at Microsoft.EntityFrameworkCore.Query.Internal.SingleQueryingEnumerable`1.AsyncEnumerator.MoveNextAsync()
   at System.Runtime.CompilerServices.AsyncTaskMethodBuilder`1.AsyncStateMachineBox`1.ExecutionContextCallback(Object s)
   at System.Threading.ExecutionContext.RunInternal(ExecutionContext executionContext, ContextCallback callback, Object state)
   at System.Runtime.CompilerServices.AsyncTaskMethodBuilder`1.AsyncStateMachineBox`1.MoveNext(Thread threadPoolThread)
   at System.Runtime.CompilerServices.AsyncTaskMethodBuilder`1.AsyncStateMachineBox`1.MoveNext()
   at System.Threading.Tasks.AwaitTaskContinuation.RunOrScheduleAction(IAsyncStateMachineBox box, Boolean allowInlining)
   at System.Threading.Tasks.Task.RunContinuations(Object continuationObject)
   at System.Threading.Tasks.Task`1.TrySetResult(TResult result)
   at System.Runtime.CompilerServices.AsyncTaskMethodBuilder`1.SetExistingTaskResult(Task`1 task, TResult result)
   at Microsoft.EntityFrameworkCore.SqlServer.Storage.Internal.SqlServerExecutionStrategy.ExecuteAsync[TState,TResult](TState state, Func`4 operation, Func`4 verifySucceeded, CancellationToken cancellationToken)
   at System.Runtime.CompilerServices.AsyncTaskMethodBuilder`1.AsyncStateMachineBox`1.ExecutionContextCallback(Object s)
   at System.Threading.ExecutionContext.RunInternal(ExecutionContext executionContext, ContextCallback callback, Object state)
   at System.Runtime.CompilerServices.AsyncTaskMethodBuilder`1.AsyncStateMachineBox`1.MoveNext(Thread threadPoolThread)
   at System.Runtime.CompilerServices.AsyncTaskMethodBuilder`1.AsyncStateMachineBox`1.MoveNext()
   at System.Threading.Tasks.AwaitTaskContinuation.RunOrScheduleAction(IAsyncStateMachineBox box, Boolean allowInlining)
   at System.Threading.Tasks.Task.RunContinuations(Object continuationObject)
   at System.Threading.Tasks.Task`1.TrySetResult(TResult result)
   at System.Runtime.CompilerServices.AsyncTaskMethodBuilder`1.SetExistingTaskResult(Task`1 task, TResult result)
   at Microsoft.EntityFrameworkCore.Query.Internal.SingleQueryingEnumerable`1.AsyncEnumerator.InitializeReaderAsync(AsyncEnumerator enumerator, CancellationToken cancellationToken)
   at System.Runtime.CompilerServices.AsyncTaskMethodBuilder`1.AsyncStateMachineBox`1.ExecutionContextCallback(Object s)
   at System.Threading.ExecutionContext.RunInternal(ExecutionContext executionContext, ContextCallback callback, Object state)
   at System.Runtime.CompilerServices.AsyncTaskMethodBuilder`1.AsyncStateMachineBox`1.MoveNext(Thread threadPoolThread)
   at System.Runtime.CompilerServices.AsyncTaskMethodBuilder`1.AsyncStateMachineBox`1.MoveNext()
   at System.Threading.Tasks.AwaitTaskContinuation.RunOrScheduleAction(IAsyncStateMachineBox box, Boolean allowInlining)
   at System.Threading.Tasks.Task.RunContinuations(Object continuationObject)
   at System.Threading.Tasks.Task`1.TrySetResult(TResult result)
   at System.Runtime.CompilerServices.AsyncTaskMethodBuilder`1.SetExistingTaskResult(Task`1 task, TResult result)
   at Microsoft.EntityFrameworkCore.Storage.RelationalCommand.ExecuteReaderAsync(RelationalCommandParameterObject parameterObject, CancellationToken cancellationToken)
   at System.Runtime.CompilerServices.AsyncTaskMethodBuilder`1.AsyncStateMachineBox`1.ExecutionContextCallback(Object s)
   at System.Threading.ExecutionContext.RunInternal(ExecutionContext executionContext, ContextCallback callback, Object state)
   at System.Runtime.CompilerServices.AsyncTaskMethodBuilder`1.AsyncStateMachineBox`1.MoveNext(Thread threadPoolThread)
   at System.Runtime.CompilerServices.AsyncTaskMethodBuilder`1.AsyncStateMachineBox`1.MoveNext()
   at System.Threading.Tasks.AwaitTaskContinuation.RunOrScheduleAction(IAsyncStateMachineBox box, Boolean allowInlining)
   at System.Threading.Tasks.Task.RunContinuations(Object continuationObject)
   at System.Threading.Tasks.Task.FinishSlow(Boolean userDelegateExecute)
   at System.Threading.Tasks.Task.ExecuteWithThreadLocal(Task& currentTaskSlot, Thread threadPoolThread)
   at System.Threading.Tasks.ThreadPoolTaskScheduler.TryExecuteTaskInline(Task task, Boolean taskWasPreviouslyQueued)
   at System.Threading.Tasks.TaskScheduler.TryRunInline(Task task, Boolean taskWasPreviouslyQueued)
   at System.Threading.Tasks.TaskContinuation.InlineIfPossibleOrElseQueue(Task task, Boolean needsProtection)
   at System.Threading.Tasks.Task.RunContinuations(Object continuationObject)
   at System.Threading.Tasks.Task`1.TrySetResult(TResult result)
   at System.Threading.Tasks.UnwrapPromise`1.TrySetFromTask(Task task, Boolean lookForOce)
   at System.Threading.Tasks.UnwrapPromise`1.ProcessInnerTask(Task task)
   at System.Threading.Tasks.Task.RunContinuations(Object continuationObject)
   at System.Threading.Tasks.Task.FinishSlow(Boolean userDelegateExecute)
   at System.Threading.Tasks.Task.ExecuteWithThreadLocal(Task& currentTaskSlot, Thread threadPoolThread)
   at System.Threading.ThreadPoolWorkQueue.Dispatch()
   at System.Threading.PortableThreadPool.WorkerThread.WorkerThreadStart()
   at System.Threading.Thread.StartCallback()
--- End of stack trace from previous location ---
   at System.Threading.PeriodicTimer.State.System.Threading.Tasks.Sources.IValueTaskSource<System.Boolean>.GetResult(Int16 token)
   at Attendance.Api.BackgroundServices.QrTokenExpiryBackgroundService.ExecuteAsync(CancellationToken stoppingToken) in C:\employer\src\Attendance.Api\BackgroundServices\QrTokenExpiryBackgroundService.cs:line 39
   at Microsoft.Extensions.Hosting.Internal.Host.TryExecuteBackgroundServiceAsync(BackgroundService backgroundService)
2026-08-05 16:20:37.287 +03:00 [FTL] The HostOptions.BackgroundServiceExceptionBehavior is configured to StopHost. A BackgroundService has thrown an unhandled exception, and the IHost instance is stopping. To avoid this behavior, configure this to Ignore; however the BackgroundService will not be restarted.
System.OperationCanceledException: The operation was canceled.
   at System.Threading.PeriodicTimer.State.Signal(Boolean stopping, CancellationToken cancellationToken)
   at System.Threading.CancellationTokenSource.ExecuteCallbackHandlers(Boolean throwOnFirstException)
   at Microsoft.Extensions.DependencyInjection.ServiceLookup.ServiceProviderEngineScope.DisposeAsync()
   at Microsoft.Extensions.Hosting.Internal.Host.DisposeAsync()
   at System.Runtime.CompilerServices.AsyncMethodBuilderCore.Start[TStateMachine](TStateMachine& stateMachine)
   at Microsoft.Extensions.Hosting.Internal.Host.DisposeAsync()
   at Microsoft.Extensions.Hosting.HostingAbstractionsHostExtensions.RunAsync(IHost host, CancellationToken token)
   at System.Runtime.CompilerServices.AsyncMethodBuilderCore.Start[TStateMachine](TStateMachine& stateMachine)
   at Microsoft.Extensions.Hosting.HostingAbstractionsHostExtensions.RunAsync(IHost host, CancellationToken token)
   at Microsoft.Extensions.Hosting.HostingAbstractionsHostExtensions.Run(IHost host)
   at Program.<Main>$(String[] args) in C:\employer\src\Attendance.Api\Program.cs:line 215
   at System.Threading.ExecutionContext.RunInternal(ExecutionContext executionContext, ContextCallback callback, Object state)
   at System.Runtime.CompilerServices.AsyncTaskMethodBuilder`1.AsyncStateMachineBox`1.MoveNext(Thread threadPoolThread)
   at System.Threading.Tasks.AwaitTaskContinuation.RunOrScheduleAction(IAsyncStateMachineBox box, Boolean allowInlining)
   at System.Threading.Tasks.Task.RunContinuations(Object continuationObject)
   at System.Threading.Tasks.Task`1.TrySetResult(TResult result)
   at System.Runtime.CompilerServices.AsyncTaskMethodBuilder`1.SetExistingTaskResult(Task`1 task, TResult result)
   at Attendance.Infrastructure.Data.SeedData.SeedAsync(IServiceProvider serviceProvider) in C:\employer\src\Attendance.Infrastructure\Data\SeedData.cs:line 35
   at System.Threading.ExecutionContext.RunInternal(ExecutionContext executionContext, ContextCallback callback, Object state)
   at System.Runtime.CompilerServices.AsyncTaskMethodBuilder`1.AsyncStateMachineBox`1.MoveNext(Thread threadPoolThread)
   at System.Threading.Tasks.AwaitTaskContinuation.RunOrScheduleAction(IAsyncStateMachineBox box, Boolean allowInlining)
   at System.Threading.Tasks.Task.RunContinuations(Object continuationObject)
   at System.Threading.Tasks.Task`1.TrySetResult(TResult result)
   at System.Runtime.CompilerServices.AsyncTaskMethodBuilder`1.SetExistingTaskResult(Task`1 task, TResult result)
   at Attendance.Infrastructure.Data.SeedData.SeedAdminUserAsync(UserManager`1 userManager, ILogger logger) in C:\employer\src\Attendance.Infrastructure\Data\SeedData.cs:line 215
   at System.Threading.ExecutionContext.RunInternal(ExecutionContext executionContext, ContextCallback callback, Object state)
   at System.Runtime.CompilerServices.AsyncTaskMethodBuilder`1.AsyncStateMachineBox`1.MoveNext(Thread threadPoolThread)
   at System.Threading.Tasks.AwaitTaskContinuation.RunOrScheduleAction(IAsyncStateMachineBox box, Boolean allowInlining)
   at System.Threading.Tasks.Task.RunContinuations(Object continuationObject)
   at System.Threading.Tasks.Task`1.TrySetResult(TResult result)
   at System.Runtime.CompilerServices.AsyncTaskMethodBuilder`1.SetExistingTaskResult(Task`1 task, TResult result)
   at Microsoft.AspNetCore.Identity.UserManager`1.FindByNameAsync(String userName)
   at System.Runtime.CompilerServices.AsyncTaskMethodBuilder`1.AsyncStateMachineBox`1.ExecutionContextCallback(Object s)
   at System.Threading.ExecutionContext.RunInternal(ExecutionContext executionContext, ContextCallback callback, Object state)
   at System.Runtime.CompilerServices.AsyncTaskMethodBuilder`1.AsyncStateMachineBox`1.MoveNext(Thread threadPoolThread)
   at System.Runtime.CompilerServices.AsyncTaskMethodBuilder`1.AsyncStateMachineBox`1.MoveNext()
   at System.Threading.Tasks.AwaitTaskContinuation.RunOrScheduleAction(IAsyncStateMachineBox box, Boolean allowInlining)
   at System.Threading.Tasks.Task.RunContinuations(Object continuationObject)
   at System.Threading.Tasks.Task`1.TrySetResult(TResult result)
   at System.Runtime.CompilerServices.AsyncTaskMethodBuilder`1.SetExistingTaskResult(Task`1 task, TResult result)
   at Microsoft.EntityFrameworkCore.Query.ShapedQueryCompilingExpressionVisitor.SingleOrDefaultAsync[TSource](IAsyncEnumerable`1 asyncEnumerable, CancellationToken cancellationToken)
   at System.Runtime.CompilerServices.AsyncTaskMethodBuilder`1.AsyncStateMachineBox`1.ExecutionContextCallback(Object s)
   at System.Threading.ExecutionContext.RunInternal(ExecutionContext executionContext, ContextCallback callback, Object state)
   at System.Runtime.CompilerServices.AsyncTaskMethodBuilder`1.AsyncStateMachineBox`1.MoveNext(Thread threadPoolThread)
   at System.Runtime.CompilerServices.AsyncTaskMethodBuilder`1.AsyncStateMachineBox`1.MoveNext()
   at System.Threading.Tasks.AwaitTaskContinuation.RunOrScheduleAction(IAsyncStateMachineBox box, Boolean allowInlining)
   at System.Threading.Tasks.Task.RunContinuations(Object continuationObject)
   at System.Threading.Tasks.Task`1.TrySetResult(TResult result)
   at System.Runtime.CompilerServices.AsyncTaskMethodBuilder`1.SetExistingTaskResult(Task`1 task, TResult result)
   at Microsoft.EntityFrameworkCore.Query.Internal.SingleQueryingEnumerable`1.AsyncEnumerator.MoveNextAsync()
   at System.Runtime.CompilerServices.AsyncTaskMethodBuilder`1.AsyncStateMachineBox`1.ExecutionContextCallback(Object s)
   at System.Threading.ExecutionContext.RunInternal(ExecutionContext executionContext, ContextCallback callback, Object state)
   at System.Runtime.CompilerServices.AsyncTaskMethodBuilder`1.AsyncStateMachineBox`1.MoveNext(Thread threadPoolThread)
   at System.Runtime.CompilerServices.AsyncTaskMethodBuilder`1.AsyncStateMachineBox`1.MoveNext()
   at System.Threading.Tasks.AwaitTaskContinuation.RunOrScheduleAction(IAsyncStateMachineBox box, Boolean allowInlining)
   at System.Threading.Tasks.Task.RunContinuations(Object continuationObject)
   at System.Threading.Tasks.Task`1.TrySetResult(TResult result)
   at System.Runtime.CompilerServices.AsyncTaskMethodBuilder`1.SetExistingTaskResult(Task`1 task, TResult result)
   at Microsoft.EntityFrameworkCore.SqlServer.Storage.Internal.SqlServerExecutionStrategy.ExecuteAsync[TState,TResult](TState state, Func`4 operation, Func`4 verifySucceeded, CancellationToken cancellationToken)
   at System.Runtime.CompilerServices.AsyncTaskMethodBuilder`1.AsyncStateMachineBox`1.ExecutionContextCallback(Object s)
   at System.Threading.ExecutionContext.RunInternal(ExecutionContext executionContext, ContextCallback callback, Object state)
   at System.Runtime.CompilerServices.AsyncTaskMethodBuilder`1.AsyncStateMachineBox`1.MoveNext(Thread threadPoolThread)
   at System.Runtime.CompilerServices.AsyncTaskMethodBuilder`1.AsyncStateMachineBox`1.MoveNext()
   at System.Threading.Tasks.AwaitTaskContinuation.RunOrScheduleAction(IAsyncStateMachineBox box, Boolean allowInlining)
   at System.Threading.Tasks.Task.RunContinuations(Object continuationObject)
   at System.Threading.Tasks.Task`1.TrySetResult(TResult result)
   at System.Runtime.CompilerServices.AsyncTaskMethodBuilder`1.SetExistingTaskResult(Task`1 task, TResult result)
   at Microsoft.EntityFrameworkCore.Query.Internal.SingleQueryingEnumerable`1.AsyncEnumerator.InitializeReaderAsync(AsyncEnumerator enumerator, CancellationToken cancellationToken)
   at System.Runtime.CompilerServices.AsyncTaskMethodBuilder`1.AsyncStateMachineBox`1.ExecutionContextCallback(Object s)
   at System.Threading.ExecutionContext.RunInternal(ExecutionContext executionContext, ContextCallback callback, Object state)
   at System.Runtime.CompilerServices.AsyncTaskMethodBuilder`1.AsyncStateMachineBox`1.MoveNext(Thread threadPoolThread)
   at System.Runtime.CompilerServices.AsyncTaskMethodBuilder`1.AsyncStateMachineBox`1.MoveNext()
   at System.Threading.Tasks.AwaitTaskContinuation.RunOrScheduleAction(IAsyncStateMachineBox box, Boolean allowInlining)
   at System.Threading.Tasks.Task.RunContinuations(Object continuationObject)
   at System.Threading.Tasks.Task`1.TrySetResult(TResult result)
   at System.Runtime.CompilerServices.AsyncTaskMethodBuilder`1.SetExistingTaskResult(Task`1 task, TResult result)
   at Microsoft.EntityFrameworkCore.Storage.RelationalCommand.ExecuteReaderAsync(RelationalCommandParameterObject parameterObject, CancellationToken cancellationToken)
   at System.Runtime.CompilerServices.AsyncTaskMethodBuilder`1.AsyncStateMachineBox`1.ExecutionContextCallback(Object s)
   at System.Threading.ExecutionContext.RunInternal(ExecutionContext executionContext, ContextCallback callback, Object state)
   at System.Runtime.CompilerServices.AsyncTaskMethodBuilder`1.AsyncStateMachineBox`1.MoveNext(Thread threadPoolThread)
   at System.Runtime.CompilerServices.AsyncTaskMethodBuilder`1.AsyncStateMachineBox`1.MoveNext()
   at System.Threading.Tasks.AwaitTaskContinuation.RunOrScheduleAction(IAsyncStateMachineBox box, Boolean allowInlining)
   at System.Threading.Tasks.Task.RunContinuations(Object continuationObject)
   at System.Threading.Tasks.Task.FinishSlow(Boolean userDelegateExecute)
   at System.Threading.Tasks.Task.ExecuteWithThreadLocal(Task& currentTaskSlot, Thread threadPoolThread)
   at System.Threading.Tasks.ThreadPoolTaskScheduler.TryExecuteTaskInline(Task task, Boolean taskWasPreviouslyQueued)
   at System.Threading.Tasks.TaskScheduler.TryRunInline(Task task, Boolean taskWasPreviouslyQueued)
   at System.Threading.Tasks.TaskContinuation.InlineIfPossibleOrElseQueue(Task task, Boolean needsProtection)
   at System.Threading.Tasks.Task.RunContinuations(Object continuationObject)
   at System.Threading.Tasks.Task`1.TrySetResult(TResult result)
   at System.Threading.Tasks.UnwrapPromise`1.TrySetFromTask(Task task, Boolean lookForOce)
   at System.Threading.Tasks.UnwrapPromise`1.ProcessInnerTask(Task task)
   at System.Threading.Tasks.Task.RunContinuations(Object continuationObject)
   at System.Threading.Tasks.Task.FinishSlow(Boolean userDelegateExecute)
   at System.Threading.Tasks.Task.ExecuteWithThreadLocal(Task& currentTaskSlot, Thread threadPoolThread)
   at System.Threading.ThreadPoolWorkQueue.Dispatch()
   at System.Threading.PortableThreadPool.WorkerThread.WorkerThreadStart()
   at System.Threading.Thread.StartCallback()
--- End of stack trace from previous location ---
   at System.Threading.PeriodicTimer.State.System.Threading.Tasks.Sources.IValueTaskSource<System.Boolean>.GetResult(Int16 token)
   at Attendance.Api.BackgroundServices.QrTokenExpiryBackgroundService.ExecuteAsync(CancellationToken stoppingToken) in C:\employer\src\Attendance.Api\BackgroundServices\QrTokenExpiryBackgroundService.cs:line 39
   at Microsoft.Extensions.Hosting.Internal.Host.TryExecuteBackgroundServiceAsync(BackgroundService backgroundService)
2026-08-05 16:20:37.295 +03:00 [INF] Application is shutting down...
2026-08-05 16:22:10.450 +03:00 [WRN] The 'StaffStatus' property 'Status' on entity type 'Staff' is configured with a database-generated default, but has no configured sentinel value. The database-generated default will always be used for inserts when the property has the value 'Inactive', since this is the CLR default for the 'StaffStatus' type. Consider using a nullable type, using a nullable backing field, or setting the sentinel value for the property to ensure the database default is used when, and only when, appropriate. See https://aka.ms/efcore-docs-default-values for more information.
2026-08-05 16:22:11.131 +03:00 [INF] Kiosk QR deep-link base: http://192.168.1.19:4200/scan — phones must be able to reach this host.
2026-08-05 16:22:11.133 +03:00 [INF] Public Employee ID QR base URL: https://192.168.1.19:4200/employee-id — generated QR codes will resolve to this address.
2026-08-05 16:22:11.151 +03:00 [INF] QR token expiry sweep started (interval 5s).
2026-08-05 16:22:11.178 +03:00 [ERR] Hosting failed to start
System.IO.IOException: Failed to bind to address http://0.0.0.0:5080: address already in use.
 ---> Microsoft.AspNetCore.Connections.AddressInUseException: Only one usage of each socket address (protocol/network address/port) is normally permitted.
 ---> System.Net.Sockets.SocketException (10048): Only one usage of each socket address (protocol/network address/port) is normally permitted.
   at System.Net.Sockets.Socket.UpdateStatusAfterSocketErrorAndThrowException(SocketError error, Boolean disconnectOnFailure, String callerName)
   at System.Net.Sockets.Socket.DoBind(EndPoint endPointSnapshot, SocketAddress socketAddress)
   at System.Net.Sockets.Socket.Bind(EndPoint localEP)
   at Microsoft.AspNetCore.Server.Kestrel.Transport.Sockets.SocketTransportOptions.CreateDefaultBoundListenSocket(EndPoint endpoint)
   at Microsoft.AspNetCore.Server.Kestrel.Transport.Sockets.SocketConnectionListener.Bind()
   --- End of inner exception stack trace ---
   at Microsoft.AspNetCore.Server.Kestrel.Transport.Sockets.SocketConnectionListener.Bind()
   at Microsoft.AspNetCore.Server.Kestrel.Transport.Sockets.SocketTransportFactory.BindAsync(EndPoint endpoint, CancellationToken cancellationToken)
   at Microsoft.AspNetCore.Server.Kestrel.Core.Internal.Infrastructure.TransportManager.BindAsync(EndPoint endPoint, ConnectionDelegate connectionDelegate, EndpointConfig endpointConfig, CancellationToken cancellationToken)
   at Microsoft.AspNetCore.Server.Kestrel.Core.KestrelServerImpl.<>c__DisplayClass28_0`1.<<StartAsync>g__OnBind|0>d.MoveNext()
--- End of stack trace from previous location ---
   at Microsoft.AspNetCore.Server.Kestrel.Core.Internal.AddressBinder.BindEndpointAsync(ListenOptions endpoint, AddressBindContext context, CancellationToken cancellationToken)
   --- End of inner exception stack trace ---
   at Microsoft.AspNetCore.Server.Kestrel.Core.Internal.AddressBinder.BindEndpointAsync(ListenOptions endpoint, AddressBindContext context, CancellationToken cancellationToken)
   at Microsoft.AspNetCore.Server.Kestrel.Core.ListenOptions.BindAsync(AddressBindContext context, CancellationToken cancellationToken)
   at Microsoft.AspNetCore.Server.Kestrel.Core.Internal.AddressBinder.AddressesStrategy.BindAsync(AddressBindContext context, CancellationToken cancellationToken)
   at Microsoft.AspNetCore.Server.Kestrel.Core.KestrelServerImpl.BindAsync(CancellationToken cancellationToken)
   at Microsoft.AspNetCore.Server.Kestrel.Core.KestrelServerImpl.StartAsync[TContext](IHttpApplication`1 application, CancellationToken cancellationToken)
   at Microsoft.AspNetCore.Hosting.GenericWebHostService.StartAsync(CancellationToken cancellationToken)
   at Microsoft.Extensions.Hosting.Internal.Host.<StartAsync>b__14_1(IHostedService service, CancellationToken token)
   at Microsoft.Extensions.Hosting.Internal.Host.ForeachService[T](IEnumerable`1 services, CancellationToken token, Boolean concurrent, Boolean abortOnFirstException, List`1 exceptions, Func`3 operation)
2026-08-05 16:22:11.189 +03:00 [ERR] BackgroundService failed
System.OperationCanceledException: The operation was canceled.
   at System.Threading.PeriodicTimer.State.Signal(Boolean stopping, CancellationToken cancellationToken)
   at System.Threading.CancellationTokenSource.ExecuteCallbackHandlers(Boolean throwOnFirstException)
   at Microsoft.Extensions.DependencyInjection.ServiceLookup.ServiceProviderEngineScope.DisposeAsync()
   at Microsoft.Extensions.Hosting.Internal.Host.DisposeAsync()
   at System.Runtime.CompilerServices.AsyncMethodBuilderCore.Start[TStateMachine](TStateMachine& stateMachine)
   at Microsoft.Extensions.Hosting.Internal.Host.DisposeAsync()
   at Microsoft.Extensions.Hosting.HostingAbstractionsHostExtensions.RunAsync(IHost host, CancellationToken token)
   at System.Runtime.CompilerServices.AsyncMethodBuilderCore.Start[TStateMachine](TStateMachine& stateMachine)
   at Microsoft.Extensions.Hosting.HostingAbstractionsHostExtensions.RunAsync(IHost host, CancellationToken token)
   at Microsoft.Extensions.Hosting.HostingAbstractionsHostExtensions.Run(IHost host)
   at Program.<Main>$(String[] args) in C:\employer\src\Attendance.Api\Program.cs:line 215
   at System.Threading.ExecutionContext.RunInternal(ExecutionContext executionContext, ContextCallback callback, Object state)
   at System.Runtime.CompilerServices.AsyncTaskMethodBuilder`1.AsyncStateMachineBox`1.MoveNext(Thread threadPoolThread)
   at System.Threading.Tasks.AwaitTaskContinuation.RunOrScheduleAction(IAsyncStateMachineBox box, Boolean allowInlining)
   at System.Threading.Tasks.Task.RunContinuations(Object continuationObject)
   at System.Threading.Tasks.Task`1.TrySetResult(TResult result)
   at System.Runtime.CompilerServices.AsyncTaskMethodBuilder`1.SetExistingTaskResult(Task`1 task, TResult result)
   at Attendance.Infrastructure.Data.SeedData.SeedAsync(IServiceProvider serviceProvider) in C:\employer\src\Attendance.Infrastructure\Data\SeedData.cs:line 35
   at System.Threading.ExecutionContext.RunInternal(ExecutionContext executionContext, ContextCallback callback, Object state)
   at System.Runtime.CompilerServices.AsyncTaskMethodBuilder`1.AsyncStateMachineBox`1.MoveNext(Thread threadPoolThread)
   at System.Threading.Tasks.AwaitTaskContinuation.RunOrScheduleAction(IAsyncStateMachineBox box, Boolean allowInlining)
   at System.Threading.Tasks.Task.RunContinuations(Object continuationObject)
   at System.Threading.Tasks.Task`1.TrySetResult(TResult result)
   at System.Runtime.CompilerServices.AsyncTaskMethodBuilder`1.SetExistingTaskResult(Task`1 task, TResult result)
   at Attendance.Infrastructure.Data.SeedData.SeedAdminUserAsync(UserManager`1 userManager, ILogger logger) in C:\employer\src\Attendance.Infrastructure\Data\SeedData.cs:line 215
   at System.Threading.ExecutionContext.RunInternal(ExecutionContext executionContext, ContextCallback callback, Object state)
   at System.Runtime.CompilerServices.AsyncTaskMethodBuilder`1.AsyncStateMachineBox`1.MoveNext(Thread threadPoolThread)
   at System.Threading.Tasks.AwaitTaskContinuation.RunOrScheduleAction(IAsyncStateMachineBox box, Boolean allowInlining)
   at System.Threading.Tasks.Task.RunContinuations(Object continuationObject)
   at System.Threading.Tasks.Task`1.TrySetResult(TResult result)
   at System.Runtime.CompilerServices.AsyncTaskMethodBuilder`1.SetExistingTaskResult(Task`1 task, TResult result)
   at Microsoft.AspNetCore.Identity.UserManager`1.FindByNameAsync(String userName)
   at System.Runtime.CompilerServices.AsyncTaskMethodBuilder`1.AsyncStateMachineBox`1.ExecutionContextCallback(Object s)
   at System.Threading.ExecutionContext.RunInternal(ExecutionContext executionContext, ContextCallback callback, Object state)
   at System.Runtime.CompilerServices.AsyncTaskMethodBuilder`1.AsyncStateMachineBox`1.MoveNext(Thread threadPoolThread)
   at System.Runtime.CompilerServices.AsyncTaskMethodBuilder`1.AsyncStateMachineBox`1.MoveNext()
   at System.Threading.Tasks.AwaitTaskContinuation.RunOrScheduleAction(IAsyncStateMachineBox box, Boolean allowInlining)
   at System.Threading.Tasks.Task.RunContinuations(Object continuationObject)
   at System.Threading.Tasks.Task`1.TrySetResult(TResult result)
   at System.Runtime.CompilerServices.AsyncTaskMethodBuilder`1.SetExistingTaskResult(Task`1 task, TResult result)
   at Microsoft.EntityFrameworkCore.Query.ShapedQueryCompilingExpressionVisitor.SingleOrDefaultAsync[TSource](IAsyncEnumerable`1 asyncEnumerable, CancellationToken cancellationToken)
   at System.Runtime.CompilerServices.AsyncTaskMethodBuilder`1.AsyncStateMachineBox`1.ExecutionContextCallback(Object s)
   at System.Threading.ExecutionContext.RunInternal(ExecutionContext executionContext, ContextCallback callback, Object state)
   at System.Runtime.CompilerServices.AsyncTaskMethodBuilder`1.AsyncStateMachineBox`1.MoveNext(Thread threadPoolThread)
   at System.Runtime.CompilerServices.AsyncTaskMethodBuilder`1.AsyncStateMachineBox`1.MoveNext()
   at System.Threading.Tasks.AwaitTaskContinuation.RunOrScheduleAction(IAsyncStateMachineBox box, Boolean allowInlining)
   at System.Threading.Tasks.Task.RunContinuations(Object continuationObject)
   at System.Threading.Tasks.Task`1.TrySetResult(TResult result)
   at System.Runtime.CompilerServices.AsyncTaskMethodBuilder`1.SetExistingTaskResult(Task`1 task, TResult result)
   at Microsoft.EntityFrameworkCore.Query.Internal.SingleQueryingEnumerable`1.AsyncEnumerator.MoveNextAsync()
   at System.Runtime.CompilerServices.AsyncTaskMethodBuilder`1.AsyncStateMachineBox`1.ExecutionContextCallback(Object s)
   at System.Threading.ExecutionContext.RunInternal(ExecutionContext executionContext, ContextCallback callback, Object state)
   at System.Runtime.CompilerServices.AsyncTaskMethodBuilder`1.AsyncStateMachineBox`1.MoveNext(Thread threadPoolThread)
   at System.Runtime.CompilerServices.AsyncTaskMethodBuilder`1.AsyncStateMachineBox`1.MoveNext()
   at System.Threading.Tasks.AwaitTaskContinuation.RunOrScheduleAction(IAsyncStateMachineBox box, Boolean allowInlining)
   at System.Threading.Tasks.Task.RunContinuations(Object continuationObject)
   at System.Threading.Tasks.Task`1.TrySetResult(TResult result)
   at System.Runtime.CompilerServices.AsyncTaskMethodBuilder`1.SetExistingTaskResult(Task`1 task, TResult result)
   at Microsoft.EntityFrameworkCore.SqlServer.Storage.Internal.SqlServerExecutionStrategy.ExecuteAsync[TState,TResult](TState state, Func`4 operation, Func`4 verifySucceeded, CancellationToken cancellationToken)
   at System.Runtime.CompilerServices.AsyncTaskMethodBuilder`1.AsyncStateMachineBox`1.ExecutionContextCallback(Object s)
   at System.Threading.ExecutionContext.RunInternal(ExecutionContext executionContext, ContextCallback callback, Object state)
   at System.Runtime.CompilerServices.AsyncTaskMethodBuilder`1.AsyncStateMachineBox`1.MoveNext(Thread threadPoolThread)
   at System.Runtime.CompilerServices.AsyncTaskMethodBuilder`1.AsyncStateMachineBox`1.MoveNext()
   at System.Threading.Tasks.AwaitTaskContinuation.RunOrScheduleAction(IAsyncStateMachineBox box, Boolean allowInlining)
   at System.Threading.Tasks.Task.RunContinuations(Object continuationObject)
   at System.Threading.Tasks.Task`1.TrySetResult(TResult result)
   at System.Runtime.CompilerServices.AsyncTaskMethodBuilder`1.SetExistingTaskResult(Task`1 task, TResult result)
   at Microsoft.EntityFrameworkCore.Query.Internal.SingleQueryingEnumerable`1.AsyncEnumerator.InitializeReaderAsync(AsyncEnumerator enumerator, CancellationToken cancellationToken)
   at System.Runtime.CompilerServices.AsyncTaskMethodBuilder`1.AsyncStateMachineBox`1.ExecutionContextCallback(Object s)
   at System.Threading.ExecutionContext.RunInternal(ExecutionContext executionContext, ContextCallback callback, Object state)
   at System.Runtime.CompilerServices.AsyncTaskMethodBuilder`1.AsyncStateMachineBox`1.MoveNext(Thread threadPoolThread)
   at System.Runtime.CompilerServices.AsyncTaskMethodBuilder`1.AsyncStateMachineBox`1.MoveNext()
   at System.Threading.Tasks.AwaitTaskContinuation.RunOrScheduleAction(IAsyncStateMachineBox box, Boolean allowInlining)
   at System.Threading.Tasks.Task.RunContinuations(Object continuationObject)
   at System.Threading.Tasks.Task`1.TrySetResult(TResult result)
   at System.Runtime.CompilerServices.AsyncTaskMethodBuilder`1.SetExistingTaskResult(Task`1 task, TResult result)
   at Microsoft.EntityFrameworkCore.Storage.RelationalCommand.ExecuteReaderAsync(RelationalCommandParameterObject parameterObject, CancellationToken cancellationToken)
   at System.Runtime.CompilerServices.AsyncTaskMethodBuilder`1.AsyncStateMachineBox`1.ExecutionContextCallback(Object s)
   at System.Threading.ExecutionContext.RunInternal(ExecutionContext executionContext, ContextCallback callback, Object state)
   at System.Runtime.CompilerServices.AsyncTaskMethodBuilder`1.AsyncStateMachineBox`1.MoveNext(Thread threadPoolThread)
   at System.Runtime.CompilerServices.AsyncTaskMethodBuilder`1.AsyncStateMachineBox`1.MoveNext()
   at System.Threading.Tasks.AwaitTaskContinuation.RunOrScheduleAction(IAsyncStateMachineBox box, Boolean allowInlining)
   at System.Threading.Tasks.Task.RunContinuations(Object continuationObject)
   at System.Threading.Tasks.Task.FinishSlow(Boolean userDelegateExecute)
   at System.Threading.Tasks.Task.ExecuteWithThreadLocal(Task& currentTaskSlot, Thread threadPoolThread)
   at System.Threading.Tasks.ThreadPoolTaskScheduler.TryExecuteTaskInline(Task task, Boolean taskWasPreviouslyQueued)
   at System.Threading.Tasks.TaskScheduler.TryRunInline(Task task, Boolean taskWasPreviouslyQueued)
   at System.Threading.Tasks.TaskContinuation.InlineIfPossibleOrElseQueue(Task task, Boolean needsProtection)
   at System.Threading.Tasks.Task.RunContinuations(Object continuationObject)
   at System.Threading.Tasks.Task`1.TrySetResult(TResult result)
   at System.Threading.Tasks.UnwrapPromise`1.TrySetFromTask(Task task, Boolean lookForOce)
   at System.Threading.Tasks.UnwrapPromise`1.ProcessInnerTask(Task task)
   at System.Threading.Tasks.Task.RunContinuations(Object continuationObject)
   at System.Threading.Tasks.Task.FinishSlow(Boolean userDelegateExecute)
   at System.Threading.Tasks.Task.ExecuteWithThreadLocal(Task& currentTaskSlot, Thread threadPoolThread)
   at System.Threading.ThreadPoolWorkQueue.Dispatch()
   at System.Threading.PortableThreadPool.WorkerThread.WorkerThreadStart()
   at System.Threading.Thread.StartCallback()
--- End of stack trace from previous location ---
   at System.Threading.PeriodicTimer.State.System.Threading.Tasks.Sources.IValueTaskSource<System.Boolean>.GetResult(Int16 token)
   at Attendance.Api.BackgroundServices.QrTokenExpiryBackgroundService.ExecuteAsync(CancellationToken stoppingToken) in C:\employer\src\Attendance.Api\BackgroundServices\QrTokenExpiryBackgroundService.cs:line 39
   at Microsoft.Extensions.Hosting.Internal.Host.TryExecuteBackgroundServiceAsync(BackgroundService backgroundService)
2026-08-05 16:22:11.199 +03:00 [FTL] The HostOptions.BackgroundServiceExceptionBehavior is configured to StopHost. A BackgroundService has thrown an unhandled exception, and the IHost instance is stopping. To avoid this behavior, configure this to Ignore; however the BackgroundService will not be restarted.
System.OperationCanceledException: The operation was canceled.
   at System.Threading.PeriodicTimer.State.Signal(Boolean stopping, CancellationToken cancellationToken)
   at System.Threading.CancellationTokenSource.ExecuteCallbackHandlers(Boolean throwOnFirstException)
   at Microsoft.Extensions.DependencyInjection.ServiceLookup.ServiceProviderEngineScope.DisposeAsync()
   at Microsoft.Extensions.Hosting.Internal.Host.DisposeAsync()
   at System.Runtime.CompilerServices.AsyncMethodBuilderCore.Start[TStateMachine](TStateMachine& stateMachine)
   at Microsoft.Extensions.Hosting.Internal.Host.DisposeAsync()
   at Microsoft.Extensions.Hosting.HostingAbstractionsHostExtensions.RunAsync(IHost host, CancellationToken token)
   at System.Runtime.CompilerServices.AsyncMethodBuilderCore.Start[TStateMachine](TStateMachine& stateMachine)
   at Microsoft.Extensions.Hosting.HostingAbstractionsHostExtensions.RunAsync(IHost host, CancellationToken token)
   at Microsoft.Extensions.Hosting.HostingAbstractionsHostExtensions.Run(IHost host)
   at Program.<Main>$(String[] args) in C:\employer\src\Attendance.Api\Program.cs:line 215
   at System.Threading.ExecutionContext.RunInternal(ExecutionContext executionContext, ContextCallback callback, Object state)
   at System.Runtime.CompilerServices.AsyncTaskMethodBuilder`1.AsyncStateMachineBox`1.MoveNext(Thread threadPoolThread)
   at System.Threading.Tasks.AwaitTaskContinuation.RunOrScheduleAction(IAsyncStateMachineBox box, Boolean allowInlining)
   at System.Threading.Tasks.Task.RunContinuations(Object continuationObject)
   at System.Threading.Tasks.Task`1.TrySetResult(TResult result)
   at System.Runtime.CompilerServices.AsyncTaskMethodBuilder`1.SetExistingTaskResult(Task`1 task, TResult result)
   at Attendance.Infrastructure.Data.SeedData.SeedAsync(IServiceProvider serviceProvider) in C:\employer\src\Attendance.Infrastructure\Data\SeedData.cs:line 35
   at System.Threading.ExecutionContext.RunInternal(ExecutionContext executionContext, ContextCallback callback, Object state)
   at System.Runtime.CompilerServices.AsyncTaskMethodBuilder`1.AsyncStateMachineBox`1.MoveNext(Thread threadPoolThread)
   at System.Threading.Tasks.AwaitTaskContinuation.RunOrScheduleAction(IAsyncStateMachineBox box, Boolean allowInlining)
   at System.Threading.Tasks.Task.RunContinuations(Object continuationObject)
   at System.Threading.Tasks.Task`1.TrySetResult(TResult result)
   at System.Runtime.CompilerServices.AsyncTaskMethodBuilder`1.SetExistingTaskResult(Task`1 task, TResult result)
   at Attendance.Infrastructure.Data.SeedData.SeedAdminUserAsync(UserManager`1 userManager, ILogger logger) in C:\employer\src\Attendance.Infrastructure\Data\SeedData.cs:line 215
   at System.Threading.ExecutionContext.RunInternal(ExecutionContext executionContext, ContextCallback callback, Object state)
   at System.Runtime.CompilerServices.AsyncTaskMethodBuilder`1.AsyncStateMachineBox`1.MoveNext(Thread threadPoolThread)
   at System.Threading.Tasks.AwaitTaskContinuation.RunOrScheduleAction(IAsyncStateMachineBox box, Boolean allowInlining)
   at System.Threading.Tasks.Task.RunContinuations(Object continuationObject)
   at System.Threading.Tasks.Task`1.TrySetResult(TResult result)
   at System.Runtime.CompilerServices.AsyncTaskMethodBuilder`1.SetExistingTaskResult(Task`1 task, TResult result)
   at Microsoft.AspNetCore.Identity.UserManager`1.FindByNameAsync(String userName)
   at System.Runtime.CompilerServices.AsyncTaskMethodBuilder`1.AsyncStateMachineBox`1.ExecutionContextCallback(Object s)
   at System.Threading.ExecutionContext.RunInternal(ExecutionContext executionContext, ContextCallback callback, Object state)
   at System.Runtime.CompilerServices.AsyncTaskMethodBuilder`1.AsyncStateMachineBox`1.MoveNext(Thread threadPoolThread)
   at System.Runtime.CompilerServices.AsyncTaskMethodBuilder`1.AsyncStateMachineBox`1.MoveNext()
   at System.Threading.Tasks.AwaitTaskContinuation.RunOrScheduleAction(IAsyncStateMachineBox box, Boolean allowInlining)
   at System.Threading.Tasks.Task.RunContinuations(Object continuationObject)
   at System.Threading.Tasks.Task`1.TrySetResult(TResult result)
   at System.Runtime.CompilerServices.AsyncTaskMethodBuilder`1.SetExistingTaskResult(Task`1 task, TResult result)
   at Microsoft.EntityFrameworkCore.Query.ShapedQueryCompilingExpressionVisitor.SingleOrDefaultAsync[TSource](IAsyncEnumerable`1 asyncEnumerable, CancellationToken cancellationToken)
   at System.Runtime.CompilerServices.AsyncTaskMethodBuilder`1.AsyncStateMachineBox`1.ExecutionContextCallback(Object s)
   at System.Threading.ExecutionContext.RunInternal(ExecutionContext executionContext, ContextCallback callback, Object state)
   at System.Runtime.CompilerServices.AsyncTaskMethodBuilder`1.AsyncStateMachineBox`1.MoveNext(Thread threadPoolThread)
   at System.Runtime.CompilerServices.AsyncTaskMethodBuilder`1.AsyncStateMachineBox`1.MoveNext()
   at System.Threading.Tasks.AwaitTaskContinuation.RunOrScheduleAction(IAsyncStateMachineBox box, Boolean allowInlining)
   at System.Threading.Tasks.Task.RunContinuations(Object continuationObject)
   at System.Threading.Tasks.Task`1.TrySetResult(TResult result)
   at System.Runtime.CompilerServices.AsyncTaskMethodBuilder`1.SetExistingTaskResult(Task`1 task, TResult result)
   at Microsoft.EntityFrameworkCore.Query.Internal.SingleQueryingEnumerable`1.AsyncEnumerator.MoveNextAsync()
   at System.Runtime.CompilerServices.AsyncTaskMethodBuilder`1.AsyncStateMachineBox`1.ExecutionContextCallback(Object s)
   at System.Threading.ExecutionContext.RunInternal(ExecutionContext executionContext, ContextCallback callback, Object state)
   at System.Runtime.CompilerServices.AsyncTaskMethodBuilder`1.AsyncStateMachineBox`1.MoveNext(Thread threadPoolThread)
   at System.Runtime.CompilerServices.AsyncTaskMethodBuilder`1.AsyncStateMachineBox`1.MoveNext()
   at System.Threading.Tasks.AwaitTaskContinuation.RunOrScheduleAction(IAsyncStateMachineBox box, Boolean allowInlining)
   at System.Threading.Tasks.Task.RunContinuations(Object continuationObject)
   at System.Threading.Tasks.Task`1.TrySetResult(TResult result)
   at System.Runtime.CompilerServices.AsyncTaskMethodBuilder`1.SetExistingTaskResult(Task`1 task, TResult result)
   at Microsoft.EntityFrameworkCore.SqlServer.Storage.Internal.SqlServerExecutionStrategy.ExecuteAsync[TState,TResult](TState state, Func`4 operation, Func`4 verifySucceeded, CancellationToken cancellationToken)
   at System.Runtime.CompilerServices.AsyncTaskMethodBuilder`1.AsyncStateMachineBox`1.ExecutionContextCallback(Object s)
   at System.Threading.ExecutionContext.RunInternal(ExecutionContext executionContext, ContextCallback callback, Object state)
   at System.Runtime.CompilerServices.AsyncTaskMethodBuilder`1.AsyncStateMachineBox`1.MoveNext(Thread threadPoolThread)
   at System.Runtime.CompilerServices.AsyncTaskMethodBuilder`1.AsyncStateMachineBox`1.MoveNext()
   at System.Threading.Tasks.AwaitTaskContinuation.RunOrScheduleAction(IAsyncStateMachineBox box, Boolean allowInlining)
   at System.Threading.Tasks.Task.RunContinuations(Object continuationObject)
   at System.Threading.Tasks.Task`1.TrySetResult(TResult result)
   at System.Runtime.CompilerServices.AsyncTaskMethodBuilder`1.SetExistingTaskResult(Task`1 task, TResult result)
   at Microsoft.EntityFrameworkCore.Query.Internal.SingleQueryingEnumerable`1.AsyncEnumerator.InitializeReaderAsync(AsyncEnumerator enumerator, CancellationToken cancellationToken)
   at System.Runtime.CompilerServices.AsyncTaskMethodBuilder`1.AsyncStateMachineBox`1.ExecutionContextCallback(Object s)
   at System.Threading.ExecutionContext.RunInternal(ExecutionContext executionContext, ContextCallback callback, Object state)
   at System.Runtime.CompilerServices.AsyncTaskMethodBuilder`1.AsyncStateMachineBox`1.MoveNext(Thread threadPoolThread)
   at System.Runtime.CompilerServices.AsyncTaskMethodBuilder`1.AsyncStateMachineBox`1.MoveNext()
   at System.Threading.Tasks.AwaitTaskContinuation.RunOrScheduleAction(IAsyncStateMachineBox box, Boolean allowInlining)
   at System.Threading.Tasks.Task.RunContinuations(Object continuationObject)
   at System.Threading.Tasks.Task`1.TrySetResult(TResult result)
   at System.Runtime.CompilerServices.AsyncTaskMethodBuilder`1.SetExistingTaskResult(Task`1 task, TResult result)
   at Microsoft.EntityFrameworkCore.Storage.RelationalCommand.ExecuteReaderAsync(RelationalCommandParameterObject parameterObject, CancellationToken cancellationToken)
   at System.Runtime.CompilerServices.AsyncTaskMethodBuilder`1.AsyncStateMachineBox`1.ExecutionContextCallback(Object s)
   at System.Threading.ExecutionContext.RunInternal(ExecutionContext executionContext, ContextCallback callback, Object state)
   at System.Runtime.CompilerServices.AsyncTaskMethodBuilder`1.AsyncStateMachineBox`1.MoveNext(Thread threadPoolThread)
   at System.Runtime.CompilerServices.AsyncTaskMethodBuilder`1.AsyncStateMachineBox`1.MoveNext()
   at System.Threading.Tasks.AwaitTaskContinuation.RunOrScheduleAction(IAsyncStateMachineBox box, Boolean allowInlining)
   at System.Threading.Tasks.Task.RunContinuations(Object continuationObject)
   at System.Threading.Tasks.Task.FinishSlow(Boolean userDelegateExecute)
   at System.Threading.Tasks.Task.ExecuteWithThreadLocal(Task& currentTaskSlot, Thread threadPoolThread)
   at System.Threading.Tasks.ThreadPoolTaskScheduler.TryExecuteTaskInline(Task task, Boolean taskWasPreviouslyQueued)
   at System.Threading.Tasks.TaskScheduler.TryRunInline(Task task, Boolean taskWasPreviouslyQueued)
   at System.Threading.Tasks.TaskContinuation.InlineIfPossibleOrElseQueue(Task task, Boolean needsProtection)
   at System.Threading.Tasks.Task.RunContinuations(Object continuationObject)
   at System.Threading.Tasks.Task`1.TrySetResult(TResult result)
   at System.Threading.Tasks.UnwrapPromise`1.TrySetFromTask(Task task, Boolean lookForOce)
   at System.Threading.Tasks.UnwrapPromise`1.ProcessInnerTask(Task task)
   at System.Threading.Tasks.Task.RunContinuations(Object continuationObject)
   at System.Threading.Tasks.Task.FinishSlow(Boolean userDelegateExecute)
   at System.Threading.Tasks.Task.ExecuteWithThreadLocal(Task& currentTaskSlot, Thread threadPoolThread)
   at System.Threading.ThreadPoolWorkQueue.Dispatch()
   at System.Threading.PortableThreadPool.WorkerThread.WorkerThreadStart()
   at System.Threading.Thread.StartCallback()
--- End of stack trace from previous location ---
   at System.Threading.PeriodicTimer.State.System.Threading.Tasks.Sources.IValueTaskSource<System.Boolean>.GetResult(Int16 token)
   at Attendance.Api.BackgroundServices.QrTokenExpiryBackgroundService.ExecuteAsync(CancellationToken stoppingToken) in C:\employer\src\Attendance.Api\BackgroundServices\QrTokenExpiryBackgroundService.cs:line 39
   at Microsoft.Extensions.Hosting.Internal.Host.TryExecuteBackgroundServiceAsync(BackgroundService backgroundService)
2026-08-05 16:22:11.207 +03:00 [INF] Application is shutting down...
2026-08-05 16:22:25.928 +03:00 [WRN] The 'StaffStatus' property 'Status' on entity type 'Staff' is configured with a database-generated default, but has no configured sentinel value. The database-generated default will always be used for inserts when the property has the value 'Inactive', since this is the CLR default for the 'StaffStatus' type. Consider using a nullable type, using a nullable backing field, or setting the sentinel value for the property to ensure the database default is used when, and only when, appropriate. See https://aka.ms/efcore-docs-default-values for more information.
2026-08-05 16:22:26.583 +03:00 [INF] Kiosk QR deep-link base: http://192.168.1.19:4200/scan — phones must be able to reach this host.
2026-08-05 16:22:26.585 +03:00 [INF] Public Employee ID QR base URL: https://192.168.1.19:4200/employee-id — generated QR codes will resolve to this address.
2026-08-05 16:22:26.603 +03:00 [INF] QR token expiry sweep started (interval 5s).
2026-08-05 16:22:26.632 +03:00 [ERR] Hosting failed to start
System.IO.IOException: Failed to bind to address http://0.0.0.0:5080: address already in use.
 ---> Microsoft.AspNetCore.Connections.AddressInUseException: Only one usage of each socket address (protocol/network address/port) is normally permitted.
 ---> System.Net.Sockets.SocketException (10048): Only one usage of each socket address (protocol/network address/port) is normally permitted.
   at System.Net.Sockets.Socket.UpdateStatusAfterSocketErrorAndThrowException(SocketError error, Boolean disconnectOnFailure, String callerName)
   at System.Net.Sockets.Socket.DoBind(EndPoint endPointSnapshot, SocketAddress socketAddress)
   at System.Net.Sockets.Socket.Bind(EndPoint localEP)
   at Microsoft.AspNetCore.Server.Kestrel.Transport.Sockets.SocketTransportOptions.CreateDefaultBoundListenSocket(EndPoint endpoint)
   at Microsoft.AspNetCore.Server.Kestrel.Transport.Sockets.SocketConnectionListener.Bind()
   --- End of inner exception stack trace ---
   at Microsoft.AspNetCore.Server.Kestrel.Transport.Sockets.SocketConnectionListener.Bind()
   at Microsoft.AspNetCore.Server.Kestrel.Transport.Sockets.SocketTransportFactory.BindAsync(EndPoint endpoint, CancellationToken cancellationToken)
   at Microsoft.AspNetCore.Server.Kestrel.Core.Internal.Infrastructure.TransportManager.BindAsync(EndPoint endPoint, ConnectionDelegate connectionDelegate, EndpointConfig endpointConfig, CancellationToken cancellationToken)
   at Microsoft.AspNetCore.Server.Kestrel.Core.KestrelServerImpl.<>c__DisplayClass28_0`1.<<StartAsync>g__OnBind|0>d.MoveNext()
--- End of stack trace from previous location ---
   at Microsoft.AspNetCore.Server.Kestrel.Core.Internal.AddressBinder.BindEndpointAsync(ListenOptions endpoint, AddressBindContext context, CancellationToken cancellationToken)
   --- End of inner exception stack trace ---
   at Microsoft.AspNetCore.Server.Kestrel.Core.Internal.AddressBinder.BindEndpointAsync(ListenOptions endpoint, AddressBindContext context, CancellationToken cancellationToken)
   at Microsoft.AspNetCore.Server.Kestrel.Core.ListenOptions.BindAsync(AddressBindContext context, CancellationToken cancellationToken)
   at Microsoft.AspNetCore.Server.Kestrel.Core.Internal.AddressBinder.AddressesStrategy.BindAsync(AddressBindContext context, CancellationToken cancellationToken)
   at Microsoft.AspNetCore.Server.Kestrel.Core.KestrelServerImpl.BindAsync(CancellationToken cancellationToken)
   at Microsoft.AspNetCore.Server.Kestrel.Core.KestrelServerImpl.StartAsync[TContext](IHttpApplication`1 application, CancellationToken cancellationToken)
   at Microsoft.AspNetCore.Hosting.GenericWebHostService.StartAsync(CancellationToken cancellationToken)
   at Microsoft.Extensions.Hosting.Internal.Host.<StartAsync>b__14_1(IHostedService service, CancellationToken token)
   at Microsoft.Extensions.Hosting.Internal.Host.ForeachService[T](IEnumerable`1 services, CancellationToken token, Boolean concurrent, Boolean abortOnFirstException, List`1 exceptions, Func`3 operation)
2026-08-05 16:22:26.644 +03:00 [ERR] BackgroundService failed
System.OperationCanceledException: The operation was canceled.
   at System.Threading.PeriodicTimer.State.Signal(Boolean stopping, CancellationToken cancellationToken)
   at System.Threading.CancellationTokenSource.ExecuteCallbackHandlers(Boolean throwOnFirstException)
   at Microsoft.Extensions.DependencyInjection.ServiceLookup.ServiceProviderEngineScope.DisposeAsync()
   at Microsoft.Extensions.Hosting.Internal.Host.DisposeAsync()
   at System.Runtime.CompilerServices.AsyncMethodBuilderCore.Start[TStateMachine](TStateMachine& stateMachine)
   at Microsoft.Extensions.Hosting.Internal.Host.DisposeAsync()
   at Microsoft.Extensions.Hosting.HostingAbstractionsHostExtensions.RunAsync(IHost host, CancellationToken token)
   at System.Runtime.CompilerServices.AsyncMethodBuilderCore.Start[TStateMachine](TStateMachine& stateMachine)
   at Microsoft.Extensions.Hosting.HostingAbstractionsHostExtensions.RunAsync(IHost host, CancellationToken token)
   at Microsoft.Extensions.Hosting.HostingAbstractionsHostExtensions.Run(IHost host)
   at Program.<Main>$(String[] args) in C:\employer\src\Attendance.Api\Program.cs:line 215
   at System.Threading.ExecutionContext.RunInternal(ExecutionContext executionContext, ContextCallback callback, Object state)
   at System.Runtime.CompilerServices.AsyncTaskMethodBuilder`1.AsyncStateMachineBox`1.MoveNext(Thread threadPoolThread)
   at System.Threading.Tasks.AwaitTaskContinuation.RunOrScheduleAction(IAsyncStateMachineBox box, Boolean allowInlining)
   at System.Threading.Tasks.Task.RunContinuations(Object continuationObject)
   at System.Threading.Tasks.Task`1.TrySetResult(TResult result)
   at System.Runtime.CompilerServices.AsyncTaskMethodBuilder`1.SetExistingTaskResult(Task`1 task, TResult result)
   at Attendance.Infrastructure.Data.SeedData.SeedAsync(IServiceProvider serviceProvider) in C:\employer\src\Attendance.Infrastructure\Data\SeedData.cs:line 35
   at System.Threading.ExecutionContext.RunInternal(ExecutionContext executionContext, ContextCallback callback, Object state)
   at System.Runtime.CompilerServices.AsyncTaskMethodBuilder`1.AsyncStateMachineBox`1.MoveNext(Thread threadPoolThread)
   at System.Threading.Tasks.AwaitTaskContinuation.RunOrScheduleAction(IAsyncStateMachineBox box, Boolean allowInlining)
   at System.Threading.Tasks.Task.RunContinuations(Object continuationObject)
   at System.Threading.Tasks.Task`1.TrySetResult(TResult result)
   at System.Runtime.CompilerServices.AsyncTaskMethodBuilder`1.SetExistingTaskResult(Task`1 task, TResult result)
   at Attendance.Infrastructure.Data.SeedData.SeedAdminUserAsync(UserManager`1 userManager, ILogger logger) in C:\employer\src\Attendance.Infrastructure\Data\SeedData.cs:line 215
   at System.Threading.ExecutionContext.RunInternal(ExecutionContext executionContext, ContextCallback callback, Object state)
   at System.Runtime.CompilerServices.AsyncTaskMethodBuilder`1.AsyncStateMachineBox`1.MoveNext(Thread threadPoolThread)
   at System.Threading.Tasks.AwaitTaskContinuation.RunOrScheduleAction(IAsyncStateMachineBox box, Boolean allowInlining)
   at System.Threading.Tasks.Task.RunContinuations(Object continuationObject)
   at System.Threading.Tasks.Task`1.TrySetResult(TResult result)
   at System.Runtime.CompilerServices.AsyncTaskMethodBuilder`1.SetExistingTaskResult(Task`1 task, TResult result)
   at Microsoft.AspNetCore.Identity.UserManager`1.FindByNameAsync(String userName)
   at System.Runtime.CompilerServices.AsyncTaskMethodBuilder`1.AsyncStateMachineBox`1.ExecutionContextCallback(Object s)
   at System.Threading.ExecutionContext.RunInternal(ExecutionContext executionContext, ContextCallback callback, Object state)
   at System.Runtime.CompilerServices.AsyncTaskMethodBuilder`1.AsyncStateMachineBox`1.MoveNext(Thread threadPoolThread)
   at System.Runtime.CompilerServices.AsyncTaskMethodBuilder`1.AsyncStateMachineBox`1.MoveNext()
   at System.Threading.Tasks.AwaitTaskContinuation.RunOrScheduleAction(IAsyncStateMachineBox box, Boolean allowInlining)
   at System.Threading.Tasks.Task.RunContinuations(Object continuationObject)
   at System.Threading.Tasks.Task`1.TrySetResult(TResult result)
   at System.Runtime.CompilerServices.AsyncTaskMethodBuilder`1.SetExistingTaskResult(Task`1 task, TResult result)
   at Microsoft.EntityFrameworkCore.Query.ShapedQueryCompilingExpressionVisitor.SingleOrDefaultAsync[TSource](IAsyncEnumerable`1 asyncEnumerable, CancellationToken cancellationToken)
   at System.Runtime.CompilerServices.AsyncTaskMethodBuilder`1.AsyncStateMachineBox`1.ExecutionContextCallback(Object s)
   at System.Threading.ExecutionContext.RunInternal(ExecutionContext executionContext, ContextCallback callback, Object state)
   at System.Runtime.CompilerServices.AsyncTaskMethodBuilder`1.AsyncStateMachineBox`1.MoveNext(Thread threadPoolThread)
   at System.Runtime.CompilerServices.AsyncTaskMethodBuilder`1.AsyncStateMachineBox`1.MoveNext()
   at System.Threading.Tasks.AwaitTaskContinuation.RunOrScheduleAction(IAsyncStateMachineBox box, Boolean allowInlining)
   at System.Threading.Tasks.Task.RunContinuations(Object continuationObject)
   at System.Threading.Tasks.Task`1.TrySetResult(TResult result)
   at System.Runtime.CompilerServices.AsyncTaskMethodBuilder`1.SetExistingTaskResult(Task`1 task, TResult result)
   at Microsoft.EntityFrameworkCore.Query.Internal.SingleQueryingEnumerable`1.AsyncEnumerator.MoveNextAsync()
   at System.Runtime.CompilerServices.AsyncTaskMethodBuilder`1.AsyncStateMachineBox`1.ExecutionContextCallback(Object s)
   at System.Threading.ExecutionContext.RunInternal(ExecutionContext executionContext, ContextCallback callback, Object state)
   at System.Runtime.CompilerServices.AsyncTaskMethodBuilder`1.AsyncStateMachineBox`1.MoveNext(Thread threadPoolThread)
   at System.Runtime.CompilerServices.AsyncTaskMethodBuilder`1.AsyncStateMachineBox`1.MoveNext()
   at System.Threading.Tasks.AwaitTaskContinuation.RunOrScheduleAction(IAsyncStateMachineBox box, Boolean allowInlining)
   at System.Threading.Tasks.Task.RunContinuations(Object continuationObject)
   at System.Threading.Tasks.Task`1.TrySetResult(TResult result)
   at System.Runtime.CompilerServices.AsyncTaskMethodBuilder`1.SetExistingTaskResult(Task`1 task, TResult result)
   at Microsoft.EntityFrameworkCore.SqlServer.Storage.Internal.SqlServerExecutionStrategy.ExecuteAsync[TState,TResult](TState state, Func`4 operation, Func`4 verifySucceeded, CancellationToken cancellationToken)
   at System.Runtime.CompilerServices.AsyncTaskMethodBuilder`1.AsyncStateMachineBox`1.ExecutionContextCallback(Object s)
   at System.Threading.ExecutionContext.RunInternal(ExecutionContext executionContext, ContextCallback callback, Object state)
   at System.Runtime.CompilerServices.AsyncTaskMethodBuilder`1.AsyncStateMachineBox`1.MoveNext(Thread threadPoolThread)
   at System.Runtime.CompilerServices.AsyncTaskMethodBuilder`1.AsyncStateMachineBox`1.MoveNext()
   at System.Threading.Tasks.AwaitTaskContinuation.RunOrScheduleAction(IAsyncStateMachineBox box, Boolean allowInlining)
   at System.Threading.Tasks.Task.RunContinuations(Object continuationObject)
   at System.Threading.Tasks.Task`1.TrySetResult(TResult result)
   at System.Runtime.CompilerServices.AsyncTaskMethodBuilder`1.SetExistingTaskResult(Task`1 task, TResult result)
   at Microsoft.EntityFrameworkCore.Query.Internal.SingleQueryingEnumerable`1.AsyncEnumerator.InitializeReaderAsync(AsyncEnumerator enumerator, CancellationToken cancellationToken)
   at System.Runtime.CompilerServices.AsyncTaskMethodBuilder`1.AsyncStateMachineBox`1.ExecutionContextCallback(Object s)
   at System.Threading.ExecutionContext.RunInternal(ExecutionContext executionContext, ContextCallback callback, Object state)
   at System.Runtime.CompilerServices.AsyncTaskMethodBuilder`1.AsyncStateMachineBox`1.MoveNext(Thread threadPoolThread)
   at System.Runtime.CompilerServices.AsyncTaskMethodBuilder`1.AsyncStateMachineBox`1.MoveNext()
   at System.Threading.Tasks.AwaitTaskContinuation.RunOrScheduleAction(IAsyncStateMachineBox box, Boolean allowInlining)
   at System.Threading.Tasks.Task.RunContinuations(Object continuationObject)
   at System.Threading.Tasks.Task`1.TrySetResult(TResult result)
   at System.Runtime.CompilerServices.AsyncTaskMethodBuilder`1.SetExistingTaskResult(Task`1 task, TResult result)
   at Microsoft.EntityFrameworkCore.Storage.RelationalCommand.ExecuteReaderAsync(RelationalCommandParameterObject parameterObject, CancellationToken cancellationToken)
   at System.Runtime.CompilerServices.AsyncTaskMethodBuilder`1.AsyncStateMachineBox`1.ExecutionContextCallback(Object s)
   at System.Threading.ExecutionContext.RunInternal(ExecutionContext executionContext, ContextCallback callback, Object state)
   at System.Runtime.CompilerServices.AsyncTaskMethodBuilder`1.AsyncStateMachineBox`1.MoveNext(Thread threadPoolThread)
   at System.Runtime.CompilerServices.AsyncTaskMethodBuilder`1.AsyncStateMachineBox`1.MoveNext()
   at System.Threading.Tasks.AwaitTaskContinuation.RunOrScheduleAction(IAsyncStateMachineBox box, Boolean allowInlining)
   at System.Threading.Tasks.Task.RunContinuations(Object continuationObject)
   at System.Threading.Tasks.Task.FinishSlow(Boolean userDelegateExecute)
   at System.Threading.Tasks.Task.ExecuteWithThreadLocal(Task& currentTaskSlot, Thread threadPoolThread)
   at System.Threading.Tasks.ThreadPoolTaskScheduler.TryExecuteTaskInline(Task task, Boolean taskWasPreviouslyQueued)
   at System.Threading.Tasks.TaskScheduler.TryRunInline(Task task, Boolean taskWasPreviouslyQueued)
   at System.Threading.Tasks.TaskContinuation.InlineIfPossibleOrElseQueue(Task task, Boolean needsProtection)
   at System.Threading.Tasks.Task.RunContinuations(Object continuationObject)
   at System.Threading.Tasks.Task`1.TrySetResult(TResult result)
   at System.Threading.Tasks.UnwrapPromise`1.TrySetFromTask(Task task, Boolean lookForOce)
   at System.Threading.Tasks.UnwrapPromise`1.ProcessInnerTask(Task task)
   at System.Threading.Tasks.Task.RunContinuations(Object continuationObject)
   at System.Threading.Tasks.Task.FinishSlow(Boolean userDelegateExecute)
   at System.Threading.Tasks.Task.ExecuteWithThreadLocal(Task& currentTaskSlot, Thread threadPoolThread)
   at System.Threading.ThreadPoolWorkQueue.Dispatch()
   at System.Threading.PortableThreadPool.WorkerThread.WorkerThreadStart()
   at System.Threading.Thread.StartCallback()
--- End of stack trace from previous location ---
   at System.Threading.PeriodicTimer.State.System.Threading.Tasks.Sources.IValueTaskSource<System.Boolean>.GetResult(Int16 token)
   at Attendance.Api.BackgroundServices.QrTokenExpiryBackgroundService.ExecuteAsync(CancellationToken stoppingToken) in C:\employer\src\Attendance.Api\BackgroundServices\QrTokenExpiryBackgroundService.cs:line 39
   at Microsoft.Extensions.Hosting.Internal.Host.TryExecuteBackgroundServiceAsync(BackgroundService backgroundService)
2026-08-05 16:22:26.654 +03:00 [FTL] The HostOptions.BackgroundServiceExceptionBehavior is configured to StopHost. A BackgroundService has thrown an unhandled exception, and the IHost instance is stopping. To avoid this behavior, configure this to Ignore; however the BackgroundService will not be restarted.
System.OperationCanceledException: The operation was canceled.
   at System.Threading.PeriodicTimer.State.Signal(Boolean stopping, CancellationToken cancellationToken)
   at System.Threading.CancellationTokenSource.ExecuteCallbackHandlers(Boolean throwOnFirstException)
   at Microsoft.Extensions.DependencyInjection.ServiceLookup.ServiceProviderEngineScope.DisposeAsync()
   at Microsoft.Extensions.Hosting.Internal.Host.DisposeAsync()
   at System.Runtime.CompilerServices.AsyncMethodBuilderCore.Start[TStateMachine](TStateMachine& stateMachine)
   at Microsoft.Extensions.Hosting.Internal.Host.DisposeAsync()
   at Microsoft.Extensions.Hosting.HostingAbstractionsHostExtensions.RunAsync(IHost host, CancellationToken token)
   at System.Runtime.CompilerServices.AsyncMethodBuilderCore.Start[TStateMachine](TStateMachine& stateMachine)
   at Microsoft.Extensions.Hosting.HostingAbstractionsHostExtensions.RunAsync(IHost host, CancellationToken token)
   at Microsoft.Extensions.Hosting.HostingAbstractionsHostExtensions.Run(IHost host)
   at Program.<Main>$(String[] args) in C:\employer\src\Attendance.Api\Program.cs:line 215
   at System.Threading.ExecutionContext.RunInternal(ExecutionContext executionContext, ContextCallback callback, Object state)
   at System.Runtime.CompilerServices.AsyncTaskMethodBuilder`1.AsyncStateMachineBox`1.MoveNext(Thread threadPoolThread)
   at System.Threading.Tasks.AwaitTaskContinuation.RunOrScheduleAction(IAsyncStateMachineBox box, Boolean allowInlining)
   at System.Threading.Tasks.Task.RunContinuations(Object continuationObject)
   at System.Threading.Tasks.Task`1.TrySetResult(TResult result)
   at System.Runtime.CompilerServices.AsyncTaskMethodBuilder`1.SetExistingTaskResult(Task`1 task, TResult result)
   at Attendance.Infrastructure.Data.SeedData.SeedAsync(IServiceProvider serviceProvider) in C:\employer\src\Attendance.Infrastructure\Data\SeedData.cs:line 35
   at System.Threading.ExecutionContext.RunInternal(ExecutionContext executionContext, ContextCallback callback, Object state)
   at System.Runtime.CompilerServices.AsyncTaskMethodBuilder`1.AsyncStateMachineBox`1.MoveNext(Thread threadPoolThread)
   at System.Threading.Tasks.AwaitTaskContinuation.RunOrScheduleAction(IAsyncStateMachineBox box, Boolean allowInlining)
   at System.Threading.Tasks.Task.RunContinuations(Object continuationObject)
   at System.Threading.Tasks.Task`1.TrySetResult(TResult result)
   at System.Runtime.CompilerServices.AsyncTaskMethodBuilder`1.SetExistingTaskResult(Task`1 task, TResult result)
   at Attendance.Infrastructure.Data.SeedData.SeedAdminUserAsync(UserManager`1 userManager, ILogger logger) in C:\employer\src\Attendance.Infrastructure\Data\SeedData.cs:line 215
   at System.Threading.ExecutionContext.RunInternal(ExecutionContext executionContext, ContextCallback callback, Object state)
   at System.Runtime.CompilerServices.AsyncTaskMethodBuilder`1.AsyncStateMachineBox`1.MoveNext(Thread threadPoolThread)
   at System.Threading.Tasks.AwaitTaskContinuation.RunOrScheduleAction(IAsyncStateMachineBox box, Boolean allowInlining)
   at System.Threading.Tasks.Task.RunContinuations(Object continuationObject)
   at System.Threading.Tasks.Task`1.TrySetResult(TResult result)
   at System.Runtime.CompilerServices.AsyncTaskMethodBuilder`1.SetExistingTaskResult(Task`1 task, TResult result)
   at Microsoft.AspNetCore.Identity.UserManager`1.FindByNameAsync(String userName)
   at System.Runtime.CompilerServices.AsyncTaskMethodBuilder`1.AsyncStateMachineBox`1.ExecutionContextCallback(Object s)
   at System.Threading.ExecutionContext.RunInternal(ExecutionContext executionContext, ContextCallback callback, Object state)
   at System.Runtime.CompilerServices.AsyncTaskMethodBuilder`1.AsyncStateMachineBox`1.MoveNext(Thread threadPoolThread)
   at System.Runtime.CompilerServices.AsyncTaskMethodBuilder`1.AsyncStateMachineBox`1.MoveNext()
   at System.Threading.Tasks.AwaitTaskContinuation.RunOrScheduleAction(IAsyncStateMachineBox box, Boolean allowInlining)
   at System.Threading.Tasks.Task.RunContinuations(Object continuationObject)
   at System.Threading.Tasks.Task`1.TrySetResult(TResult result)
   at System.Runtime.CompilerServices.AsyncTaskMethodBuilder`1.SetExistingTaskResult(Task`1 task, TResult result)
   at Microsoft.EntityFrameworkCore.Query.ShapedQueryCompilingExpressionVisitor.SingleOrDefaultAsync[TSource](IAsyncEnumerable`1 asyncEnumerable, CancellationToken cancellationToken)
   at System.Runtime.CompilerServices.AsyncTaskMethodBuilder`1.AsyncStateMachineBox`1.ExecutionContextCallback(Object s)
   at System.Threading.ExecutionContext.RunInternal(ExecutionContext executionContext, ContextCallback callback, Object state)
   at System.Runtime.CompilerServices.AsyncTaskMethodBuilder`1.AsyncStateMachineBox`1.MoveNext(Thread threadPoolThread)
   at System.Runtime.CompilerServices.AsyncTaskMethodBuilder`1.AsyncStateMachineBox`1.MoveNext()
   at System.Threading.Tasks.AwaitTaskContinuation.RunOrScheduleAction(IAsyncStateMachineBox box, Boolean allowInlining)
   at System.Threading.Tasks.Task.RunContinuations(Object continuationObject)
   at System.Threading.Tasks.Task`1.TrySetResult(TResult result)
   at System.Runtime.CompilerServices.AsyncTaskMethodBuilder`1.SetExistingTaskResult(Task`1 task, TResult result)
   at Microsoft.EntityFrameworkCore.Query.Internal.SingleQueryingEnumerable`1.AsyncEnumerator.MoveNextAsync()
   at System.Runtime.CompilerServices.AsyncTaskMethodBuilder`1.AsyncStateMachineBox`1.ExecutionContextCallback(Object s)
   at System.Threading.ExecutionContext.RunInternal(ExecutionContext executionContext, ContextCallback callback, Object state)
   at System.Runtime.CompilerServices.AsyncTaskMethodBuilder`1.AsyncStateMachineBox`1.MoveNext(Thread threadPoolThread)
   at System.Runtime.CompilerServices.AsyncTaskMethodBuilder`1.AsyncStateMachineBox`1.MoveNext()
   at System.Threading.Tasks.AwaitTaskContinuation.RunOrScheduleAction(IAsyncStateMachineBox box, Boolean allowInlining)
   at System.Threading.Tasks.Task.RunContinuations(Object continuationObject)
   at System.Threading.Tasks.Task`1.TrySetResult(TResult result)
   at System.Runtime.CompilerServices.AsyncTaskMethodBuilder`1.SetExistingTaskResult(Task`1 task, TResult result)
   at Microsoft.EntityFrameworkCore.SqlServer.Storage.Internal.SqlServerExecutionStrategy.ExecuteAsync[TState,TResult](TState state, Func`4 operation, Func`4 verifySucceeded, CancellationToken cancellationToken)
   at System.Runtime.CompilerServices.AsyncTaskMethodBuilder`1.AsyncStateMachineBox`1.ExecutionContextCallback(Object s)
   at System.Threading.ExecutionContext.RunInternal(ExecutionContext executionContext, ContextCallback callback, Object state)
   at System.Runtime.CompilerServices.AsyncTaskMethodBuilder`1.AsyncStateMachineBox`1.MoveNext(Thread threadPoolThread)
   at System.Runtime.CompilerServices.AsyncTaskMethodBuilder`1.AsyncStateMachineBox`1.MoveNext()
   at System.Threading.Tasks.AwaitTaskContinuation.RunOrScheduleAction(IAsyncStateMachineBox box, Boolean allowInlining)
   at System.Threading.Tasks.Task.RunContinuations(Object continuationObject)
   at System.Threading.Tasks.Task`1.TrySetResult(TResult result)
   at System.Runtime.CompilerServices.AsyncTaskMethodBuilder`1.SetExistingTaskResult(Task`1 task, TResult result)
   at Microsoft.EntityFrameworkCore.Query.Internal.SingleQueryingEnumerable`1.AsyncEnumerator.InitializeReaderAsync(AsyncEnumerator enumerator, CancellationToken cancellationToken)
   at System.Runtime.CompilerServices.AsyncTaskMethodBuilder`1.AsyncStateMachineBox`1.ExecutionContextCallback(Object s)
   at System.Threading.ExecutionContext.RunInternal(ExecutionContext executionContext, ContextCallback callback, Object state)
   at System.Runtime.CompilerServices.AsyncTaskMethodBuilder`1.AsyncStateMachineBox`1.MoveNext(Thread threadPoolThread)
   at System.Runtime.CompilerServices.AsyncTaskMethodBuilder`1.AsyncStateMachineBox`1.MoveNext()
   at System.Threading.Tasks.AwaitTaskContinuation.RunOrScheduleAction(IAsyncStateMachineBox box, Boolean allowInlining)
   at System.Threading.Tasks.Task.RunContinuations(Object continuationObject)
   at System.Threading.Tasks.Task`1.TrySetResult(TResult result)
   at System.Runtime.CompilerServices.AsyncTaskMethodBuilder`1.SetExistingTaskResult(Task`1 task, TResult result)
   at Microsoft.EntityFrameworkCore.Storage.RelationalCommand.ExecuteReaderAsync(RelationalCommandParameterObject parameterObject, CancellationToken cancellationToken)
   at System.Runtime.CompilerServices.AsyncTaskMethodBuilder`1.AsyncStateMachineBox`1.ExecutionContextCallback(Object s)
   at System.Threading.ExecutionContext.RunInternal(ExecutionContext executionContext, ContextCallback callback, Object state)
   at System.Runtime.CompilerServices.AsyncTaskMethodBuilder`1.AsyncStateMachineBox`1.MoveNext(Thread threadPoolThread)
   at System.Runtime.CompilerServices.AsyncTaskMethodBuilder`1.AsyncStateMachineBox`1.MoveNext()
   at System.Threading.Tasks.AwaitTaskContinuation.RunOrScheduleAction(IAsyncStateMachineBox box, Boolean allowInlining)
   at System.Threading.Tasks.Task.RunContinuations(Object continuationObject)
   at System.Threading.Tasks.Task.FinishSlow(Boolean userDelegateExecute)
   at System.Threading.Tasks.Task.ExecuteWithThreadLocal(Task& currentTaskSlot, Thread threadPoolThread)
   at System.Threading.Tasks.ThreadPoolTaskScheduler.TryExecuteTaskInline(Task task, Boolean taskWasPreviouslyQueued)
   at System.Threading.Tasks.TaskScheduler.TryRunInline(Task task, Boolean taskWasPreviouslyQueued)
   at System.Threading.Tasks.TaskContinuation.InlineIfPossibleOrElseQueue(Task task, Boolean needsProtection)
   at System.Threading.Tasks.Task.RunContinuations(Object continuationObject)
   at System.Threading.Tasks.Task`1.TrySetResult(TResult result)
   at System.Threading.Tasks.UnwrapPromise`1.TrySetFromTask(Task task, Boolean lookForOce)
   at System.Threading.Tasks.UnwrapPromise`1.ProcessInnerTask(Task task)
   at System.Threading.Tasks.Task.RunContinuations(Object continuationObject)
   at System.Threading.Tasks.Task.FinishSlow(Boolean userDelegateExecute)
   at System.Threading.Tasks.Task.ExecuteWithThreadLocal(Task& currentTaskSlot, Thread threadPoolThread)
   at System.Threading.ThreadPoolWorkQueue.Dispatch()
   at System.Threading.PortableThreadPool.WorkerThread.WorkerThreadStart()
   at System.Threading.Thread.StartCallback()
--- End of stack trace from previous location ---
   at System.Threading.PeriodicTimer.State.System.Threading.Tasks.Sources.IValueTaskSource<System.Boolean>.GetResult(Int16 token)
   at Attendance.Api.BackgroundServices.QrTokenExpiryBackgroundService.ExecuteAsync(CancellationToken stoppingToken) in C:\employer\src\Attendance.Api\BackgroundServices\QrTokenExpiryBackgroundService.cs:line 39
   at Microsoft.Extensions.Hosting.Internal.Host.TryExecuteBackgroundServiceAsync(BackgroundService backgroundService)
2026-08-05 16:22:26.663 +03:00 [INF] Application is shutting down...
2026-08-05 16:24:02.226 +03:00 [WRN] The 'StaffStatus' property 'Status' on entity type 'Staff' is configured with a database-generated default, but has no configured sentinel value. The database-generated default will always be used for inserts when the property has the value 'Inactive', since this is the CLR default for the 'StaffStatus' type. Consider using a nullable type, using a nullable backing field, or setting the sentinel value for the property to ensure the database default is used when, and only when, appropriate. See https://aka.ms/efcore-docs-default-values for more information.
2026-08-05 16:24:02.942 +03:00 [INF] Kiosk QR deep-link base: http://192.168.1.19:4200/scan — phones must be able to reach this host.
2026-08-05 16:24:02.943 +03:00 [INF] Public Employee ID QR base URL: https://192.168.1.19:4200/employee-id — generated QR codes will resolve to this address.
2026-08-05 16:24:02.964 +03:00 [INF] QR token expiry sweep started (interval 5s).
2026-08-05 16:24:02.997 +03:00 [INF] Now listening on: http://0.0.0.0:5080
2026-08-05 16:24:02.998 +03:00 [INF] Application started. Press Ctrl+C to shut down.
2026-08-05 16:24:02.999 +03:00 [INF] Hosting environment: Development
2026-08-05 16:24:02.999 +03:00 [INF] Content root path: C:\employer\src\Attendance.Api
2026-08-05 16:24:08.180 +03:00 [INF] Expired 1 stale QR token(s); a replacement was pushed to the kiosk.
2026-08-05 16:24:28.016 +03:00 [INF] Expired 1 stale QR token(s); a replacement was pushed to the kiosk.
2026-08-05 16:24:47.988 +03:00 [INF] Expired 1 stale QR token(s); a replacement was pushed to the kiosk.
2026-08-05 16:25:07.994 +03:00 [INF] Expired 1 stale QR token(s); a replacement was pushed to the kiosk.
2026-08-05 16:25:27.991 +03:00 [INF] Expired 1 stale QR token(s); a replacement was pushed to the kiosk.
2026-08-05 16:25:31.734 +03:00 [INF] HTTP POST /api/auth/login responded 200 in 416.9973 ms
2026-08-05 16:25:31.981 +03:00 [INF] HTTP GET /api/staff responded 200 in 177.7922 ms
2026-08-05 16:25:48.011 +03:00 [INF] Expired 1 stale QR token(s); a replacement was pushed to the kiosk.
2026-08-05 16:25:51.802 +03:00 [INF] HTTP POST /api/auth/login responded 200 in 110.0428 ms
2026-08-05 16:25:51.952 +03:00 [INF] HTTP GET /api/staff responded 200 in 11.9400 ms
2026-08-05 16:25:57.688 +03:00 [INF] HTTP GET /api/slots responded 200 in 41.0183 ms
2026-08-05 16:26:02.562 +03:00 [INF] HTTP GET /api/reports/daily responded 200 in 86.4890 ms
2026-08-05 16:26:07.365 +03:00 [INF] HTTP GET /api/reports/daily/export responded 200 in 1521.2223 ms
2026-08-05 16:26:08.002 +03:00 [INF] Expired 1 stale QR token(s); a replacement was pushed to the kiosk.
2026-08-05 16:26:22.990 +03:00 [INF] Expired 1 stale QR token(s); a replacement was pushed to the kiosk.
2026-08-05 16:26:30.415 +03:00 [INF] HTTP GET /api/slots responded 200 in 5.6185 ms
2026-08-05 16:26:42.990 +03:00 [INF] Expired 1 stale QR token(s); a replacement was pushed to the kiosk.
2026-08-05 16:26:58.829 +03:00 [INF] HTTP GET /api/reports/daily responded 200 in 6.9885 ms
2026-08-05 16:27:01.481 +03:00 [INF] HTTP GET /api/reports/payroll responded 200 in 46.9788 ms
2026-08-05 16:27:02.989 +03:00 [INF] Expired 1 stale QR token(s); a replacement was pushed to the kiosk.
2026-08-05 16:27:16.228 +03:00 [INF] HTTP POST /hubs/attendance/negotiate responded 200 in 4.2789 ms
2026-08-05 16:27:16.250 +03:00 [INF] HTTP GET /api/reports/live-dashboard responded 200 in 25.5802 ms
2026-08-05 16:27:17.782 +03:00 [INF] HTTP GET /api/staff responded 200 in 7.7979 ms
2026-08-05 16:27:19.364 +03:00 [INF] HTTP GET /api/reports/payroll responded 200 in 5.0507 ms
2026-08-05 16:27:21.248 +03:00 [INF] HTTP GET /api/slots responded 200 in 4.9304 ms
2026-08-05 16:27:22.990 +03:00 [INF] Expired 1 stale QR token(s); a replacement was pushed to the kiosk.
2026-08-05 16:27:25.843 +03:00 [INF] HTTP GET /api/reports/daily responded 200 in 5.7058 ms
2026-08-05 16:27:29.258 +03:00 [INF] HTTP GET /api/slots responded 200 in 3.9312 ms
2026-08-05 16:27:42.989 +03:00 [INF] Expired 1 stale QR token(s); a replacement was pushed to the kiosk.
2026-08-05 16:28:02.995 +03:00 [INF] Expired 1 stale QR token(s); a replacement was pushed to the kiosk.
2026-08-05 16:28:22.989 +03:00 [INF] Expired 1 stale QR token(s); a replacement was pushed to the kiosk.
2026-08-05 16:28:42.984 +03:00 [INF] Expired 1 stale QR token(s); a replacement was pushed to the kiosk.
2026-08-05 16:29:02.990 +03:00 [INF] Expired 1 stale QR token(s); a replacement was pushed to the kiosk.
2026-08-05 16:29:22.989 +03:00 [INF] Expired 1 stale QR token(s); a replacement was pushed to the kiosk.
2026-08-05 16:29:42.983 +03:00 [INF] Expired 1 stale QR token(s); a replacement was pushed to the kiosk.
2026-08-05 16:30:02.988 +03:00 [INF] Expired 1 stale QR token(s); a replacement was pushed to the kiosk.
2026-08-05 16:30:22.989 +03:00 [INF] Expired 1 stale QR token(s); a replacement was pushed to the kiosk.
2026-08-05 16:30:42.983 +03:00 [INF] Expired 1 stale QR token(s); a replacement was pushed to the kiosk.
2026-08-05 16:30:57.995 +03:00 [INF] Expired 1 stale QR token(s); a replacement was pushed to the kiosk.
2026-08-05 16:31:17.984 +03:00 [INF] Expired 1 stale QR token(s); a replacement was pushed to the kiosk.
2026-08-05 16:31:37.978 +03:00 [INF] Expired 1 stale QR token(s); a replacement was pushed to the kiosk.
2026-08-05 16:31:52.994 +03:00 [INF] Expired 1 stale QR token(s); a replacement was pushed to the kiosk.
2026-08-05 16:32:12.994 +03:00 [INF] Expired 1 stale QR token(s); a replacement was pushed to the kiosk.
2026-08-05 16:32:32.991 +03:00 [INF] Expired 1 stale QR token(s); a replacement was pushed to the kiosk.
2026-08-05 16:32:52.981 +03:00 [INF] Expired 1 stale QR token(s); a replacement was pushed to the kiosk.
2026-08-05 16:33:12.997 +03:00 [INF] Expired 1 stale QR token(s); a replacement was pushed to the kiosk.
2026-08-05 16:33:32.981 +03:00 [INF] Expired 1 stale QR token(s); a replacement was pushed to the kiosk.
2026-08-05 16:33:48.007 +03:00 [INF] Expired 1 stale QR token(s); a replacement was pushed to the kiosk.
2026-08-05 16:34:07.999 +03:00 [INF] Expired 1 stale QR token(s); a replacement was pushed to the kiosk.
2026-08-05 16:34:27.986 +03:00 [INF] Expired 1 stale QR token(s); a replacement was pushed to the kiosk.
2026-08-05 16:34:47.978 +03:00 [INF] Expired 1 stale QR token(s); a replacement was pushed to the kiosk.
2026-08-05 16:35:07.985 +03:00 [INF] Expired 1 stale QR token(s); a replacement was pushed to the kiosk.
2026-08-05 16:35:27.983 +03:00 [INF] Expired 1 stale QR token(s); a replacement was pushed to the kiosk.
2026-08-05 16:35:47.984 +03:00 [INF] Expired 1 stale QR token(s); a replacement was pushed to the kiosk.
2026-08-05 16:36:02.996 +03:00 [INF] Expired 1 stale QR token(s); a replacement was pushed to the kiosk.
2026-08-05 16:36:22.979 +03:00 [INF] Expired 1 stale QR token(s); a replacement was pushed to the kiosk.
2026-08-05 16:36:37.998 +03:00 [INF] Expired 1 stale QR token(s); a replacement was pushed to the kiosk.
2026-08-05 16:36:57.999 +03:00 [INF] Expired 1 stale QR token(s); a replacement was pushed to the kiosk.
2026-08-05 16:37:17.990 +03:00 [INF] Expired 1 stale QR token(s); a replacement was pushed to the kiosk.
2026-08-05 16:37:37.984 +03:00 [INF] Expired 1 stale QR token(s); a replacement was pushed to the kiosk.
2026-08-05 16:37:57.981 +03:00 [INF] Expired 1 stale QR token(s); a replacement was pushed to the kiosk.
2026-08-05 16:38:17.987 +03:00 [INF] Expired 1 stale QR token(s); a replacement was pushed to the kiosk.
2026-08-05 16:38:37.981 +03:00 [INF] Expired 1 stale QR token(s); a replacement was pushed to the kiosk.
2026-08-05 16:38:52.997 +03:00 [INF] Expired 1 stale QR token(s); a replacement was pushed to the kiosk.
2026-08-05 16:39:12.999 +03:00 [INF] Expired 1 stale QR token(s); a replacement was pushed to the kiosk.
2026-08-05 16:39:32.984 +03:00 [INF] Expired 1 stale QR token(s); a replacement was pushed to the kiosk.
2026-08-05 16:39:52.983 +03:00 [INF] Expired 1 stale QR token(s); a replacement was pushed to the kiosk.
2026-08-05 16:40:12.982 +03:00 [INF] Expired 1 stale QR token(s); a replacement was pushed to the kiosk.
2026-08-05 16:40:32.995 +03:00 [INF] Expired 1 stale QR token(s); a replacement was pushed to the kiosk.
2026-08-05 16:40:52.981 +03:00 [INF] Expired 1 stale QR token(s); a replacement was pushed to the kiosk.
2026-08-05 16:41:07.995 +03:00 [INF] Expired 1 stale QR token(s); a replacement was pushed to the kiosk.
2026-08-05 16:41:18.719 +03:00 [INF] HTTP GET /hubs/attendance responded 101 in 841849.3463 ms
2026-08-05 16:41:35.006 +03:00 [INF] HTTP POST /hubs/attendance/negotiate responded 200 in 0.8989 ms
2026-08-05 16:41:36.580 +03:00 [INF] Expired 1 stale QR token(s); a replacement was pushed to the kiosk.
