2026-07-13 09:56:16.037 +03:00 [WRN] The 'StaffStatus' property 'Status' on entity type 'Staff' is configured with a database-generated default, but has no configured sentinel value. The database-generated default will always be used for inserts when the property has the value 'Inactive', since this is the CLR default for the 'StaffStatus' type. Consider using a nullable type, using a nullable backing field, or setting the sentinel value for the property to ensure the database default is used when, and only when, appropriate. See https://aka.ms/efcore-docs-default-values for more information.
2026-07-13 09:56:19.361 +03:00 [INF] Seeded 1 attendance slot(s): LunchIn
2026-07-13 09:56:19.597 +03:00 [INF] Kiosk QR deep-link base: http://192.168.1.29:4200/scan — phones must be able to reach this host.
2026-07-13 09:56:19.686 +03:00 [INF] QR token expiry sweep started (interval 5s).
2026-07-13 09:56:19.769 +03:00 [INF] Now listening on: http://0.0.0.0:5080
2026-07-13 09:56:19.770 +03:00 [INF] Application started. Press Ctrl+C to shut down.
2026-07-13 09:56:19.771 +03:00 [INF] Hosting environment: Development
2026-07-13 09:56:19.772 +03:00 [INF] Content root path: C:\PROJECTS\employer\src\Attendance.Api
2026-07-13 09:56:25.458 +03:00 [INF] Expired 1 stale QR token(s); a replacement was pushed to the kiosk.
2026-07-13 09:56:44.734 +03:00 [INF] Expired 1 stale QR token(s); a replacement was pushed to the kiosk.
2026-07-13 09:56:59.729 +03:00 [INF] Expired 1 stale QR token(s); a replacement was pushed to the kiosk.
2026-07-13 09:57:19.719 +03:00 [INF] Expired 1 stale QR token(s); a replacement was pushed to the kiosk.
2026-07-13 09:57:34.726 +03:00 [INF] Expired 1 stale QR token(s); a replacement was pushed to the kiosk.
2026-07-13 09:57:54.734 +03:00 [INF] Expired 1 stale QR token(s); a replacement was pushed to the kiosk.
2026-07-13 09:58:09.743 +03:00 [INF] Expired 1 stale QR token(s); a replacement was pushed to the kiosk.
2026-07-13 09:58:29.717 +03:00 [INF] Expired 1 stale QR token(s); a replacement was pushed to the kiosk.
2026-07-13 09:58:49.714 +03:00 [INF] Expired 1 stale QR token(s); a replacement was pushed to the kiosk.
2026-07-13 09:59:09.712 +03:00 [INF] Expired 1 stale QR token(s); a replacement was pushed to the kiosk.
2026-07-13 09:59:29.706 +03:00 [INF] Expired 1 stale QR token(s); a replacement was pushed to the kiosk.
2026-07-13 09:59:44.714 +03:00 [INF] Expired 1 stale QR token(s); a replacement was pushed to the kiosk.
2026-07-13 10:00:04.710 +03:00 [INF] Expired 1 stale QR token(s); a replacement was pushed to the kiosk.
2026-07-13 10:00:24.710 +03:00 [INF] Expired 1 stale QR token(s); a replacement was pushed to the kiosk.
2026-07-13 10:00:44.702 +03:00 [INF] Expired 1 stale QR token(s); a replacement was pushed to the kiosk.
2026-07-13 10:01:04.724 +03:00 [INF] Expired 1 stale QR token(s); a replacement was pushed to the kiosk.
2026-07-13 10:01:24.708 +03:00 [INF] Expired 1 stale QR token(s); a replacement was pushed to the kiosk.
2026-07-13 10:01:44.712 +03:00 [INF] Expired 1 stale QR token(s); a replacement was pushed to the kiosk.
2026-07-13 10:02:04.706 +03:00 [INF] Expired 1 stale QR token(s); a replacement was pushed to the kiosk.
2026-07-13 10:02:24.702 +03:00 [INF] Expired 1 stale QR token(s); a replacement was pushed to the kiosk.
2026-07-13 10:02:44.705 +03:00 [INF] Expired 1 stale QR token(s); a replacement was pushed to the kiosk.
2026-07-13 10:03:04.707 +03:00 [INF] Expired 1 stale QR token(s); a replacement was pushed to the kiosk.
2026-07-13 10:03:24.702 +03:00 [INF] Expired 1 stale QR token(s); a replacement was pushed to the kiosk.
2026-07-13 10:03:39.893 +03:00 [INF] Expired 1 stale QR token(s); a replacement was pushed to the kiosk.
2026-07-13 10:03:59.703 +03:00 [INF] Expired 1 stale QR token(s); a replacement was pushed to the kiosk.
2026-07-13 10:04:14.711 +03:00 [INF] Expired 1 stale QR token(s); a replacement was pushed to the kiosk.
2026-07-13 10:04:34.699 +03:00 [INF] Expired 1 stale QR token(s); a replacement was pushed to the kiosk.
2026-07-13 10:04:54.701 +03:00 [INF] Expired 1 stale QR token(s); a replacement was pushed to the kiosk.
2026-07-13 10:05:14.706 +03:00 [INF] Expired 1 stale QR token(s); a replacement was pushed to the kiosk.
2026-07-13 10:05:34.698 +03:00 [INF] Expired 1 stale QR token(s); a replacement was pushed to the kiosk.
2026-07-13 10:05:49.703 +03:00 [INF] Expired 1 stale QR token(s); a replacement was pushed to the kiosk.
2026-07-13 10:06:04.727 +03:00 [INF] Expired 1 stale QR token(s); a replacement was pushed to the kiosk.
2026-07-13 10:06:24.702 +03:00 [INF] Expired 1 stale QR token(s); a replacement was pushed to the kiosk.
2026-07-13 10:06:44.720 +03:00 [INF] Expired 1 stale QR token(s); a replacement was pushed to the kiosk.
2026-07-13 10:07:04.696 +03:00 [INF] Expired 1 stale QR token(s); a replacement was pushed to the kiosk.
2026-07-13 10:07:19.702 +03:00 [INF] Expired 1 stale QR token(s); a replacement was pushed to the kiosk.
2026-07-13 10:07:39.710 +03:00 [INF] Expired 1 stale QR token(s); a replacement was pushed to the kiosk.
2026-07-13 10:07:59.698 +03:00 [INF] Expired 1 stale QR token(s); a replacement was pushed to the kiosk.
2026-07-13 10:08:19.707 +03:00 [INF] Expired 1 stale QR token(s); a replacement was pushed to the kiosk.
2026-07-13 10:08:22.820 +03:00 [WRN] Failed to determine the https port for redirect.
2026-07-13 10:08:23.278 +03:00 [INF] HTTP POST /api/auth/login responded 200 in 533.2503 ms
2026-07-13 10:08:23.629 +03:00 [INF] HTTP GET /api/staff responded 200 in 237.4923 ms
2026-07-13 10:08:27.016 +03:00 [INF] HTTP GET /api/slots responded 200 in 59.7035 ms
2026-07-13 10:08:39.709 +03:00 [INF] Expired 1 stale QR token(s); a replacement was pushed to the kiosk.
2026-07-13 10:08:59.715 +03:00 [INF] Expired 1 stale QR token(s); a replacement was pushed to the kiosk.
2026-07-13 10:09:19.747 +03:00 [INF] Expired 1 stale QR token(s); a replacement was pushed to the kiosk.
2026-07-13 10:09:39.699 +03:00 [INF] Expired 1 stale QR token(s); a replacement was pushed to the kiosk.
2026-07-13 10:09:54.709 +03:00 [INF] Expired 1 stale QR token(s); a replacement was pushed to the kiosk.
2026-07-13 10:10:14.696 +03:00 [INF] Expired 1 stale QR token(s); a replacement was pushed to the kiosk.
2026-07-13 10:10:29.707 +03:00 [INF] Expired 1 stale QR token(s); a replacement was pushed to the kiosk.
2026-07-13 10:10:49.706 +03:00 [INF] Expired 1 stale QR token(s); a replacement was pushed to the kiosk.
2026-07-13 10:10:50.782 +03:00 [INF] HTTP GET /api/reports/daily responded 200 in 111.6165 ms
2026-07-13 10:11:06.985 +03:00 [INF] HTTP GET /api/reports/daily responded 400 in 25.3072 ms
2026-07-13 10:11:07.805 +03:00 [INF] HTTP GET /api/reports/daily responded 200 in 10.8995 ms
2026-07-13 10:11:09.710 +03:00 [INF] Expired 1 stale QR token(s); a replacement was pushed to the kiosk.
2026-07-13 10:11:24.253 +03:00 [INF] HTTP GET /api/reports/daily responded 200 in 5.6080 ms
2026-07-13 10:11:29.700 +03:00 [INF] Expired 1 stale QR token(s); a replacement was pushed to the kiosk.
2026-07-13 10:11:34.815 +03:00 [INF] HTTP GET /api/reports/daily responded 200 in 5.3743 ms
2026-07-13 10:11:42.803 +03:00 [INF] HTTP GET /api/reports/daily responded 200 in 10.5058 ms
2026-07-13 10:11:43.614 +03:00 [INF] HTTP GET /api/reports/daily responded 200 in 13.2110 ms
2026-07-13 10:11:49.700 +03:00 [INF] Expired 1 stale QR token(s); a replacement was pushed to the kiosk.
2026-07-13 10:11:58.307 +03:00 [INF] HTTP GET /api/slots responded 200 in 4.0143 ms
2026-07-13 10:12:04.713 +03:00 [INF] Expired 1 stale QR token(s); a replacement was pushed to the kiosk.
2026-07-13 10:12:24.706 +03:00 [INF] Expired 1 stale QR token(s); a replacement was pushed to the kiosk.
2026-07-13 10:12:30.304 +03:00 [ERR] HTTP PUT /api/slots/14 responded 500 in 206.0625 ms
FluentValidation.ValidationException: Validation failed: 
 -- StartTime: The slot window overlaps an existing active slot. Severity: Error
   at Attendance.Application.Services.SlotConfigService.ValidateAsync(String slotName, TimeOnly startTime, TimeOnly endTime, Nullable`1 excludeSlotId) in c:\PROJECTS\employer\src\Attendance.Application\Services\SlotConfigService.cs:line 117
   at Attendance.Application.Services.SlotConfigService.UpdateSlotAsync(Int32 slotId, UpdateSlotRequest request) in c:\PROJECTS\employer\src\Attendance.Application\Services\SlotConfigService.cs:line 41
   at Attendance.Api.Controllers.SlotConfigController.Update(Int32 id, UpdateSlotRequest request) in C:\PROJECTS\employer\src\Attendance.Api\Controllers\SlotConfigController.cs:line 44
   at Microsoft.AspNetCore.Mvc.Infrastructure.ActionMethodExecutor.TaskOfIActionResultExecutor.Execute(ActionContext actionContext, IActionResultTypeMapper mapper, ObjectMethodExecutor executor, Object controller, Object[] arguments)
   at Microsoft.AspNetCore.Mvc.Infrastructure.ControllerActionInvoker.<InvokeActionMethodAsync>g__Awaited|12_0(ControllerActionInvoker invoker, ValueTask`1 actionResultValueTask)
   at Microsoft.AspNetCore.Mvc.Infrastructure.ControllerActionInvoker.<InvokeNextActionFilterAsync>g__Awaited|10_0(ControllerActionInvoker invoker, Task lastTask, State next, Scope scope, Object state, Boolean isCompleted)
   at Microsoft.AspNetCore.Mvc.Infrastructure.ControllerActionInvoker.Rethrow(ActionExecutedContextSealed context)
   at Microsoft.AspNetCore.Mvc.Infrastructure.ControllerActionInvoker.Next(State& next, Scope& scope, Object& state, Boolean& isCompleted)
   at Microsoft.AspNetCore.Mvc.Infrastructure.ControllerActionInvoker.<InvokeInnerFilterAsync>g__Awaited|13_0(ControllerActionInvoker invoker, Task lastTask, State next, Scope scope, Object state, Boolean isCompleted)
   at Microsoft.AspNetCore.Mvc.Infrastructure.ResourceInvoker.<InvokeFilterPipelineAsync>g__Awaited|20_0(ResourceInvoker invoker, Task lastTask, State next, Scope scope, Object state, Boolean isCompleted)
   at Microsoft.AspNetCore.Mvc.Infrastructure.ResourceInvoker.<InvokeAsync>g__Awaited|17_0(ResourceInvoker invoker, Task task, IDisposable scope)
   at Microsoft.AspNetCore.Mvc.Infrastructure.ResourceInvoker.<InvokeAsync>g__Awaited|17_0(ResourceInvoker invoker, Task task, IDisposable scope)
   at Microsoft.AspNetCore.Authorization.AuthorizationMiddleware.Invoke(HttpContext context)
   at Microsoft.AspNetCore.Authentication.AuthenticationMiddleware.Invoke(HttpContext context)
   at Swashbuckle.AspNetCore.SwaggerUI.SwaggerUIMiddleware.Invoke(HttpContext httpContext)
   at Swashbuckle.AspNetCore.Swagger.SwaggerMiddleware.Invoke(HttpContext httpContext, ISwaggerProvider swaggerProvider)
   at Serilog.AspNetCore.RequestLoggingMiddleware.Invoke(HttpContext httpContext)
2026-07-13 10:12:30.377 +03:00 [WRN] Request fault 400 on PUT /api/slots/14: Validation failed: 
 -- StartTime: The slot window overlaps an existing active slot. Severity: Error
2026-07-13 10:12:44.704 +03:00 [INF] Expired 1 stale QR token(s); a replacement was pushed to the kiosk.
2026-07-13 10:13:04.707 +03:00 [INF] Expired 1 stale QR token(s); a replacement was pushed to the kiosk.
2026-07-13 10:13:24.699 +03:00 [INF] Expired 1 stale QR token(s); a replacement was pushed to the kiosk.
2026-07-13 10:13:39.706 +03:00 [INF] Expired 1 stale QR token(s); a replacement was pushed to the kiosk.
2026-07-13 10:13:54.763 +03:00 [INF] Expired 1 stale QR token(s); a replacement was pushed to the kiosk.
2026-07-13 10:14:14.696 +03:00 [INF] Expired 1 stale QR token(s); a replacement was pushed to the kiosk.
2026-07-13 10:14:29.708 +03:00 [INF] Expired 1 stale QR token(s); a replacement was pushed to the kiosk.
2026-07-13 10:14:49.702 +03:00 [INF] Expired 1 stale QR token(s); a replacement was pushed to the kiosk.
2026-07-13 10:15:04.710 +03:00 [INF] Expired 1 stale QR token(s); a replacement was pushed to the kiosk.
2026-07-13 10:15:24.699 +03:00 [INF] Expired 1 stale QR token(s); a replacement was pushed to the kiosk.
2026-07-13 10:15:44.703 +03:00 [INF] Expired 1 stale QR token(s); a replacement was pushed to the kiosk.
2026-07-13 10:16:04.696 +03:00 [INF] Expired 1 stale QR token(s); a replacement was pushed to the kiosk.
2026-07-13 10:16:24.705 +03:00 [INF] Expired 1 stale QR token(s); a replacement was pushed to the kiosk.
2026-07-13 10:16:44.704 +03:00 [INF] Expired 1 stale QR token(s); a replacement was pushed to the kiosk.
2026-07-13 10:17:04.712 +03:00 [INF] Expired 1 stale QR token(s); a replacement was pushed to the kiosk.
2026-07-13 10:17:24.697 +03:00 [INF] Expired 1 stale QR token(s); a replacement was pushed to the kiosk.
2026-07-13 10:17:39.710 +03:00 [INF] Expired 1 stale QR token(s); a replacement was pushed to the kiosk.
2026-07-13 10:17:59.697 +03:00 [INF] Expired 1 stale QR token(s); a replacement was pushed to the kiosk.
2026-07-13 10:18:19.708 +03:00 [INF] Expired 1 stale QR token(s); a replacement was pushed to the kiosk.
2026-07-13 10:18:39.699 +03:00 [INF] Expired 1 stale QR token(s); a replacement was pushed to the kiosk.
2026-07-13 10:18:59.699 +03:00 [INF] Expired 1 stale QR token(s); a replacement was pushed to the kiosk.
2026-07-13 10:19:14.709 +03:00 [INF] Expired 1 stale QR token(s); a replacement was pushed to the kiosk.
2026-07-13 10:19:34.703 +03:00 [INF] Expired 1 stale QR token(s); a replacement was pushed to the kiosk.
2026-07-13 10:19:54.707 +03:00 [INF] Expired 1 stale QR token(s); a replacement was pushed to the kiosk.
2026-07-13 10:20:14.700 +03:00 [INF] Expired 1 stale QR token(s); a replacement was pushed to the kiosk.
2026-07-13 10:20:34.712 +03:00 [INF] Expired 1 stale QR token(s); a replacement was pushed to the kiosk.
2026-07-13 10:20:54.704 +03:00 [INF] Expired 1 stale QR token(s); a replacement was pushed to the kiosk.
2026-07-13 10:21:09.710 +03:00 [INF] Expired 1 stale QR token(s); a replacement was pushed to the kiosk.
2026-07-13 10:21:29.699 +03:00 [INF] Expired 1 stale QR token(s); a replacement was pushed to the kiosk.
2026-07-13 10:21:44.705 +03:00 [INF] Expired 1 stale QR token(s); a replacement was pushed to the kiosk.
2026-07-13 10:22:04.699 +03:00 [INF] Expired 1 stale QR token(s); a replacement was pushed to the kiosk.
2026-07-13 10:22:19.709 +03:00 [INF] Expired 1 stale QR token(s); a replacement was pushed to the kiosk.
2026-07-13 10:22:39.711 +03:00 [INF] Expired 1 stale QR token(s); a replacement was pushed to the kiosk.
2026-07-13 10:22:59.709 +03:00 [INF] Expired 1 stale QR token(s); a replacement was pushed to the kiosk.
2026-07-13 10:23:19.701 +03:00 [INF] Expired 1 stale QR token(s); a replacement was pushed to the kiosk.
2026-07-13 10:23:34.706 +03:00 [INF] Expired 1 stale QR token(s); a replacement was pushed to the kiosk.
2026-07-13 10:23:54.700 +03:00 [INF] Expired 1 stale QR token(s); a replacement was pushed to the kiosk.
2026-07-13 10:24:14.700 +03:00 [INF] Expired 1 stale QR token(s); a replacement was pushed to the kiosk.
2026-07-13 10:24:29.707 +03:00 [INF] Expired 1 stale QR token(s); a replacement was pushed to the kiosk.
2026-07-13 10:24:49.704 +03:00 [INF] Expired 1 stale QR token(s); a replacement was pushed to the kiosk.
2026-07-13 10:25:04.708 +03:00 [INF] Expired 1 stale QR token(s); a replacement was pushed to the kiosk.
2026-07-13 10:25:24.702 +03:00 [INF] Expired 1 stale QR token(s); a replacement was pushed to the kiosk.
2026-07-13 10:25:39.707 +03:00 [INF] Expired 1 stale QR token(s); a replacement was pushed to the kiosk.
2026-07-13 10:25:59.697 +03:00 [INF] Expired 1 stale QR token(s); a replacement was pushed to the kiosk.
2026-07-13 10:26:14.702 +03:00 [INF] Expired 1 stale QR token(s); a replacement was pushed to the kiosk.
2026-07-13 10:26:34.711 +03:00 [INF] Expired 1 stale QR token(s); a replacement was pushed to the kiosk.
2026-07-13 10:26:36.295 +03:00 [INF] HTTP GET /api/reports/daily responded 401 in 8.0076 ms
2026-07-13 10:26:54.706 +03:00 [INF] Expired 1 stale QR token(s); a replacement was pushed to the kiosk.
2026-07-13 10:26:56.607 +03:00 [INF] HTTP POST /api/auth/login responded 200 in 138.7725 ms
2026-07-13 10:26:57.279 +03:00 [INF] HTTP GET /api/staff responded 200 in 5.6399 ms
2026-07-13 10:26:59.350 +03:00 [INF] HTTP GET /api/slots responded 200 in 4.5493 ms
2026-07-13 10:27:14.696 +03:00 [INF] Expired 1 stale QR token(s); a replacement was pushed to the kiosk.
2026-07-13 10:27:16.885 +03:00 [ERR] HTTP PUT /api/slots/12 responded 500 in 2.9294 ms
FluentValidation.ValidationException: Validation failed: 
 -- StartTime: The slot window overlaps an existing active slot. Severity: Error
   at Attendance.Application.Services.SlotConfigService.ValidateAsync(String slotName, TimeOnly startTime, TimeOnly endTime, Nullable`1 excludeSlotId) in c:\PROJECTS\employer\src\Attendance.Application\Services\SlotConfigService.cs:line 117
   at Attendance.Application.Services.SlotConfigService.UpdateSlotAsync(Int32 slotId, UpdateSlotRequest request) in c:\PROJECTS\employer\src\Attendance.Application\Services\SlotConfigService.cs:line 41
   at Attendance.Api.Controllers.SlotConfigController.Update(Int32 id, UpdateSlotRequest request) in C:\PROJECTS\employer\src\Attendance.Api\Controllers\SlotConfigController.cs:line 44
   at Microsoft.AspNetCore.Mvc.Infrastructure.ActionMethodExecutor.TaskOfIActionResultExecutor.Execute(ActionContext actionContext, IActionResultTypeMapper mapper, ObjectMethodExecutor executor, Object controller, Object[] arguments)
   at Microsoft.AspNetCore.Mvc.Infrastructure.ControllerActionInvoker.<InvokeActionMethodAsync>g__Awaited|12_0(ControllerActionInvoker invoker, ValueTask`1 actionResultValueTask)
   at Microsoft.AspNetCore.Mvc.Infrastructure.ControllerActionInvoker.<InvokeNextActionFilterAsync>g__Awaited|10_0(ControllerActionInvoker invoker, Task lastTask, State next, Scope scope, Object state, Boolean isCompleted)
   at Microsoft.AspNetCore.Mvc.Infrastructure.ControllerActionInvoker.Rethrow(ActionExecutedContextSealed context)
   at Microsoft.AspNetCore.Mvc.Infrastructure.ControllerActionInvoker.Next(State& next, Scope& scope, Object& state, Boolean& isCompleted)
   at Microsoft.AspNetCore.Mvc.Infrastructure.ControllerActionInvoker.<InvokeInnerFilterAsync>g__Awaited|13_0(ControllerActionInvoker invoker, Task lastTask, State next, Scope scope, Object state, Boolean isCompleted)
   at Microsoft.AspNetCore.Mvc.Infrastructure.ResourceInvoker.<InvokeFilterPipelineAsync>g__Awaited|20_0(ResourceInvoker invoker, Task lastTask, State next, Scope scope, Object state, Boolean isCompleted)
   at Microsoft.AspNetCore.Mvc.Infrastructure.ResourceInvoker.<InvokeAsync>g__Awaited|17_0(ResourceInvoker invoker, Task task, IDisposable scope)
   at Microsoft.AspNetCore.Mvc.Infrastructure.ResourceInvoker.<InvokeAsync>g__Awaited|17_0(ResourceInvoker invoker, Task task, IDisposable scope)
   at Microsoft.AspNetCore.Authorization.AuthorizationMiddleware.Invoke(HttpContext context)
   at Microsoft.AspNetCore.Authentication.AuthenticationMiddleware.Invoke(HttpContext context)
   at Swashbuckle.AspNetCore.SwaggerUI.SwaggerUIMiddleware.Invoke(HttpContext httpContext)
   at Swashbuckle.AspNetCore.Swagger.SwaggerMiddleware.Invoke(HttpContext httpContext, ISwaggerProvider swaggerProvider)
   at Serilog.AspNetCore.RequestLoggingMiddleware.Invoke(HttpContext httpContext)
2026-07-13 10:27:16.916 +03:00 [WRN] Request fault 400 on PUT /api/slots/12: Validation failed: 
 -- StartTime: The slot window overlaps an existing active slot. Severity: Error
2026-07-13 10:27:29.707 +03:00 [INF] Expired 1 stale QR token(s); a replacement was pushed to the kiosk.
2026-07-13 10:27:49.706 +03:00 [INF] Expired 1 stale QR token(s); a replacement was pushed to the kiosk.
2026-07-13 10:28:04.712 +03:00 [INF] Expired 1 stale QR token(s); a replacement was pushed to the kiosk.
2026-07-13 10:28:24.700 +03:00 [INF] Expired 1 stale QR token(s); a replacement was pushed to the kiosk.
2026-07-13 10:28:39.712 +03:00 [INF] Expired 1 stale QR token(s); a replacement was pushed to the kiosk.
2026-07-13 10:28:59.708 +03:00 [INF] Expired 1 stale QR token(s); a replacement was pushed to the kiosk.
2026-07-13 10:29:19.699 +03:00 [INF] Expired 1 stale QR token(s); a replacement was pushed to the kiosk.
2026-07-13 10:29:34.705 +03:00 [INF] Expired 1 stale QR token(s); a replacement was pushed to the kiosk.
2026-07-13 10:29:49.712 +03:00 [INF] Expired 1 stale QR token(s); a replacement was pushed to the kiosk.
2026-07-13 10:30:09.703 +03:00 [INF] Expired 1 stale QR token(s); a replacement was pushed to the kiosk.
2026-07-13 10:30:29.701 +03:00 [INF] Expired 1 stale QR token(s); a replacement was pushed to the kiosk.
2026-07-13 10:30:38.105 +03:00 [ERR] HTTP PUT /api/slots/12 responded 500 in 4.6258 ms
FluentValidation.ValidationException: Validation failed: 
 -- StartTime: The slot window overlaps an existing active slot. Severity: Error
   at Attendance.Application.Services.SlotConfigService.ValidateAsync(String slotName, TimeOnly startTime, TimeOnly endTime, Nullable`1 excludeSlotId) in c:\PROJECTS\employer\src\Attendance.Application\Services\SlotConfigService.cs:line 117
   at Attendance.Application.Services.SlotConfigService.UpdateSlotAsync(Int32 slotId, UpdateSlotRequest request) in c:\PROJECTS\employer\src\Attendance.Application\Services\SlotConfigService.cs:line 41
   at Attendance.Api.Controllers.SlotConfigController.Update(Int32 id, UpdateSlotRequest request) in C:\PROJECTS\employer\src\Attendance.Api\Controllers\SlotConfigController.cs:line 44
   at Microsoft.AspNetCore.Mvc.Infrastructure.ActionMethodExecutor.TaskOfIActionResultExecutor.Execute(ActionContext actionContext, IActionResultTypeMapper mapper, ObjectMethodExecutor executor, Object controller, Object[] arguments)
   at Microsoft.AspNetCore.Mvc.Infrastructure.ControllerActionInvoker.<InvokeActionMethodAsync>g__Awaited|12_0(ControllerActionInvoker invoker, ValueTask`1 actionResultValueTask)
   at Microsoft.AspNetCore.Mvc.Infrastructure.ControllerActionInvoker.<InvokeNextActionFilterAsync>g__Awaited|10_0(ControllerActionInvoker invoker, Task lastTask, State next, Scope scope, Object state, Boolean isCompleted)
   at Microsoft.AspNetCore.Mvc.Infrastructure.ControllerActionInvoker.Rethrow(ActionExecutedContextSealed context)
   at Microsoft.AspNetCore.Mvc.Infrastructure.ControllerActionInvoker.Next(State& next, Scope& scope, Object& state, Boolean& isCompleted)
   at Microsoft.AspNetCore.Mvc.Infrastructure.ControllerActionInvoker.<InvokeInnerFilterAsync>g__Awaited|13_0(ControllerActionInvoker invoker, Task lastTask, State next, Scope scope, Object state, Boolean isCompleted)
   at Microsoft.AspNetCore.Mvc.Infrastructure.ResourceInvoker.<InvokeFilterPipelineAsync>g__Awaited|20_0(ResourceInvoker invoker, Task lastTask, State next, Scope scope, Object state, Boolean isCompleted)
   at Microsoft.AspNetCore.Mvc.Infrastructure.ResourceInvoker.<InvokeAsync>g__Awaited|17_0(ResourceInvoker invoker, Task task, IDisposable scope)
   at Microsoft.AspNetCore.Mvc.Infrastructure.ResourceInvoker.<InvokeAsync>g__Awaited|17_0(ResourceInvoker invoker, Task task, IDisposable scope)
   at Microsoft.AspNetCore.Authorization.AuthorizationMiddleware.Invoke(HttpContext context)
   at Microsoft.AspNetCore.Authentication.AuthenticationMiddleware.Invoke(HttpContext context)
   at Swashbuckle.AspNetCore.SwaggerUI.SwaggerUIMiddleware.Invoke(HttpContext httpContext)
   at Swashbuckle.AspNetCore.Swagger.SwaggerMiddleware.Invoke(HttpContext httpContext, ISwaggerProvider swaggerProvider)
   at Serilog.AspNetCore.RequestLoggingMiddleware.Invoke(HttpContext httpContext)
2026-07-13 10:30:38.141 +03:00 [WRN] Request fault 400 on PUT /api/slots/12: Validation failed: 
 -- StartTime: The slot window overlaps an existing active slot. Severity: Error
2026-07-13 10:30:44.713 +03:00 [INF] Expired 1 stale QR token(s); a replacement was pushed to the kiosk.
2026-07-13 10:31:04.702 +03:00 [INF] Expired 1 stale QR token(s); a replacement was pushed to the kiosk.
2026-07-13 10:31:24.705 +03:00 [INF] Expired 1 stale QR token(s); a replacement was pushed to the kiosk.
2026-07-13 10:31:44.705 +03:00 [INF] Expired 1 stale QR token(s); a replacement was pushed to the kiosk.
2026-07-13 10:31:49.152 +03:00 [ERR] HTTP PUT /api/slots/12 responded 500 in 5.7998 ms
FluentValidation.ValidationException: Validation failed: 
 -- StartTime: The slot window overlaps an existing active slot. Severity: Error
   at Attendance.Application.Services.SlotConfigService.ValidateAsync(String slotName, TimeOnly startTime, TimeOnly endTime, Nullable`1 excludeSlotId) in c:\PROJECTS\employer\src\Attendance.Application\Services\SlotConfigService.cs:line 117
   at Attendance.Application.Services.SlotConfigService.UpdateSlotAsync(Int32 slotId, UpdateSlotRequest request) in c:\PROJECTS\employer\src\Attendance.Application\Services\SlotConfigService.cs:line 41
   at Attendance.Api.Controllers.SlotConfigController.Update(Int32 id, UpdateSlotRequest request) in C:\PROJECTS\employer\src\Attendance.Api\Controllers\SlotConfigController.cs:line 44
   at Microsoft.AspNetCore.Mvc.Infrastructure.ActionMethodExecutor.TaskOfIActionResultExecutor.Execute(ActionContext actionContext, IActionResultTypeMapper mapper, ObjectMethodExecutor executor, Object controller, Object[] arguments)
   at Microsoft.AspNetCore.Mvc.Infrastructure.ControllerActionInvoker.<InvokeActionMethodAsync>g__Awaited|12_0(ControllerActionInvoker invoker, ValueTask`1 actionResultValueTask)
   at Microsoft.AspNetCore.Mvc.Infrastructure.ControllerActionInvoker.<InvokeNextActionFilterAsync>g__Awaited|10_0(ControllerActionInvoker invoker, Task lastTask, State next, Scope scope, Object state, Boolean isCompleted)
   at Microsoft.AspNetCore.Mvc.Infrastructure.ControllerActionInvoker.Rethrow(ActionExecutedContextSealed context)
   at Microsoft.AspNetCore.Mvc.Infrastructure.ControllerActionInvoker.Next(State& next, Scope& scope, Object& state, Boolean& isCompleted)
   at Microsoft.AspNetCore.Mvc.Infrastructure.ControllerActionInvoker.<InvokeInnerFilterAsync>g__Awaited|13_0(ControllerActionInvoker invoker, Task lastTask, State next, Scope scope, Object state, Boolean isCompleted)
   at Microsoft.AspNetCore.Mvc.Infrastructure.ResourceInvoker.<InvokeFilterPipelineAsync>g__Awaited|20_0(ResourceInvoker invoker, Task lastTask, State next, Scope scope, Object state, Boolean isCompleted)
   at Microsoft.AspNetCore.Mvc.Infrastructure.ResourceInvoker.<InvokeAsync>g__Awaited|17_0(ResourceInvoker invoker, Task task, IDisposable scope)
   at Microsoft.AspNetCore.Mvc.Infrastructure.ResourceInvoker.<InvokeAsync>g__Awaited|17_0(ResourceInvoker invoker, Task task, IDisposable scope)
   at Microsoft.AspNetCore.Authorization.AuthorizationMiddleware.Invoke(HttpContext context)
   at Microsoft.AspNetCore.Authentication.AuthenticationMiddleware.Invoke(HttpContext context)
   at Swashbuckle.AspNetCore.SwaggerUI.SwaggerUIMiddleware.Invoke(HttpContext httpContext)
   at Swashbuckle.AspNetCore.Swagger.SwaggerMiddleware.Invoke(HttpContext httpContext, ISwaggerProvider swaggerProvider)
   at Serilog.AspNetCore.RequestLoggingMiddleware.Invoke(HttpContext httpContext)
2026-07-13 10:31:49.206 +03:00 [WRN] Request fault 400 on PUT /api/slots/12: Validation failed: 
 -- StartTime: The slot window overlaps an existing active slot. Severity: Error
2026-07-13 10:32:04.709 +03:00 [INF] Expired 1 stale QR token(s); a replacement was pushed to the kiosk.
2026-07-13 10:32:24.705 +03:00 [INF] Expired 1 stale QR token(s); a replacement was pushed to the kiosk.
2026-07-13 10:32:44.701 +03:00 [INF] Expired 1 stale QR token(s); a replacement was pushed to the kiosk.
2026-07-13 10:32:59.708 +03:00 [INF] Expired 1 stale QR token(s); a replacement was pushed to the kiosk.
2026-07-13 10:33:10.466 +03:00 [INF] HTTP GET /api/staff responded 200 in 14.8151 ms
2026-07-13 10:33:19.701 +03:00 [INF] Expired 1 stale QR token(s); a replacement was pushed to the kiosk.
2026-07-13 10:33:20.463 +03:00 [INF] HTTP GET /api/staff/16 responded 200 in 35.0109 ms
2026-07-13 10:33:21.150 +03:00 [INF] HTTP GET /staff-photos/EMP-0016/EMP-0016.png responded 200 in 33.8898 ms
2026-07-13 10:33:23.094 +03:00 [INF] HTTP GET /api/staff responded 200 in 4.2681 ms
2026-07-13 10:33:25.622 +03:00 [INF] HTTP GET /api/staff/17 responded 200 in 3.0257 ms
2026-07-13 10:33:25.909 +03:00 [INF] HTTP GET /staff-photos/EMP-0017/EMP-0017.png responded 200 in 22.1585 ms
2026-07-13 10:33:27.829 +03:00 [INF] HTTP GET /api/staff responded 200 in 15.6764 ms
2026-07-13 10:33:29.176 +03:00 [INF] HTTP GET /api/staff/18 responded 200 in 8.8628 ms
2026-07-13 10:33:29.831 +03:00 [INF] HTTP GET /staff-photos/EMP-0018/EMP-0018.png responded 200 in 17.2004 ms
2026-07-13 10:33:31.268 +03:00 [INF] HTTP GET /api/staff responded 200 in 20.6795 ms
2026-07-13 10:33:39.705 +03:00 [INF] Expired 1 stale QR token(s); a replacement was pushed to the kiosk.
2026-07-13 10:33:59.716 +03:00 [INF] Expired 1 stale QR token(s); a replacement was pushed to the kiosk.
2026-07-13 10:34:19.700 +03:00 [INF] Expired 1 stale QR token(s); a replacement was pushed to the kiosk.
2026-07-13 10:34:34.718 +03:00 [INF] Expired 1 stale QR token(s); a replacement was pushed to the kiosk.
2026-07-13 10:34:54.708 +03:00 [INF] Expired 1 stale QR token(s); a replacement was pushed to the kiosk.
2026-07-13 10:35:06.734 +03:00 [INF] HTTP GET /api/slots responded 200 in 7.3843 ms
2026-07-13 10:35:14.701 +03:00 [INF] Expired 1 stale QR token(s); a replacement was pushed to the kiosk.
2026-07-13 10:35:34.701 +03:00 [INF] Expired 1 stale QR token(s); a replacement was pushed to the kiosk.
2026-07-13 10:35:51.688 +03:00 [ERR] HTTP POST /api/slots responded 500 in 22.0910 ms
FluentValidation.ValidationException: Validation failed: 
 -- StartTime: The slot window overlaps an existing active slot. Severity: Error
   at Attendance.Application.Services.SlotConfigService.ValidateAsync(String slotName, TimeOnly startTime, TimeOnly endTime, Nullable`1 excludeSlotId) in c:\PROJECTS\employer\src\Attendance.Application\Services\SlotConfigService.cs:line 117
   at Attendance.Application.Services.SlotConfigService.CreateSlotAsync(CreateSlotRequest request) in c:\PROJECTS\employer\src\Attendance.Application\Services\SlotConfigService.cs:line 34
   at Attendance.Api.Controllers.SlotConfigController.Create(CreateSlotRequest request) in C:\PROJECTS\employer\src\Attendance.Api\Controllers\SlotConfigController.cs:line 36
   at Microsoft.AspNetCore.Mvc.Infrastructure.ActionMethodExecutor.TaskOfIActionResultExecutor.Execute(ActionContext actionContext, IActionResultTypeMapper mapper, ObjectMethodExecutor executor, Object controller, Object[] arguments)
   at Microsoft.AspNetCore.Mvc.Infrastructure.ControllerActionInvoker.<InvokeActionMethodAsync>g__Awaited|12_0(ControllerActionInvoker invoker, ValueTask`1 actionResultValueTask)
   at Microsoft.AspNetCore.Mvc.Infrastructure.ControllerActionInvoker.<InvokeNextActionFilterAsync>g__Awaited|10_0(ControllerActionInvoker invoker, Task lastTask, State next, Scope scope, Object state, Boolean isCompleted)
   at Microsoft.AspNetCore.Mvc.Infrastructure.ControllerActionInvoker.Rethrow(ActionExecutedContextSealed context)
   at Microsoft.AspNetCore.Mvc.Infrastructure.ControllerActionInvoker.Next(State& next, Scope& scope, Object& state, Boolean& isCompleted)
   at Microsoft.AspNetCore.Mvc.Infrastructure.ControllerActionInvoker.<InvokeInnerFilterAsync>g__Awaited|13_0(ControllerActionInvoker invoker, Task lastTask, State next, Scope scope, Object state, Boolean isCompleted)
   at Microsoft.AspNetCore.Mvc.Infrastructure.ResourceInvoker.<InvokeFilterPipelineAsync>g__Awaited|20_0(ResourceInvoker invoker, Task lastTask, State next, Scope scope, Object state, Boolean isCompleted)
   at Microsoft.AspNetCore.Mvc.Infrastructure.ResourceInvoker.<InvokeAsync>g__Awaited|17_0(ResourceInvoker invoker, Task task, IDisposable scope)
   at Microsoft.AspNetCore.Mvc.Infrastructure.ResourceInvoker.<InvokeAsync>g__Awaited|17_0(ResourceInvoker invoker, Task task, IDisposable scope)
   at Microsoft.AspNetCore.Authorization.AuthorizationMiddleware.Invoke(HttpContext context)
   at Microsoft.AspNetCore.Authentication.AuthenticationMiddleware.Invoke(HttpContext context)
   at Swashbuckle.AspNetCore.SwaggerUI.SwaggerUIMiddleware.Invoke(HttpContext httpContext)
   at Swashbuckle.AspNetCore.Swagger.SwaggerMiddleware.Invoke(HttpContext httpContext, ISwaggerProvider swaggerProvider)
   at Serilog.AspNetCore.RequestLoggingMiddleware.Invoke(HttpContext httpContext)
2026-07-13 10:35:51.715 +03:00 [WRN] Request fault 400 on POST /api/slots: Validation failed: 
 -- StartTime: The slot window overlaps an existing active slot. Severity: Error
2026-07-13 10:35:54.699 +03:00 [INF] Expired 1 stale QR token(s); a replacement was pushed to the kiosk.
2026-07-13 10:36:09.716 +03:00 [INF] Expired 1 stale QR token(s); a replacement was pushed to the kiosk.
2026-07-13 10:36:29.704 +03:00 [INF] Expired 1 stale QR token(s); a replacement was pushed to the kiosk.
2026-07-13 10:36:49.707 +03:00 [INF] Expired 1 stale QR token(s); a replacement was pushed to the kiosk.
2026-07-13 10:37:04.711 +03:00 [INF] Expired 1 stale QR token(s); a replacement was pushed to the kiosk.
2026-07-13 10:37:19.722 +03:00 [INF] Expired 1 stale QR token(s); a replacement was pushed to the kiosk.
2026-07-13 10:37:39.711 +03:00 [INF] Expired 1 stale QR token(s); a replacement was pushed to the kiosk.
2026-07-13 10:37:59.709 +03:00 [INF] Expired 1 stale QR token(s); a replacement was pushed to the kiosk.
2026-07-13 10:38:19.708 +03:00 [INF] Expired 1 stale QR token(s); a replacement was pushed to the kiosk.
2026-07-13 10:38:39.708 +03:00 [INF] Expired 1 stale QR token(s); a replacement was pushed to the kiosk.
2026-07-13 10:38:59.701 +03:00 [INF] Expired 1 stale QR token(s); a replacement was pushed to the kiosk.
2026-07-13 10:39:19.711 +03:00 [INF] Expired 1 stale QR token(s); a replacement was pushed to the kiosk.
2026-07-13 10:39:39.698 +03:00 [INF] Expired 1 stale QR token(s); a replacement was pushed to the kiosk.
2026-07-13 10:39:54.702 +03:00 [INF] Expired 1 stale QR token(s); a replacement was pushed to the kiosk.
2026-07-13 10:40:14.703 +03:00 [INF] Expired 1 stale QR token(s); a replacement was pushed to the kiosk.
2026-07-13 10:40:34.712 +03:00 [INF] Expired 1 stale QR token(s); a replacement was pushed to the kiosk.
2026-07-13 10:40:54.698 +03:00 [INF] Expired 1 stale QR token(s); a replacement was pushed to the kiosk.
2026-07-13 10:41:09.720 +03:00 [INF] Expired 1 stale QR token(s); a replacement was pushed to the kiosk.
2026-07-13 10:41:29.705 +03:00 [INF] Expired 1 stale QR token(s); a replacement was pushed to the kiosk.
2026-07-13 10:41:44.711 +03:00 [INF] Expired 1 stale QR token(s); a replacement was pushed to the kiosk.
2026-07-13 10:42:04.701 +03:00 [INF] Expired 1 stale QR token(s); a replacement was pushed to the kiosk.
2026-07-13 10:42:19.718 +03:00 [INF] Expired 1 stale QR token(s); a replacement was pushed to the kiosk.
2026-07-13 10:42:39.696 +03:00 [INF] Expired 1 stale QR token(s); a replacement was pushed to the kiosk.
2026-07-13 10:42:54.710 +03:00 [INF] Expired 1 stale QR token(s); a replacement was pushed to the kiosk.
2026-07-13 10:43:14.709 +03:00 [INF] Expired 1 stale QR token(s); a replacement was pushed to the kiosk.
2026-07-13 10:43:34.702 +03:00 [INF] Expired 1 stale QR token(s); a replacement was pushed to the kiosk.
2026-07-13 10:43:54.709 +03:00 [INF] Expired 1 stale QR token(s); a replacement was pushed to the kiosk.
2026-07-13 10:44:14.699 +03:00 [INF] Expired 1 stale QR token(s); a replacement was pushed to the kiosk.
2026-07-13 10:44:29.721 +03:00 [INF] Expired 1 stale QR token(s); a replacement was pushed to the kiosk.
2026-07-13 10:44:49.709 +03:00 [INF] Expired 1 stale QR token(s); a replacement was pushed to the kiosk.
2026-07-13 10:45:09.713 +03:00 [INF] Expired 1 stale QR token(s); a replacement was pushed to the kiosk.
2026-07-13 10:45:29.706 +03:00 [INF] Expired 1 stale QR token(s); a replacement was pushed to the kiosk.
2026-07-13 10:45:44.735 +03:00 [INF] Expired 1 stale QR token(s); a replacement was pushed to the kiosk.
2026-07-13 10:46:04.709 +03:00 [INF] Expired 1 stale QR token(s); a replacement was pushed to the kiosk.
2026-07-13 10:46:24.712 +03:00 [INF] Expired 1 stale QR token(s); a replacement was pushed to the kiosk.
2026-07-13 10:46:39.710 +03:00 [INF] Expired 1 stale QR token(s); a replacement was pushed to the kiosk.
2026-07-13 10:46:59.710 +03:00 [INF] Expired 1 stale QR token(s); a replacement was pushed to the kiosk.
2026-07-13 10:47:19.698 +03:00 [INF] Expired 1 stale QR token(s); a replacement was pushed to the kiosk.
2026-07-13 10:47:39.721 +03:00 [INF] Expired 1 stale QR token(s); a replacement was pushed to the kiosk.
2026-07-13 10:47:59.702 +03:00 [INF] Expired 1 stale QR token(s); a replacement was pushed to the kiosk.
2026-07-13 10:48:14.739 +03:00 [INF] Expired 1 stale QR token(s); a replacement was pushed to the kiosk.
2026-07-13 10:48:34.715 +03:00 [INF] Expired 1 stale QR token(s); a replacement was pushed to the kiosk.
2026-07-13 10:48:49.724 +03:00 [INF] Expired 1 stale QR token(s); a replacement was pushed to the kiosk.
2026-07-13 10:49:09.714 +03:00 [INF] Expired 1 stale QR token(s); a replacement was pushed to the kiosk.
2026-07-13 10:49:29.702 +03:00 [INF] Expired 1 stale QR token(s); a replacement was pushed to the kiosk.
2026-07-13 10:49:44.702 +03:00 [INF] Expired 1 stale QR token(s); a replacement was pushed to the kiosk.
2026-07-13 10:50:04.723 +03:00 [INF] Expired 1 stale QR token(s); a replacement was pushed to the kiosk.
2026-07-13 10:50:24.696 +03:00 [INF] Expired 1 stale QR token(s); a replacement was pushed to the kiosk.
2026-07-13 10:50:44.713 +03:00 [INF] Expired 1 stale QR token(s); a replacement was pushed to the kiosk.
2026-07-13 10:51:04.719 +03:00 [INF] Expired 1 stale QR token(s); a replacement was pushed to the kiosk.
2026-07-13 10:51:24.701 +03:00 [INF] Expired 1 stale QR token(s); a replacement was pushed to the kiosk.
2026-07-13 10:51:39.725 +03:00 [INF] Expired 1 stale QR token(s); a replacement was pushed to the kiosk.
2026-07-13 10:51:59.705 +03:00 [INF] Expired 1 stale QR token(s); a replacement was pushed to the kiosk.
2026-07-13 10:52:14.718 +03:00 [INF] Expired 1 stale QR token(s); a replacement was pushed to the kiosk.
2026-07-13 10:52:20.556 +03:00 [INF] HTTP PUT /api/slots/12 responded 401 in 1.0258 ms
2026-07-13 10:52:31.725 +03:00 [INF] HTTP POST /api/auth/login responded 200 in 116.7868 ms
2026-07-13 10:52:32.417 +03:00 [INF] HTTP GET /api/staff responded 200 in 14.9103 ms
2026-07-13 10:52:34.701 +03:00 [INF] Expired 1 stale QR token(s); a replacement was pushed to the kiosk.
2026-07-13 10:52:35.180 +03:00 [INF] HTTP GET /api/slots responded 200 in 9.0713 ms
2026-07-13 10:52:54.708 +03:00 [INF] Expired 1 stale QR token(s); a replacement was pushed to the kiosk.
2026-07-13 10:53:14.704 +03:00 [INF] Expired 1 stale QR token(s); a replacement was pushed to the kiosk.
2026-07-13 10:53:20.633 +03:00 [ERR] HTTP PUT /api/slots/12 responded 500 in 4.2238 ms
FluentValidation.ValidationException: Validation failed: 
 -- StartTime: The slot window overlaps an existing active slot. Severity: Error
   at Attendance.Application.Services.SlotConfigService.ValidateAsync(String slotName, TimeOnly startTime, TimeOnly endTime, Nullable`1 excludeSlotId) in c:\PROJECTS\employer\src\Attendance.Application\Services\SlotConfigService.cs:line 117
   at Attendance.Application.Services.SlotConfigService.UpdateSlotAsync(Int32 slotId, UpdateSlotRequest request) in c:\PROJECTS\employer\src\Attendance.Application\Services\SlotConfigService.cs:line 41
   at Attendance.Api.Controllers.SlotConfigController.Update(Int32 id, UpdateSlotRequest request) in C:\PROJECTS\employer\src\Attendance.Api\Controllers\SlotConfigController.cs:line 44
   at Microsoft.AspNetCore.Mvc.Infrastructure.ActionMethodExecutor.TaskOfIActionResultExecutor.Execute(ActionContext actionContext, IActionResultTypeMapper mapper, ObjectMethodExecutor executor, Object controller, Object[] arguments)
   at Microsoft.AspNetCore.Mvc.Infrastructure.ControllerActionInvoker.<InvokeActionMethodAsync>g__Awaited|12_0(ControllerActionInvoker invoker, ValueTask`1 actionResultValueTask)
   at Microsoft.AspNetCore.Mvc.Infrastructure.ControllerActionInvoker.<InvokeNextActionFilterAsync>g__Awaited|10_0(ControllerActionInvoker invoker, Task lastTask, State next, Scope scope, Object state, Boolean isCompleted)
   at Microsoft.AspNetCore.Mvc.Infrastructure.ControllerActionInvoker.Rethrow(ActionExecutedContextSealed context)
   at Microsoft.AspNetCore.Mvc.Infrastructure.ControllerActionInvoker.Next(State& next, Scope& scope, Object& state, Boolean& isCompleted)
   at Microsoft.AspNetCore.Mvc.Infrastructure.ControllerActionInvoker.<InvokeInnerFilterAsync>g__Awaited|13_0(ControllerActionInvoker invoker, Task lastTask, State next, Scope scope, Object state, Boolean isCompleted)
   at Microsoft.AspNetCore.Mvc.Infrastructure.ResourceInvoker.<InvokeFilterPipelineAsync>g__Awaited|20_0(ResourceInvoker invoker, Task lastTask, State next, Scope scope, Object state, Boolean isCompleted)
   at Microsoft.AspNetCore.Mvc.Infrastructure.ResourceInvoker.<InvokeAsync>g__Awaited|17_0(ResourceInvoker invoker, Task task, IDisposable scope)
   at Microsoft.AspNetCore.Mvc.Infrastructure.ResourceInvoker.<InvokeAsync>g__Awaited|17_0(ResourceInvoker invoker, Task task, IDisposable scope)
   at Microsoft.AspNetCore.Authorization.AuthorizationMiddleware.Invoke(HttpContext context)
   at Microsoft.AspNetCore.Authentication.AuthenticationMiddleware.Invoke(HttpContext context)
   at Swashbuckle.AspNetCore.SwaggerUI.SwaggerUIMiddleware.Invoke(HttpContext httpContext)
   at Swashbuckle.AspNetCore.Swagger.SwaggerMiddleware.Invoke(HttpContext httpContext, ISwaggerProvider swaggerProvider)
   at Serilog.AspNetCore.RequestLoggingMiddleware.Invoke(HttpContext httpContext)
2026-07-13 10:53:20.659 +03:00 [WRN] Request fault 400 on PUT /api/slots/12: Validation failed: 
 -- StartTime: The slot window overlaps an existing active slot. Severity: Error
2026-07-13 10:53:34.701 +03:00 [INF] Expired 1 stale QR token(s); a replacement was pushed to the kiosk.
2026-07-13 10:53:49.714 +03:00 [INF] Expired 1 stale QR token(s); a replacement was pushed to the kiosk.
2026-07-13 10:54:09.707 +03:00 [INF] Expired 1 stale QR token(s); a replacement was pushed to the kiosk.
2026-07-13 10:54:24.717 +03:00 [INF] Expired 1 stale QR token(s); a replacement was pushed to the kiosk.
2026-07-13 10:54:44.697 +03:00 [INF] Expired 1 stale QR token(s); a replacement was pushed to the kiosk.
2026-07-13 10:54:59.703 +03:00 [INF] Expired 1 stale QR token(s); a replacement was pushed to the kiosk.
2026-07-13 10:55:14.706 +03:00 [INF] Expired 1 stale QR token(s); a replacement was pushed to the kiosk.
2026-07-13 10:55:34.709 +03:00 [INF] Expired 1 stale QR token(s); a replacement was pushed to the kiosk.
2026-07-13 10:55:49.708 +03:00 [INF] Expired 1 stale QR token(s); a replacement was pushed to the kiosk.
2026-07-13 10:56:09.714 +03:00 [INF] Expired 1 stale QR token(s); a replacement was pushed to the kiosk.
2026-07-13 10:56:14.594 +03:00 [INF] HTTP GET /api/slots responded 200 in 4.2352 ms
2026-07-13 10:56:29.705 +03:00 [INF] Expired 1 stale QR token(s); a replacement was pushed to the kiosk.
2026-07-13 10:56:49.701 +03:00 [INF] Expired 1 stale QR token(s); a replacement was pushed to the kiosk.
2026-07-13 10:57:04.714 +03:00 [INF] Expired 1 stale QR token(s); a replacement was pushed to the kiosk.
2026-07-13 10:57:24.705 +03:00 [INF] Expired 1 stale QR token(s); a replacement was pushed to the kiosk.
2026-07-13 10:57:44.704 +03:00 [INF] Expired 1 stale QR token(s); a replacement was pushed to the kiosk.
2026-07-13 10:57:59.710 +03:00 [INF] Expired 1 stale QR token(s); a replacement was pushed to the kiosk.
2026-07-13 10:58:19.703 +03:00 [INF] Expired 1 stale QR token(s); a replacement was pushed to the kiosk.
2026-07-13 10:58:39.700 +03:00 [INF] Expired 1 stale QR token(s); a replacement was pushed to the kiosk.
2026-07-13 10:58:54.711 +03:00 [INF] Expired 1 stale QR token(s); a replacement was pushed to the kiosk.
2026-07-13 10:59:14.710 +03:00 [INF] Expired 1 stale QR token(s); a replacement was pushed to the kiosk.
2026-07-13 10:59:29.717 +03:00 [INF] Expired 1 stale QR token(s); a replacement was pushed to the kiosk.
2026-07-13 10:59:49.721 +03:00 [INF] Expired 1 stale QR token(s); a replacement was pushed to the kiosk.
2026-07-13 11:00:09.708 +03:00 [INF] Expired 1 stale QR token(s); a replacement was pushed to the kiosk.
2026-07-13 11:00:24.718 +03:00 [INF] Expired 1 stale QR token(s); a replacement was pushed to the kiosk.
2026-07-13 11:00:44.709 +03:00 [INF] Expired 1 stale QR token(s); a replacement was pushed to the kiosk.
2026-07-13 11:01:04.708 +03:00 [INF] Expired 1 stale QR token(s); a replacement was pushed to the kiosk.
2026-07-13 11:01:24.701 +03:00 [INF] Expired 1 stale QR token(s); a replacement was pushed to the kiosk.
2026-07-13 11:01:44.701 +03:00 [INF] Expired 1 stale QR token(s); a replacement was pushed to the kiosk.
2026-07-13 11:01:59.711 +03:00 [INF] Expired 1 stale QR token(s); a replacement was pushed to the kiosk.
2026-07-13 11:02:19.704 +03:00 [INF] Expired 1 stale QR token(s); a replacement was pushed to the kiosk.
2026-07-13 11:02:34.705 +03:00 [INF] Expired 1 stale QR token(s); a replacement was pushed to the kiosk.
2026-07-13 11:02:54.703 +03:00 [INF] Expired 1 stale QR token(s); a replacement was pushed to the kiosk.
2026-07-13 11:03:09.721 +03:00 [INF] Expired 1 stale QR token(s); a replacement was pushed to the kiosk.
2026-07-13 11:03:29.710 +03:00 [INF] Expired 1 stale QR token(s); a replacement was pushed to the kiosk.
2026-07-13 11:03:49.704 +03:00 [INF] Expired 1 stale QR token(s); a replacement was pushed to the kiosk.
2026-07-13 11:04:04.708 +03:00 [INF] Expired 1 stale QR token(s); a replacement was pushed to the kiosk.
2026-07-13 11:04:19.715 +03:00 [INF] Expired 1 stale QR token(s); a replacement was pushed to the kiosk.
2026-07-13 11:04:39.696 +03:00 [INF] Expired 1 stale QR token(s); a replacement was pushed to the kiosk.
2026-07-13 11:04:54.710 +03:00 [INF] Expired 1 stale QR token(s); a replacement was pushed to the kiosk.
2026-07-13 11:05:14.700 +03:00 [INF] Expired 1 stale QR token(s); a replacement was pushed to the kiosk.
2026-07-13 11:05:29.703 +03:00 [INF] Expired 1 stale QR token(s); a replacement was pushed to the kiosk.
2026-07-13 11:05:44.709 +03:00 [INF] Expired 1 stale QR token(s); a replacement was pushed to the kiosk.
2026-07-13 11:06:04.703 +03:00 [INF] Expired 1 stale QR token(s); a replacement was pushed to the kiosk.
2026-07-13 11:06:19.709 +03:00 [INF] Expired 1 stale QR token(s); a replacement was pushed to the kiosk.
2026-07-13 11:06:39.701 +03:00 [INF] Expired 1 stale QR token(s); a replacement was pushed to the kiosk.
2026-07-13 11:06:59.708 +03:00 [INF] Expired 1 stale QR token(s); a replacement was pushed to the kiosk.
2026-07-13 11:07:19.708 +03:00 [INF] Expired 1 stale QR token(s); a replacement was pushed to the kiosk.
2026-07-13 11:07:39.714 +03:00 [INF] Expired 1 stale QR token(s); a replacement was pushed to the kiosk.
2026-07-13 11:07:59.705 +03:00 [INF] Expired 1 stale QR token(s); a replacement was pushed to the kiosk.
2026-07-13 11:08:14.715 +03:00 [INF] Expired 1 stale QR token(s); a replacement was pushed to the kiosk.
2026-07-13 11:08:34.698 +03:00 [INF] Expired 1 stale QR token(s); a replacement was pushed to the kiosk.
2026-07-13 11:08:54.700 +03:00 [INF] Expired 1 stale QR token(s); a replacement was pushed to the kiosk.
2026-07-13 11:09:01.281 +03:00 [INF] HTTP GET /api/slots responded 401 in 1.1834 ms
2026-07-13 11:09:09.718 +03:00 [INF] Expired 1 stale QR token(s); a replacement was pushed to the kiosk.
2026-07-13 11:09:29.712 +03:00 [INF] Expired 1 stale QR token(s); a replacement was pushed to the kiosk.
2026-07-13 11:09:44.715 +03:00 [INF] Expired 1 stale QR token(s); a replacement was pushed to the kiosk.
2026-07-13 11:10:04.710 +03:00 [INF] Expired 1 stale QR token(s); a replacement was pushed to the kiosk.
2026-07-13 11:10:24.710 +03:00 [INF] Expired 1 stale QR token(s); a replacement was pushed to the kiosk.
2026-07-13 11:10:44.701 +03:00 [INF] Expired 1 stale QR token(s); a replacement was pushed to the kiosk.
2026-07-13 11:11:04.705 +03:00 [INF] Expired 1 stale QR token(s); a replacement was pushed to the kiosk.
2026-07-13 11:11:13.153 +03:00 [INF] HTTP POST /api/auth/login responded 200 in 104.1565 ms
2026-07-13 11:11:13.233 +03:00 [INF] HTTP GET /api/staff responded 200 in 16.8319 ms
2026-07-13 11:11:19.713 +03:00 [INF] Expired 1 stale QR token(s); a replacement was pushed to the kiosk.
2026-07-13 11:11:24.713 +03:00 [INF] HTTP GET /api/slots responded 200 in 5.8000 ms
2026-07-13 11:11:39.702 +03:00 [INF] Expired 1 stale QR token(s); a replacement was pushed to the kiosk.
2026-07-13 11:11:54.721 +03:00 [INF] Expired 1 stale QR token(s); a replacement was pushed to the kiosk.
2026-07-13 11:12:06.643 +03:00 [INF] HTTP GET /api/slots responded 200 in 3.1867 ms
2026-07-13 11:12:14.710 +03:00 [INF] Expired 1 stale QR token(s); a replacement was pushed to the kiosk.
2026-07-13 11:12:34.709 +03:00 [INF] Expired 1 stale QR token(s); a replacement was pushed to the kiosk.
2026-07-13 11:12:54.706 +03:00 [INF] Expired 1 stale QR token(s); a replacement was pushed to the kiosk.
2026-07-13 11:12:56.018 +03:00 [INF] HTTP GET /api/slots responded 200 in 3.2601 ms
2026-07-13 11:13:14.698 +03:00 [INF] Expired 1 stale QR token(s); a replacement was pushed to the kiosk.
2026-07-13 11:13:29.703 +03:00 [INF] Expired 1 stale QR token(s); a replacement was pushed to the kiosk.
2026-07-13 11:13:49.704 +03:00 [INF] Expired 1 stale QR token(s); a replacement was pushed to the kiosk.
2026-07-13 11:14:04.742 +03:00 [INF] HTTP PUT /api/slots/12 responded 200 in 25.8719 ms
2026-07-13 11:14:04.981 +03:00 [INF] HTTP GET /api/slots responded 200 in 1.5995 ms
2026-07-13 11:14:09.715 +03:00 [INF] Expired 1 stale QR token(s); a replacement was pushed to the kiosk.
2026-07-13 11:14:29.700 +03:00 [INF] Expired 1 stale QR token(s); a replacement was pushed to the kiosk.
2026-07-13 11:14:44.715 +03:00 [INF] Expired 1 stale QR token(s); a replacement was pushed to the kiosk.
2026-07-13 11:15:04.699 +03:00 [INF] Expired 1 stale QR token(s); a replacement was pushed to the kiosk.
2026-07-13 11:15:19.709 +03:00 [INF] Expired 1 stale QR token(s); a replacement was pushed to the kiosk.
2026-07-13 11:15:39.719 +03:00 [INF] Expired 1 stale QR token(s); a replacement was pushed to the kiosk.
2026-07-13 11:15:59.706 +03:00 [INF] Expired 1 stale QR token(s); a replacement was pushed to the kiosk.
2026-07-13 11:16:19.719 +03:00 [INF] Expired 1 stale QR token(s); a replacement was pushed to the kiosk.
2026-07-13 11:16:39.580 +03:00 [INF] HTTP POST /hubs/attendance/negotiate responded 200 in 4.6937 ms
2026-07-13 11:16:39.698 +03:00 [INF] Expired 1 stale QR token(s); a replacement was pushed to the kiosk.
2026-07-13 11:16:44.349 +03:00 [INF] HTTP GET /api/staff responded 200 in 15.1795 ms
2026-07-13 11:16:48.730 +03:00 [INF] HTTP GET /api/reports/daily responded 200 in 16.2800 ms
2026-07-13 11:16:54.716 +03:00 [INF] Expired 1 stale QR token(s); a replacement was pushed to the kiosk.
2026-07-13 11:16:55.797 +03:00 [INF] HTTP GET /api/staff responded 200 in 12.6372 ms
2026-07-13 11:16:56.759 +03:00 [INF] HTTP GET /api/reports/daily responded 200 in 12.9413 ms
2026-07-13 11:16:59.219 +03:00 [INF] HTTP GET /api/staff responded 200 in 3.3370 ms
2026-07-13 11:17:14.706 +03:00 [INF] Expired 1 stale QR token(s); a replacement was pushed to the kiosk.
2026-07-13 11:17:29.712 +03:00 [INF] Expired 1 stale QR token(s); a replacement was pushed to the kiosk.
2026-07-13 11:17:41.425 +03:00 [INF] HTTP POST /api/auth/login responded 200 in 96.6661 ms
2026-07-13 11:17:48.361 +03:00 [INF] HTTP POST /api/auth/login responded 200 in 94.9365 ms
2026-07-13 11:17:49.705 +03:00 [INF] Expired 1 stale QR token(s); a replacement was pushed to the kiosk.
2026-07-13 11:18:01.417 +03:00 [INF] QR scan attempt: StaffId=16 Token=1b44dd2a… Outcome="Success" Ip=127.0.0.1
2026-07-13 11:18:01.554 +03:00 [INF] HTTP POST /api/attendance/scan responded 200 in 191.8958 ms
2026-07-13 11:18:07.175 +03:00 [INF] HTTP GET /api/reports/daily responded 200 in 12.4673 ms
2026-07-13 11:18:19.706 +03:00 [INF] Expired 1 stale QR token(s); a replacement was pushed to the kiosk.
2026-07-13 11:18:39.712 +03:00 [INF] Expired 1 stale QR token(s); a replacement was pushed to the kiosk.
2026-07-13 11:18:59.706 +03:00 [INF] Expired 1 stale QR token(s); a replacement was pushed to the kiosk.
2026-07-13 11:19:19.716 +03:00 [INF] Expired 1 stale QR token(s); a replacement was pushed to the kiosk.
2026-07-13 11:19:39.718 +03:00 [INF] Expired 1 stale QR token(s); a replacement was pushed to the kiosk.
2026-07-13 11:19:59.696 +03:00 [INF] Expired 1 stale QR token(s); a replacement was pushed to the kiosk.
2026-07-13 11:20:14.707 +03:00 [INF] Expired 1 stale QR token(s); a replacement was pushed to the kiosk.
2026-07-13 11:20:34.695 +03:00 [INF] Expired 1 stale QR token(s); a replacement was pushed to the kiosk.
2026-07-13 11:20:49.712 +03:00 [INF] Expired 1 stale QR token(s); a replacement was pushed to the kiosk.
2026-07-13 11:21:09.703 +03:00 [INF] Expired 1 stale QR token(s); a replacement was pushed to the kiosk.
2026-07-13 11:21:29.707 +03:00 [INF] Expired 1 stale QR token(s); a replacement was pushed to the kiosk.
2026-07-13 11:21:49.703 +03:00 [INF] Expired 1 stale QR token(s); a replacement was pushed to the kiosk.
2026-07-13 11:22:09.710 +03:00 [INF] Expired 1 stale QR token(s); a replacement was pushed to the kiosk.
2026-07-13 11:22:29.706 +03:00 [INF] Expired 1 stale QR token(s); a replacement was pushed to the kiosk.
2026-07-13 11:22:35.111 +03:00 [INF] HTTP GET /api/staff responded 200 in 9.4762 ms
2026-07-13 11:22:36.381 +03:00 [INF] HTTP GET /api/slots responded 200 in 6.4941 ms
2026-07-13 11:22:49.696 +03:00 [INF] Expired 1 stale QR token(s); a replacement was pushed to the kiosk.
2026-07-13 11:23:09.697 +03:00 [INF] Expired 1 stale QR token(s); a replacement was pushed to the kiosk.
2026-07-13 11:23:24.807 +03:00 [INF] Expired 1 stale QR token(s); a replacement was pushed to the kiosk.
2026-07-13 11:23:44.711 +03:00 [INF] Expired 1 stale QR token(s); a replacement was pushed to the kiosk.
2026-07-13 11:24:04.706 +03:00 [INF] Expired 1 stale QR token(s); a replacement was pushed to the kiosk.
2026-07-13 11:24:15.982 +03:00 [INF] HTTP GET /api/reports/daily responded 200 in 11.5813 ms
2026-07-13 11:24:18.865 +03:00 [INF] HTTP GET /api/slots responded 200 in 8.3905 ms
2026-07-13 11:24:24.698 +03:00 [INF] Expired 1 stale QR token(s); a replacement was pushed to the kiosk.
2026-07-13 11:24:44.712 +03:00 [INF] Expired 1 stale QR token(s); a replacement was pushed to the kiosk.
2026-07-13 11:25:04.709 +03:00 [INF] Expired 1 stale QR token(s); a replacement was pushed to the kiosk.
2026-07-13 11:25:24.705 +03:00 [INF] Expired 1 stale QR token(s); a replacement was pushed to the kiosk.
2026-07-13 11:25:44.720 +03:00 [INF] Expired 1 stale QR token(s); a replacement was pushed to the kiosk.
2026-07-13 11:26:04.711 +03:00 [INF] Expired 1 stale QR token(s); a replacement was pushed to the kiosk.
2026-07-13 11:26:24.710 +03:00 [INF] Expired 1 stale QR token(s); a replacement was pushed to the kiosk.
2026-07-13 11:26:44.705 +03:00 [INF] Expired 1 stale QR token(s); a replacement was pushed to the kiosk.
2026-07-13 11:27:04.707 +03:00 [INF] Expired 1 stale QR token(s); a replacement was pushed to the kiosk.
2026-07-13 11:27:19.717 +03:00 [INF] Expired 1 stale QR token(s); a replacement was pushed to the kiosk.
2026-07-13 11:27:39.705 +03:00 [INF] Expired 1 stale QR token(s); a replacement was pushed to the kiosk.
2026-07-13 11:27:59.701 +03:00 [INF] Expired 1 stale QR token(s); a replacement was pushed to the kiosk.
2026-07-13 11:28:19.711 +03:00 [INF] Expired 1 stale QR token(s); a replacement was pushed to the kiosk.
2026-07-13 11:28:39.791 +03:00 [INF] Expired 1 stale QR token(s); a replacement was pushed to the kiosk.
2026-07-13 11:28:59.704 +03:00 [INF] Expired 1 stale QR token(s); a replacement was pushed to the kiosk.
2026-07-13 11:29:14.706 +03:00 [INF] Expired 1 stale QR token(s); a replacement was pushed to the kiosk.
2026-07-13 11:29:34.711 +03:00 [INF] Expired 1 stale QR token(s); a replacement was pushed to the kiosk.
2026-07-13 11:29:54.703 +03:00 [INF] Expired 1 stale QR token(s); a replacement was pushed to the kiosk.
2026-07-13 11:30:14.712 +03:00 [INF] Expired 1 stale QR token(s); a replacement was pushed to the kiosk.
2026-07-13 11:30:34.705 +03:00 [INF] Expired 1 stale QR token(s); a replacement was pushed to the kiosk.
2026-07-13 11:30:54.713 +03:00 [INF] Expired 1 stale QR token(s); a replacement was pushed to the kiosk.
2026-07-13 11:31:14.715 +03:00 [INF] Expired 1 stale QR token(s); a replacement was pushed to the kiosk.
2026-07-13 11:31:34.709 +03:00 [INF] Expired 1 stale QR token(s); a replacement was pushed to the kiosk.
2026-07-13 11:31:54.711 +03:00 [INF] Expired 1 stale QR token(s); a replacement was pushed to the kiosk.
2026-07-13 11:32:14.717 +03:00 [INF] Expired 1 stale QR token(s); a replacement was pushed to the kiosk.
2026-07-13 11:32:34.704 +03:00 [INF] Expired 1 stale QR token(s); a replacement was pushed to the kiosk.
2026-07-13 11:32:54.709 +03:00 [INF] Expired 1 stale QR token(s); a replacement was pushed to the kiosk.
2026-07-13 11:33:14.709 +03:00 [INF] Expired 1 stale QR token(s); a replacement was pushed to the kiosk.
2026-07-13 11:33:34.715 +03:00 [INF] Expired 1 stale QR token(s); a replacement was pushed to the kiosk.
2026-07-13 11:33:54.718 +03:00 [INF] Expired 1 stale QR token(s); a replacement was pushed to the kiosk.
2026-07-13 11:34:14.708 +03:00 [INF] Expired 1 stale QR token(s); a replacement was pushed to the kiosk.
2026-07-13 11:34:29.718 +03:00 [INF] Expired 1 stale QR token(s); a replacement was pushed to the kiosk.
2026-07-13 11:34:49.707 +03:00 [INF] Expired 1 stale QR token(s); a replacement was pushed to the kiosk.
2026-07-13 11:35:04.719 +03:00 [INF] Expired 1 stale QR token(s); a replacement was pushed to the kiosk.
2026-07-13 11:35:24.694 +03:00 [INF] Expired 1 stale QR token(s); a replacement was pushed to the kiosk.
2026-07-13 11:35:44.712 +03:00 [INF] Expired 1 stale QR token(s); a replacement was pushed to the kiosk.
2026-07-13 11:36:04.716 +03:00 [INF] Expired 1 stale QR token(s); a replacement was pushed to the kiosk.
2026-07-13 11:36:24.712 +03:00 [INF] Expired 1 stale QR token(s); a replacement was pushed to the kiosk.
2026-07-13 11:36:44.701 +03:00 [INF] Expired 1 stale QR token(s); a replacement was pushed to the kiosk.
2026-07-13 11:36:59.706 +03:00 [INF] Expired 1 stale QR token(s); a replacement was pushed to the kiosk.
2026-07-13 11:37:19.706 +03:00 [INF] Expired 1 stale QR token(s); a replacement was pushed to the kiosk.
2026-07-13 11:37:39.699 +03:00 [INF] Expired 1 stale QR token(s); a replacement was pushed to the kiosk.
2026-07-13 11:37:59.710 +03:00 [INF] Expired 1 stale QR token(s); a replacement was pushed to the kiosk.
2026-07-13 11:38:19.718 +03:00 [INF] Expired 1 stale QR token(s); a replacement was pushed to the kiosk.
2026-07-13 11:38:39.711 +03:00 [INF] Expired 1 stale QR token(s); a replacement was pushed to the kiosk.
2026-07-13 11:38:54.718 +03:00 [INF] Expired 1 stale QR token(s); a replacement was pushed to the kiosk.
2026-07-13 11:39:14.702 +03:00 [INF] Expired 1 stale QR token(s); a replacement was pushed to the kiosk.
2026-07-13 11:39:34.711 +03:00 [INF] Expired 1 stale QR token(s); a replacement was pushed to the kiosk.
2026-07-13 11:39:54.748 +03:00 [INF] Expired 1 stale QR token(s); a replacement was pushed to the kiosk.
2026-07-13 11:40:09.716 +03:00 [INF] Expired 1 stale QR token(s); a replacement was pushed to the kiosk.
2026-07-13 11:40:29.711 +03:00 [INF] Expired 1 stale QR token(s); a replacement was pushed to the kiosk.
2026-07-13 11:40:49.714 +03:00 [INF] Expired 1 stale QR token(s); a replacement was pushed to the kiosk.
2026-07-13 11:41:09.707 +03:00 [INF] Expired 1 stale QR token(s); a replacement was pushed to the kiosk.
2026-07-13 11:41:29.706 +03:00 [INF] Expired 1 stale QR token(s); a replacement was pushed to the kiosk.
2026-07-13 11:41:49.699 +03:00 [INF] Expired 1 stale QR token(s); a replacement was pushed to the kiosk.
2026-07-13 11:42:04.720 +03:00 [INF] Expired 1 stale QR token(s); a replacement was pushed to the kiosk.
2026-07-13 11:42:24.709 +03:00 [INF] Expired 1 stale QR token(s); a replacement was pushed to the kiosk.
2026-07-13 11:42:39.722 +03:00 [INF] Expired 1 stale QR token(s); a replacement was pushed to the kiosk.
2026-07-13 11:42:59.707 +03:00 [INF] Expired 1 stale QR token(s); a replacement was pushed to the kiosk.
2026-07-13 11:43:14.717 +03:00 [INF] Expired 1 stale QR token(s); a replacement was pushed to the kiosk.
2026-07-13 11:43:34.702 +03:00 [INF] Expired 1 stale QR token(s); a replacement was pushed to the kiosk.
2026-07-13 11:43:49.723 +03:00 [INF] Expired 1 stale QR token(s); a replacement was pushed to the kiosk.
2026-07-13 11:44:09.709 +03:00 [INF] Expired 1 stale QR token(s); a replacement was pushed to the kiosk.
2026-07-13 11:44:29.706 +03:00 [INF] Expired 1 stale QR token(s); a replacement was pushed to the kiosk.
2026-07-13 11:44:44.711 +03:00 [INF] Expired 1 stale QR token(s); a replacement was pushed to the kiosk.
2026-07-13 11:45:04.709 +03:00 [INF] Expired 1 stale QR token(s); a replacement was pushed to the kiosk.
2026-07-13 11:45:24.723 +03:00 [INF] Expired 1 stale QR token(s); a replacement was pushed to the kiosk.
2026-07-13 11:45:44.704 +03:00 [INF] Expired 1 stale QR token(s); a replacement was pushed to the kiosk.
2026-07-13 11:45:59.722 +03:00 [INF] Expired 1 stale QR token(s); a replacement was pushed to the kiosk.
2026-07-13 11:46:19.703 +03:00 [INF] Expired 1 stale QR token(s); a replacement was pushed to the kiosk.
2026-07-13 11:46:35.942 +03:00 [INF] HTTP PUT /api/slots/12 responded 401 in 0.6833 ms
2026-07-13 11:46:39.708 +03:00 [INF] Expired 1 stale QR token(s); a replacement was pushed to the kiosk.
2026-07-13 11:46:59.707 +03:00 [INF] Expired 1 stale QR token(s); a replacement was pushed to the kiosk.
2026-07-13 11:47:07.735 +03:00 [INF] HTTP POST /api/auth/login responded 200 in 138.1409 ms
2026-07-13 11:47:08.420 +03:00 [INF] HTTP GET /api/staff responded 200 in 15.4056 ms
2026-07-13 11:47:10.433 +03:00 [INF] HTTP GET /api/slots responded 200 in 3.8850 ms
2026-07-13 11:47:19.703 +03:00 [INF] Expired 1 stale QR token(s); a replacement was pushed to the kiosk.
2026-07-13 11:47:34.722 +03:00 [INF] Expired 1 stale QR token(s); a replacement was pushed to the kiosk.
2026-07-13 11:47:50.233 +03:00 [ERR] HTTP PUT /api/slots/12 responded 500 in 4.8913 ms
FluentValidation.ValidationException: Validation failed: 
 -- StartTime: The slot window overlaps an existing active slot. Severity: Error
   at Attendance.Application.Services.SlotConfigService.ValidateAsync(String slotName, TimeOnly startTime, TimeOnly endTime, Nullable`1 excludeSlotId) in c:\PROJECTS\employer\src\Attendance.Application\Services\SlotConfigService.cs:line 117
   at Attendance.Application.Services.SlotConfigService.UpdateSlotAsync(Int32 slotId, UpdateSlotRequest request) in c:\PROJECTS\employer\src\Attendance.Application\Services\SlotConfigService.cs:line 41
   at Attendance.Api.Controllers.SlotConfigController.Update(Int32 id, UpdateSlotRequest request) in C:\PROJECTS\employer\src\Attendance.Api\Controllers\SlotConfigController.cs:line 44
   at Microsoft.AspNetCore.Mvc.Infrastructure.ActionMethodExecutor.TaskOfIActionResultExecutor.Execute(ActionContext actionContext, IActionResultTypeMapper mapper, ObjectMethodExecutor executor, Object controller, Object[] arguments)
   at Microsoft.AspNetCore.Mvc.Infrastructure.ControllerActionInvoker.<InvokeActionMethodAsync>g__Awaited|12_0(ControllerActionInvoker invoker, ValueTask`1 actionResultValueTask)
   at Microsoft.AspNetCore.Mvc.Infrastructure.ControllerActionInvoker.<InvokeNextActionFilterAsync>g__Awaited|10_0(ControllerActionInvoker invoker, Task lastTask, State next, Scope scope, Object state, Boolean isCompleted)
   at Microsoft.AspNetCore.Mvc.Infrastructure.ControllerActionInvoker.Rethrow(ActionExecutedContextSealed context)
   at Microsoft.AspNetCore.Mvc.Infrastructure.ControllerActionInvoker.Next(State& next, Scope& scope, Object& state, Boolean& isCompleted)
   at Microsoft.AspNetCore.Mvc.Infrastructure.ControllerActionInvoker.<InvokeInnerFilterAsync>g__Awaited|13_0(ControllerActionInvoker invoker, Task lastTask, State next, Scope scope, Object state, Boolean isCompleted)
   at Microsoft.AspNetCore.Mvc.Infrastructure.ResourceInvoker.<InvokeFilterPipelineAsync>g__Awaited|20_0(ResourceInvoker invoker, Task lastTask, State next, Scope scope, Object state, Boolean isCompleted)
   at Microsoft.AspNetCore.Mvc.Infrastructure.ResourceInvoker.<InvokeAsync>g__Awaited|17_0(ResourceInvoker invoker, Task task, IDisposable scope)
   at Microsoft.AspNetCore.Mvc.Infrastructure.ResourceInvoker.<InvokeAsync>g__Awaited|17_0(ResourceInvoker invoker, Task task, IDisposable scope)
   at Microsoft.AspNetCore.Authorization.AuthorizationMiddleware.Invoke(HttpContext context)
   at Microsoft.AspNetCore.Authentication.AuthenticationMiddleware.Invoke(HttpContext context)
   at Swashbuckle.AspNetCore.SwaggerUI.SwaggerUIMiddleware.Invoke(HttpContext httpContext)
   at Swashbuckle.AspNetCore.Swagger.SwaggerMiddleware.Invoke(HttpContext httpContext, ISwaggerProvider swaggerProvider)
   at Serilog.AspNetCore.RequestLoggingMiddleware.Invoke(HttpContext httpContext)
2026-07-13 11:47:50.266 +03:00 [WRN] Request fault 400 on PUT /api/slots/12: Validation failed: 
 -- StartTime: The slot window overlaps an existing active slot. Severity: Error
2026-07-13 11:47:54.715 +03:00 [INF] Expired 1 stale QR token(s); a replacement was pushed to the kiosk.
2026-07-13 11:47:58.289 +03:00 [ERR] HTTP PUT /api/slots/12 responded 500 in 2.3496 ms
FluentValidation.ValidationException: Validation failed: 
 -- StartTime: The slot window overlaps an existing active slot. Severity: Error
   at Attendance.Application.Services.SlotConfigService.ValidateAsync(String slotName, TimeOnly startTime, TimeOnly endTime, Nullable`1 excludeSlotId) in c:\PROJECTS\employer\src\Attendance.Application\Services\SlotConfigService.cs:line 117
   at Attendance.Application.Services.SlotConfigService.UpdateSlotAsync(Int32 slotId, UpdateSlotRequest request) in c:\PROJECTS\employer\src\Attendance.Application\Services\SlotConfigService.cs:line 41
   at Attendance.Api.Controllers.SlotConfigController.Update(Int32 id, UpdateSlotRequest request) in C:\PROJECTS\employer\src\Attendance.Api\Controllers\SlotConfigController.cs:line 44
   at Microsoft.AspNetCore.Mvc.Infrastructure.ActionMethodExecutor.TaskOfIActionResultExecutor.Execute(ActionContext actionContext, IActionResultTypeMapper mapper, ObjectMethodExecutor executor, Object controller, Object[] arguments)
   at Microsoft.AspNetCore.Mvc.Infrastructure.ControllerActionInvoker.<InvokeActionMethodAsync>g__Awaited|12_0(ControllerActionInvoker invoker, ValueTask`1 actionResultValueTask)
   at Microsoft.AspNetCore.Mvc.Infrastructure.ControllerActionInvoker.<InvokeNextActionFilterAsync>g__Awaited|10_0(ControllerActionInvoker invoker, Task lastTask, State next, Scope scope, Object state, Boolean isCompleted)
   at Microsoft.AspNetCore.Mvc.Infrastructure.ControllerActionInvoker.Rethrow(ActionExecutedContextSealed context)
   at Microsoft.AspNetCore.Mvc.Infrastructure.ControllerActionInvoker.Next(State& next, Scope& scope, Object& state, Boolean& isCompleted)
   at Microsoft.AspNetCore.Mvc.Infrastructure.ControllerActionInvoker.<InvokeInnerFilterAsync>g__Awaited|13_0(ControllerActionInvoker invoker, Task lastTask, State next, Scope scope, Object state, Boolean isCompleted)
   at Microsoft.AspNetCore.Mvc.Infrastructure.ResourceInvoker.<InvokeFilterPipelineAsync>g__Awaited|20_0(ResourceInvoker invoker, Task lastTask, State next, Scope scope, Object state, Boolean isCompleted)
   at Microsoft.AspNetCore.Mvc.Infrastructure.ResourceInvoker.<InvokeAsync>g__Awaited|17_0(ResourceInvoker invoker, Task task, IDisposable scope)
   at Microsoft.AspNetCore.Mvc.Infrastructure.ResourceInvoker.<InvokeAsync>g__Awaited|17_0(ResourceInvoker invoker, Task task, IDisposable scope)
   at Microsoft.AspNetCore.Authorization.AuthorizationMiddleware.Invoke(HttpContext context)
   at Microsoft.AspNetCore.Authentication.AuthenticationMiddleware.Invoke(HttpContext context)
   at Swashbuckle.AspNetCore.SwaggerUI.SwaggerUIMiddleware.Invoke(HttpContext httpContext)
   at Swashbuckle.AspNetCore.Swagger.SwaggerMiddleware.Invoke(HttpContext httpContext, ISwaggerProvider swaggerProvider)
   at Serilog.AspNetCore.RequestLoggingMiddleware.Invoke(HttpContext httpContext)
2026-07-13 11:47:58.326 +03:00 [WRN] Request fault 400 on PUT /api/slots/12: Validation failed: 
 -- StartTime: The slot window overlaps an existing active slot. Severity: Error
2026-07-13 11:48:14.721 +03:00 [INF] Expired 1 stale QR token(s); a replacement was pushed to the kiosk.
2026-07-13 11:48:34.711 +03:00 [INF] Expired 1 stale QR token(s); a replacement was pushed to the kiosk.
2026-07-13 11:48:35.770 +03:00 [INF] HTTP GET /hubs/attendance responded 101 in 1915564.5612 ms
2026-07-13 11:48:46.804 +03:00 [INF] HTTP PUT /api/slots/12 responded 200 in 11.3533 ms
2026-07-13 11:48:47.061 +03:00 [INF] HTTP GET /api/slots responded 200 in 2.0460 ms
2026-07-13 11:48:54.715 +03:00 [INF] Expired 1 stale QR token(s); a replacement was pushed to the kiosk.
2026-07-13 11:49:02.305 +03:00 [INF] HTTP PUT /api/slots/12 responded 200 in 12.3568 ms
2026-07-13 11:49:02.561 +03:00 [INF] HTTP GET /api/slots responded 200 in 2.3825 ms
2026-07-13 11:49:14.705 +03:00 [INF] Expired 1 stale QR token(s); a replacement was pushed to the kiosk.
2026-07-13 11:49:34.705 +03:00 [INF] Expired 1 stale QR token(s); a replacement was pushed to the kiosk.
2026-07-13 11:49:49.725 +03:00 [INF] Expired 1 stale QR token(s); a replacement was pushed to the kiosk.
2026-07-13 11:50:09.709 +03:00 [INF] Expired 1 stale QR token(s); a replacement was pushed to the kiosk.
2026-07-13 11:50:26.217 +03:00 [INF] HTTP POST /hubs/attendance/negotiate responded 200 in 0.6894 ms
2026-07-13 11:50:27.153 +03:00 [INF] HTTP POST /hubs/attendance/negotiate responded 200 in 0.6747 ms
2026-07-13 11:50:29.296 +03:00 [INF] HTTP POST /api/attendance/scan responded 401 in 0.6170 ms
2026-07-13 11:50:29.714 +03:00 [INF] Expired 1 stale QR token(s); a replacement was pushed to the kiosk.
2026-07-13 11:50:49.701 +03:00 [INF] Expired 1 stale QR token(s); a replacement was pushed to the kiosk.
2026-07-13 11:50:51.612 +03:00 [INF] HTTP GET /api/reports/daily responded 200 in 13.8788 ms
2026-07-13 11:50:53.659 +03:00 [INF] HTTP GET /api/slots responded 200 in 4.8375 ms
2026-07-13 11:50:58.089 +03:00 [INF] HTTP GET /api/staff responded 200 in 14.8624 ms
2026-07-13 11:51:09.708 +03:00 [INF] Expired 1 stale QR token(s); a replacement was pushed to the kiosk.
2026-07-13 11:51:29.719 +03:00 [INF] Expired 1 stale QR token(s); a replacement was pushed to the kiosk.
2026-07-13 11:51:39.871 +03:00 [WRN] Failed login attempt for user 'EMP-0016' from 127.0.0.1.
2026-07-13 11:51:39.881 +03:00 [INF] HTTP POST /api/auth/login responded 401 in 115.8951 ms
2026-07-13 11:51:49.712 +03:00 [INF] Expired 1 stale QR token(s); a replacement was pushed to the kiosk.
2026-07-13 11:51:54.401 +03:00 [WRN] Failed login attempt for user 'EMP-0016' from 127.0.0.1.
2026-07-13 11:51:54.406 +03:00 [INF] HTTP POST /api/auth/login responded 401 in 115.6874 ms
2026-07-13 11:52:09.717 +03:00 [INF] Expired 1 stale QR token(s); a replacement was pushed to the kiosk.
2026-07-13 11:52:10.258 +03:00 [WRN] Failed login attempt for user 'EMP-0016' from 127.0.0.1.
2026-07-13 11:52:10.262 +03:00 [INF] HTTP POST /api/auth/login responded 401 in 123.9585 ms
2026-07-13 11:52:27.849 +03:00 [WRN] Failed login attempt for user 'EMP-0016' from 127.0.0.1.
2026-07-13 11:52:27.856 +03:00 [INF] HTTP POST /api/auth/login responded 401 in 139.9245 ms
2026-07-13 11:52:29.708 +03:00 [INF] Expired 1 stale QR token(s); a replacement was pushed to the kiosk.
2026-07-13 11:52:49.699 +03:00 [INF] Expired 1 stale QR token(s); a replacement was pushed to the kiosk.
2026-07-13 11:53:04.714 +03:00 [INF] Expired 1 stale QR token(s); a replacement was pushed to the kiosk.
2026-07-13 11:53:24.710 +03:00 [INF] Expired 1 stale QR token(s); a replacement was pushed to the kiosk.
2026-07-13 11:53:32.398 +03:00 [WRN] Failed login attempt for user 'EMP-0016' from 127.0.0.1.
2026-07-13 11:53:32.405 +03:00 [INF] HTTP POST /api/auth/login responded 401 in 115.9588 ms
2026-07-13 11:53:39.763 +03:00 [INF] Expired 1 stale QR token(s); a replacement was pushed to the kiosk.
2026-07-13 11:53:59.712 +03:00 [INF] Expired 1 stale QR token(s); a replacement was pushed to the kiosk.
2026-07-13 11:54:01.695 +03:00 [WRN] Failed login attempt for user 'EMP-0017' from 127.0.0.1.
2026-07-13 11:54:01.697 +03:00 [INF] HTTP POST /api/auth/login responded 401 in 122.9232 ms
2026-07-13 11:54:19.715 +03:00 [INF] Expired 1 stale QR token(s); a replacement was pushed to the kiosk.
2026-07-13 11:54:39.704 +03:00 [INF] Expired 1 stale QR token(s); a replacement was pushed to the kiosk.
2026-07-13 11:54:54.723 +03:00 [INF] Expired 1 stale QR token(s); a replacement was pushed to the kiosk.
2026-07-13 11:54:58.389 +03:00 [INF] HTTP POST /api/auth/login responded 200 in 114.5443 ms
2026-07-13 11:55:14.553 +03:00 [WRN] Failed login attempt for user 'EMP-0017' from 127.0.0.1.
2026-07-13 11:55:14.555 +03:00 [INF] HTTP POST /api/auth/login responded 401 in 110.4182 ms
2026-07-13 11:55:14.697 +03:00 [INF] Expired 1 stale QR token(s); a replacement was pushed to the kiosk.
2026-07-13 11:55:29.709 +03:00 [INF] Expired 1 stale QR token(s); a replacement was pushed to the kiosk.
2026-07-13 11:55:49.698 +03:00 [INF] Expired 1 stale QR token(s); a replacement was pushed to the kiosk.
2026-07-13 11:56:05.868 +03:00 [INF] HTTP POST /api/auth/login responded 200 in 137.0845 ms
2026-07-13 11:56:09.715 +03:00 [INF] Expired 1 stale QR token(s); a replacement was pushed to the kiosk.
2026-07-13 11:56:09.880 +03:00 [INF] HTTP POST /api/auth/login responded 200 in 114.2596 ms
2026-07-13 11:56:20.080 +03:00 [INF] QR scan attempt: StaffId=17 Token=0d777987… Outcome="Success" Ip=127.0.0.1
2026-07-13 11:56:20.085 +03:00 [ERR] HTTP POST /api/attendance/scan responded 500 in 19.8963 ms
Attendance.Application.Exceptions.OutsideScheduleException: No attendance slot is open at this time.
   at Attendance.Application.Services.AttendanceService.RecordAttendanceAsync(Int32 staffId, Int32 qrSessionId) in c:\PROJECTS\employer\src\Attendance.Application\Services\AttendanceService.cs:line 60
   at Attendance.Api.Controllers.AttendanceController.Scan(ScanRequestDto request) in C:\PROJECTS\employer\src\Attendance.Api\Controllers\AttendanceController.cs:line 68
   at Microsoft.AspNetCore.Mvc.Infrastructure.ActionMethodExecutor.TaskOfIActionResultExecutor.Execute(ActionContext actionContext, IActionResultTypeMapper mapper, ObjectMethodExecutor executor, Object controller, Object[] arguments)
   at Microsoft.AspNetCore.Mvc.Infrastructure.ControllerActionInvoker.<InvokeActionMethodAsync>g__Awaited|12_0(ControllerActionInvoker invoker, ValueTask`1 actionResultValueTask)
   at Microsoft.AspNetCore.Mvc.Infrastructure.ControllerActionInvoker.<InvokeNextActionFilterAsync>g__Awaited|10_0(ControllerActionInvoker invoker, Task lastTask, State next, Scope scope, Object state, Boolean isCompleted)
   at Microsoft.AspNetCore.Mvc.Infrastructure.ControllerActionInvoker.Rethrow(ActionExecutedContextSealed context)
   at Microsoft.AspNetCore.Mvc.Infrastructure.ControllerActionInvoker.Next(State& next, Scope& scope, Object& state, Boolean& isCompleted)
   at Microsoft.AspNetCore.Mvc.Infrastructure.ControllerActionInvoker.<InvokeInnerFilterAsync>g__Awaited|13_0(ControllerActionInvoker invoker, Task lastTask, State next, Scope scope, Object state, Boolean isCompleted)
   at Microsoft.AspNetCore.Mvc.Infrastructure.ResourceInvoker.<InvokeFilterPipelineAsync>g__Awaited|20_0(ResourceInvoker invoker, Task lastTask, State next, Scope scope, Object state, Boolean isCompleted)
   at Microsoft.AspNetCore.Mvc.Infrastructure.ResourceInvoker.<InvokeAsync>g__Awaited|17_0(ResourceInvoker invoker, Task task, IDisposable scope)
   at Microsoft.AspNetCore.Mvc.Infrastructure.ResourceInvoker.<InvokeAsync>g__Awaited|17_0(ResourceInvoker invoker, Task task, IDisposable scope)
   at Microsoft.AspNetCore.Authorization.AuthorizationMiddleware.Invoke(HttpContext context)
   at Microsoft.AspNetCore.Authentication.AuthenticationMiddleware.Invoke(HttpContext context)
   at Swashbuckle.AspNetCore.SwaggerUI.SwaggerUIMiddleware.Invoke(HttpContext httpContext)
   at Swashbuckle.AspNetCore.Swagger.SwaggerMiddleware.Invoke(HttpContext httpContext, ISwaggerProvider swaggerProvider)
   at Serilog.AspNetCore.RequestLoggingMiddleware.Invoke(HttpContext httpContext)
2026-07-13 11:56:20.091 +03:00 [WRN] Request fault 422 on POST /api/attendance/scan: No attendance slot is open at this time.
2026-07-13 11:56:39.706 +03:00 [INF] Expired 1 stale QR token(s); a replacement was pushed to the kiosk.
2026-07-13 11:56:59.710 +03:00 [INF] Expired 1 stale QR token(s); a replacement was pushed to the kiosk.
2026-07-13 11:57:03.623 +03:00 [INF] QR scan attempt: StaffId=17 Token=b95a576d… Outcome="Success" Ip=127.0.0.1
2026-07-13 11:57:03.639 +03:00 [ERR] HTTP POST /api/attendance/scan responded 500 in 42.1087 ms
Attendance.Application.Exceptions.OutsideScheduleException: No attendance slot is open at this time.
   at Attendance.Application.Services.AttendanceService.RecordAttendanceAsync(Int32 staffId, Int32 qrSessionId) in c:\PROJECTS\employer\src\Attendance.Application\Services\AttendanceService.cs:line 60
   at Attendance.Api.Controllers.AttendanceController.Scan(ScanRequestDto request) in C:\PROJECTS\employer\src\Attendance.Api\Controllers\AttendanceController.cs:line 68
   at Microsoft.AspNetCore.Mvc.Infrastructure.ActionMethodExecutor.TaskOfIActionResultExecutor.Execute(ActionContext actionContext, IActionResultTypeMapper mapper, ObjectMethodExecutor executor, Object controller, Object[] arguments)
   at Microsoft.AspNetCore.Mvc.Infrastructure.ControllerActionInvoker.<InvokeActionMethodAsync>g__Awaited|12_0(ControllerActionInvoker invoker, ValueTask`1 actionResultValueTask)
   at Microsoft.AspNetCore.Mvc.Infrastructure.ControllerActionInvoker.<InvokeNextActionFilterAsync>g__Awaited|10_0(ControllerActionInvoker invoker, Task lastTask, State next, Scope scope, Object state, Boolean isCompleted)
   at Microsoft.AspNetCore.Mvc.Infrastructure.ControllerActionInvoker.Rethrow(ActionExecutedContextSealed context)
   at Microsoft.AspNetCore.Mvc.Infrastructure.ControllerActionInvoker.Next(State& next, Scope& scope, Object& state, Boolean& isCompleted)
   at Microsoft.AspNetCore.Mvc.Infrastructure.ControllerActionInvoker.<InvokeInnerFilterAsync>g__Awaited|13_0(ControllerActionInvoker invoker, Task lastTask, State next, Scope scope, Object state, Boolean isCompleted)
   at Microsoft.AspNetCore.Mvc.Infrastructure.ResourceInvoker.<InvokeFilterPipelineAsync>g__Awaited|20_0(ResourceInvoker invoker, Task lastTask, State next, Scope scope, Object state, Boolean isCompleted)
   at Microsoft.AspNetCore.Mvc.Infrastructure.ResourceInvoker.<InvokeAsync>g__Awaited|17_0(ResourceInvoker invoker, Task task, IDisposable scope)
   at Microsoft.AspNetCore.Mvc.Infrastructure.ResourceInvoker.<InvokeAsync>g__Awaited|17_0(ResourceInvoker invoker, Task task, IDisposable scope)
   at Microsoft.AspNetCore.Authorization.AuthorizationMiddleware.Invoke(HttpContext context)
   at Microsoft.AspNetCore.Authentication.AuthenticationMiddleware.Invoke(HttpContext context)
   at Swashbuckle.AspNetCore.SwaggerUI.SwaggerUIMiddleware.Invoke(HttpContext httpContext)
   at Swashbuckle.AspNetCore.Swagger.SwaggerMiddleware.Invoke(HttpContext httpContext, ISwaggerProvider swaggerProvider)
   at Serilog.AspNetCore.RequestLoggingMiddleware.Invoke(HttpContext httpContext)
2026-07-13 11:57:03.657 +03:00 [WRN] Request fault 422 on POST /api/attendance/scan: No attendance slot is open at this time.
2026-07-13 11:57:19.703 +03:00 [INF] Expired 1 stale QR token(s); a replacement was pushed to the kiosk.
2026-07-13 11:57:21.871 +03:00 [INF] HTTP GET /api/slots responded 403 in 3.3797 ms
2026-07-13 11:57:39.705 +03:00 [INF] Expired 1 stale QR token(s); a replacement was pushed to the kiosk.
2026-07-13 11:57:54.711 +03:00 [INF] Expired 1 stale QR token(s); a replacement was pushed to the kiosk.
2026-07-13 11:57:59.217 +03:00 [INF] HTTP POST /api/auth/login responded 200 in 112.1557 ms
2026-07-13 11:57:59.944 +03:00 [INF] HTTP GET /api/staff responded 200 in 10.3690 ms
2026-07-13 11:58:01.962 +03:00 [INF] HTTP GET /api/slots responded 200 in 2.9261 ms
2026-07-13 11:58:14.715 +03:00 [INF] Expired 1 stale QR token(s); a replacement was pushed to the kiosk.
2026-07-13 11:58:34.718 +03:00 [INF] Expired 1 stale QR token(s); a replacement was pushed to the kiosk.
2026-07-13 11:58:54.716 +03:00 [INF] Expired 1 stale QR token(s); a replacement was pushed to the kiosk.
2026-07-13 11:59:14.719 +03:00 [INF] Expired 1 stale QR token(s); a replacement was pushed to the kiosk.
2026-07-13 11:59:34.704 +03:00 [INF] Expired 1 stale QR token(s); a replacement was pushed to the kiosk.
2026-07-13 11:59:54.714 +03:00 [INF] Expired 1 stale QR token(s); a replacement was pushed to the kiosk.
2026-07-13 12:00:14.707 +03:00 [INF] Expired 1 stale QR token(s); a replacement was pushed to the kiosk.
2026-07-13 12:00:14.809 +03:00 [INF] HTTP PUT /api/slots/12 responded 200 in 10.0539 ms
2026-07-13 12:00:15.066 +03:00 [INF] HTTP GET /api/slots responded 200 in 4.0302 ms
2026-07-13 12:00:27.037 +03:00 [INF] HTTP GET /api/staff responded 200 in 10.4769 ms
2026-07-13 12:00:34.702 +03:00 [INF] Expired 1 stale QR token(s); a replacement was pushed to the kiosk.
2026-07-13 12:00:41.489 +03:00 [INF] HTTP GET /api/reports/daily responded 200 in 12.8913 ms
2026-07-13 12:00:44.114 +03:00 [INF] HTTP GET /api/staff responded 200 in 2.3562 ms
2026-07-13 12:00:54.705 +03:00 [INF] Expired 1 stale QR token(s); a replacement was pushed to the kiosk.
2026-07-13 12:01:07.390 +03:00 [INF] HTTP POST /api/auth/login responded 200 in 123.5905 ms
2026-07-13 12:01:14.087 +03:00 [INF] QR scan attempt: StaffId=16 Token=64d496be… Outcome="TokenExpired" Ip=127.0.0.1
2026-07-13 12:01:14.089 +03:00 [INF] HTTP POST /api/attendance/scan responded 410 in 11.7066 ms
2026-07-13 12:01:14.698 +03:00 [INF] Expired 1 stale QR token(s); a replacement was pushed to the kiosk.
2026-07-13 12:01:34.714 +03:00 [INF] Expired 1 stale QR token(s); a replacement was pushed to the kiosk.
2026-07-13 12:01:42.628 +03:00 [INF] QR scan attempt: StaffId=16 Token=f3c1a61a… Outcome="Success" Ip=127.0.0.1
2026-07-13 12:01:42.637 +03:00 [ERR] HTTP POST /api/attendance/scan responded 500 in 21.6098 ms
Attendance.Application.Exceptions.OutsideScheduleException: No attendance slot is open at this time.
   at Attendance.Application.Services.AttendanceService.RecordAttendanceAsync(Int32 staffId, Int32 qrSessionId) in c:\PROJECTS\employer\src\Attendance.Application\Services\AttendanceService.cs:line 60
   at Attendance.Api.Controllers.AttendanceController.Scan(ScanRequestDto request) in C:\PROJECTS\employer\src\Attendance.Api\Controllers\AttendanceController.cs:line 68
   at Microsoft.AspNetCore.Mvc.Infrastructure.ActionMethodExecutor.TaskOfIActionResultExecutor.Execute(ActionContext actionContext, IActionResultTypeMapper mapper, ObjectMethodExecutor executor, Object controller, Object[] arguments)
   at Microsoft.AspNetCore.Mvc.Infrastructure.ControllerActionInvoker.<InvokeActionMethodAsync>g__Awaited|12_0(ControllerActionInvoker invoker, ValueTask`1 actionResultValueTask)
   at Microsoft.AspNetCore.Mvc.Infrastructure.ControllerActionInvoker.<InvokeNextActionFilterAsync>g__Awaited|10_0(ControllerActionInvoker invoker, Task lastTask, State next, Scope scope, Object state, Boolean isCompleted)
   at Microsoft.AspNetCore.Mvc.Infrastructure.ControllerActionInvoker.Rethrow(ActionExecutedContextSealed context)
   at Microsoft.AspNetCore.Mvc.Infrastructure.ControllerActionInvoker.Next(State& next, Scope& scope, Object& state, Boolean& isCompleted)
   at Microsoft.AspNetCore.Mvc.Infrastructure.ControllerActionInvoker.<InvokeInnerFilterAsync>g__Awaited|13_0(ControllerActionInvoker invoker, Task lastTask, State next, Scope scope, Object state, Boolean isCompleted)
   at Microsoft.AspNetCore.Mvc.Infrastructure.ResourceInvoker.<InvokeFilterPipelineAsync>g__Awaited|20_0(ResourceInvoker invoker, Task lastTask, State next, Scope scope, Object state, Boolean isCompleted)
   at Microsoft.AspNetCore.Mvc.Infrastructure.ResourceInvoker.<InvokeAsync>g__Awaited|17_0(ResourceInvoker invoker, Task task, IDisposable scope)
   at Microsoft.AspNetCore.Mvc.Infrastructure.ResourceInvoker.<InvokeAsync>g__Awaited|17_0(ResourceInvoker invoker, Task task, IDisposable scope)
   at Microsoft.AspNetCore.Authorization.AuthorizationMiddleware.Invoke(HttpContext context)
   at Microsoft.AspNetCore.Authentication.AuthenticationMiddleware.Invoke(HttpContext context)
   at Swashbuckle.AspNetCore.SwaggerUI.SwaggerUIMiddleware.Invoke(HttpContext httpContext)
   at Swashbuckle.AspNetCore.Swagger.SwaggerMiddleware.Invoke(HttpContext httpContext, ISwaggerProvider swaggerProvider)
   at Serilog.AspNetCore.RequestLoggingMiddleware.Invoke(HttpContext httpContext)
2026-07-13 12:01:42.651 +03:00 [WRN] Request fault 422 on POST /api/attendance/scan: No attendance slot is open at this time.
2026-07-13 12:01:59.718 +03:00 [INF] Expired 1 stale QR token(s); a replacement was pushed to the kiosk.
2026-07-13 12:02:19.704 +03:00 [INF] Expired 1 stale QR token(s); a replacement was pushed to the kiosk.
2026-07-13 12:02:24.844 +03:00 [INF] HTTP POST /api/auth/login responded 200 in 126.2289 ms
2026-07-13 12:02:29.809 +03:00 [INF] QR scan attempt: StaffId=17 Token=cc7a7c02… Outcome="Success" Ip=127.0.0.1
2026-07-13 12:02:29.833 +03:00 [ERR] HTTP POST /api/attendance/scan responded 500 in 51.0067 ms
Attendance.Application.Exceptions.OutsideScheduleException: No attendance slot is open at this time.
   at Attendance.Application.Services.AttendanceService.RecordAttendanceAsync(Int32 staffId, Int32 qrSessionId) in c:\PROJECTS\employer\src\Attendance.Application\Services\AttendanceService.cs:line 60
   at Attendance.Api.Controllers.AttendanceController.Scan(ScanRequestDto request) in C:\PROJECTS\employer\src\Attendance.Api\Controllers\AttendanceController.cs:line 68
   at Microsoft.AspNetCore.Mvc.Infrastructure.ActionMethodExecutor.TaskOfIActionResultExecutor.Execute(ActionContext actionContext, IActionResultTypeMapper mapper, ObjectMethodExecutor executor, Object controller, Object[] arguments)
   at Microsoft.AspNetCore.Mvc.Infrastructure.ControllerActionInvoker.<InvokeActionMethodAsync>g__Awaited|12_0(ControllerActionInvoker invoker, ValueTask`1 actionResultValueTask)
   at Microsoft.AspNetCore.Mvc.Infrastructure.ControllerActionInvoker.<InvokeNextActionFilterAsync>g__Awaited|10_0(ControllerActionInvoker invoker, Task lastTask, State next, Scope scope, Object state, Boolean isCompleted)
   at Microsoft.AspNetCore.Mvc.Infrastructure.ControllerActionInvoker.Rethrow(ActionExecutedContextSealed context)
   at Microsoft.AspNetCore.Mvc.Infrastructure.ControllerActionInvoker.Next(State& next, Scope& scope, Object& state, Boolean& isCompleted)
   at Microsoft.AspNetCore.Mvc.Infrastructure.ControllerActionInvoker.<InvokeInnerFilterAsync>g__Awaited|13_0(ControllerActionInvoker invoker, Task lastTask, State next, Scope scope, Object state, Boolean isCompleted)
   at Microsoft.AspNetCore.Mvc.Infrastructure.ResourceInvoker.<InvokeFilterPipelineAsync>g__Awaited|20_0(ResourceInvoker invoker, Task lastTask, State next, Scope scope, Object state, Boolean isCompleted)
   at Microsoft.AspNetCore.Mvc.Infrastructure.ResourceInvoker.<InvokeAsync>g__Awaited|17_0(ResourceInvoker invoker, Task task, IDisposable scope)
   at Microsoft.AspNetCore.Mvc.Infrastructure.ResourceInvoker.<InvokeAsync>g__Awaited|17_0(ResourceInvoker invoker, Task task, IDisposable scope)
   at Microsoft.AspNetCore.Authorization.AuthorizationMiddleware.Invoke(HttpContext context)
   at Microsoft.AspNetCore.Authentication.AuthenticationMiddleware.Invoke(HttpContext context)
   at Swashbuckle.AspNetCore.SwaggerUI.SwaggerUIMiddleware.Invoke(HttpContext httpContext)
   at Swashbuckle.AspNetCore.Swagger.SwaggerMiddleware.Invoke(HttpContext httpContext, ISwaggerProvider swaggerProvider)
   at Serilog.AspNetCore.RequestLoggingMiddleware.Invoke(HttpContext httpContext)
2026-07-13 12:02:29.846 +03:00 [WRN] Request fault 422 on POST /api/attendance/scan: No attendance slot is open at this time.
2026-07-13 12:02:42.956 +03:00 [INF] HTTP GET /api/slots responded 200 in 7.4261 ms
2026-07-13 12:02:49.701 +03:00 [INF] Expired 1 stale QR token(s); a replacement was pushed to the kiosk.
2026-07-13 12:03:02.957 +03:00 [INF] HTTP GET /api/reports/daily responded 200 in 13.4483 ms
2026-07-13 12:03:04.712 +03:00 [INF] Expired 1 stale QR token(s); a replacement was pushed to the kiosk.
2026-07-13 12:03:05.156 +03:00 [INF] HTTP GET /api/slots responded 200 in 2.9504 ms
2026-07-13 12:03:24.708 +03:00 [INF] Expired 1 stale QR token(s); a replacement was pushed to the kiosk.
2026-07-13 12:03:44.701 +03:00 [INF] Expired 1 stale QR token(s); a replacement was pushed to the kiosk.
2026-07-13 12:03:59.711 +03:00 [INF] Expired 1 stale QR token(s); a replacement was pushed to the kiosk.
2026-07-13 12:04:19.706 +03:00 [INF] Expired 1 stale QR token(s); a replacement was pushed to the kiosk.
2026-07-13 12:04:34.711 +03:00 [INF] Expired 1 stale QR token(s); a replacement was pushed to the kiosk.
2026-07-13 12:04:54.715 +03:00 [INF] Expired 1 stale QR token(s); a replacement was pushed to the kiosk.
2026-07-13 12:05:14.709 +03:00 [INF] Expired 1 stale QR token(s); a replacement was pushed to the kiosk.
2026-07-13 12:05:34.704 +03:00 [INF] Expired 1 stale QR token(s); a replacement was pushed to the kiosk.
2026-07-13 12:05:49.720 +03:00 [INF] Expired 1 stale QR token(s); a replacement was pushed to the kiosk.
2026-07-13 12:06:09.705 +03:00 [INF] Expired 1 stale QR token(s); a replacement was pushed to the kiosk.
2026-07-13 12:06:24.714 +03:00 [INF] Expired 1 stale QR token(s); a replacement was pushed to the kiosk.
2026-07-13 12:06:44.702 +03:00 [INF] Expired 1 stale QR token(s); a replacement was pushed to the kiosk.
2026-07-13 12:06:59.713 +03:00 [INF] Expired 1 stale QR token(s); a replacement was pushed to the kiosk.
2026-07-13 12:07:19.700 +03:00 [INF] Expired 1 stale QR token(s); a replacement was pushed to the kiosk.
2026-07-13 12:07:39.701 +03:00 [INF] Expired 1 stale QR token(s); a replacement was pushed to the kiosk.
2026-07-13 12:07:49.638 +03:00 [INF] HTTP PUT /api/slots/12 responded 200 in 11.3284 ms
2026-07-13 12:07:49.891 +03:00 [INF] HTTP GET /api/slots responded 200 in 1.4719 ms
2026-07-13 12:07:59.718 +03:00 [INF] Expired 1 stale QR token(s); a replacement was pushed to the kiosk.
2026-07-13 12:08:19.706 +03:00 [INF] Expired 1 stale QR token(s); a replacement was pushed to the kiosk.
2026-07-13 12:08:23.437 +03:00 [INF] QR scan attempt: StaffId=17 Token=6355cd35… Outcome="Success" Ip=127.0.0.1
2026-07-13 12:08:23.456 +03:00 [INF] HTTP POST /api/attendance/scan responded 200 in 33.4267 ms
2026-07-13 12:08:39.705 +03:00 [INF] Expired 1 stale QR token(s); a replacement was pushed to the kiosk.
2026-07-13 12:08:54.711 +03:00 [INF] Expired 1 stale QR token(s); a replacement was pushed to the kiosk.
2026-07-13 12:09:03.380 +03:00 [INF] HTTP PUT /api/slots/12 responded 200 in 11.4271 ms
2026-07-13 12:09:03.636 +03:00 [INF] HTTP GET /api/slots responded 200 in 4.7282 ms
2026-07-13 12:09:14.714 +03:00 [INF] Expired 1 stale QR token(s); a replacement was pushed to the kiosk.
2026-07-13 12:09:34.709 +03:00 [INF] Expired 1 stale QR token(s); a replacement was pushed to the kiosk.
2026-07-13 12:09:54.705 +03:00 [INF] Expired 1 stale QR token(s); a replacement was pushed to the kiosk.
2026-07-13 12:10:09.717 +03:00 [INF] Expired 1 stale QR token(s); a replacement was pushed to the kiosk.
2026-07-13 12:10:29.700 +03:00 [INF] Expired 1 stale QR token(s); a replacement was pushed to the kiosk.
2026-07-13 12:10:44.712 +03:00 [INF] Expired 1 stale QR token(s); a replacement was pushed to the kiosk.
2026-07-13 12:11:04.706 +03:00 [INF] Expired 1 stale QR token(s); a replacement was pushed to the kiosk.
2026-07-13 12:11:19.719 +03:00 [INF] Expired 1 stale QR token(s); a replacement was pushed to the kiosk.
2026-07-13 12:11:39.702 +03:00 [INF] Expired 1 stale QR token(s); a replacement was pushed to the kiosk.
2026-07-13 12:11:54.712 +03:00 [INF] Expired 1 stale QR token(s); a replacement was pushed to the kiosk.
2026-07-13 12:12:14.707 +03:00 [INF] Expired 1 stale QR token(s); a replacement was pushed to the kiosk.
2026-07-13 12:12:34.699 +03:00 [INF] Expired 1 stale QR token(s); a replacement was pushed to the kiosk.
2026-07-13 12:12:54.734 +03:00 [INF] Expired 1 stale QR token(s); a replacement was pushed to the kiosk.
2026-07-13 12:13:14.710 +03:00 [INF] Expired 1 stale QR token(s); a replacement was pushed to the kiosk.
2026-07-13 12:13:29.718 +03:00 [INF] Expired 1 stale QR token(s); a replacement was pushed to the kiosk.
2026-07-13 12:13:49.704 +03:00 [INF] Expired 1 stale QR token(s); a replacement was pushed to the kiosk.
2026-07-13 12:14:04.721 +03:00 [INF] Expired 1 stale QR token(s); a replacement was pushed to the kiosk.
2026-07-13 12:14:24.705 +03:00 [INF] Expired 1 stale QR token(s); a replacement was pushed to the kiosk.
2026-07-13 12:14:44.703 +03:00 [INF] Expired 1 stale QR token(s); a replacement was pushed to the kiosk.
2026-07-13 12:15:04.718 +03:00 [INF] Expired 1 stale QR token(s); a replacement was pushed to the kiosk.
2026-07-13 12:15:24.706 +03:00 [INF] Expired 1 stale QR token(s); a replacement was pushed to the kiosk.
2026-07-13 12:15:44.711 +03:00 [INF] Expired 1 stale QR token(s); a replacement was pushed to the kiosk.
2026-07-13 12:16:04.701 +03:00 [INF] Expired 1 stale QR token(s); a replacement was pushed to the kiosk.
2026-07-13 12:16:24.711 +03:00 [INF] Expired 1 stale QR token(s); a replacement was pushed to the kiosk.
2026-07-13 12:16:44.705 +03:00 [INF] Expired 1 stale QR token(s); a replacement was pushed to the kiosk.
2026-07-13 12:17:04.705 +03:00 [INF] Expired 1 stale QR token(s); a replacement was pushed to the kiosk.
2026-07-13 12:17:19.714 +03:00 [INF] Expired 1 stale QR token(s); a replacement was pushed to the kiosk.
2026-07-13 12:17:39.702 +03:00 [INF] Expired 1 stale QR token(s); a replacement was pushed to the kiosk.
2026-07-13 12:17:54.713 +03:00 [INF] Expired 1 stale QR token(s); a replacement was pushed to the kiosk.
2026-07-13 12:18:14.709 +03:00 [INF] Expired 1 stale QR token(s); a replacement was pushed to the kiosk.
2026-07-13 12:18:34.722 +03:00 [INF] Expired 1 stale QR token(s); a replacement was pushed to the kiosk.
2026-07-13 12:18:54.708 +03:00 [INF] Expired 1 stale QR token(s); a replacement was pushed to the kiosk.
2026-07-13 12:19:14.701 +03:00 [INF] Expired 1 stale QR token(s); a replacement was pushed to the kiosk.
2026-07-13 12:19:29.719 +03:00 [INF] Expired 1 stale QR token(s); a replacement was pushed to the kiosk.
2026-07-13 12:19:49.705 +03:00 [INF] Expired 1 stale QR token(s); a replacement was pushed to the kiosk.
2026-07-13 12:20:04.711 +03:00 [INF] Expired 1 stale QR token(s); a replacement was pushed to the kiosk.
2026-07-13 12:20:24.709 +03:00 [INF] Expired 1 stale QR token(s); a replacement was pushed to the kiosk.
2026-07-13 12:20:44.703 +03:00 [INF] Expired 1 stale QR token(s); a replacement was pushed to the kiosk.
2026-07-13 12:21:04.708 +03:00 [INF] Expired 1 stale QR token(s); a replacement was pushed to the kiosk.
2026-07-13 12:21:24.704 +03:00 [INF] Expired 1 stale QR token(s); a replacement was pushed to the kiosk.
2026-07-13 12:21:44.708 +03:00 [INF] Expired 1 stale QR token(s); a replacement was pushed to the kiosk.
2026-07-13 12:21:56.684 +03:00 [INF] HTTP GET /api/slots responded 401 in 0.4265 ms
2026-07-13 12:22:04.708 +03:00 [INF] Expired 1 stale QR token(s); a replacement was pushed to the kiosk.
2026-07-13 12:22:07.604 +03:00 [INF] HTTP POST /api/auth/login responded 200 in 132.3675 ms
2026-07-13 12:22:07.764 +03:00 [INF] HTTP GET /api/staff responded 200 in 11.6856 ms
2026-07-13 12:22:12.367 +03:00 [INF] HTTP GET /api/reports/daily responded 200 in 12.0310 ms
2026-07-13 12:22:14.544 +03:00 [INF] HTTP GET /api/slots responded 200 in 9.0215 ms
2026-07-13 12:22:24.701 +03:00 [INF] Expired 1 stale QR token(s); a replacement was pushed to the kiosk.
2026-07-13 12:22:44.710 +03:00 [INF] Expired 1 stale QR token(s); a replacement was pushed to the kiosk.
2026-07-13 12:23:04.711 +03:00 [INF] Expired 1 stale QR token(s); a replacement was pushed to the kiosk.
2026-07-13 12:23:24.708 +03:00 [INF] Expired 1 stale QR token(s); a replacement was pushed to the kiosk.
2026-07-13 12:23:44.703 +03:00 [INF] Expired 1 stale QR token(s); a replacement was pushed to the kiosk.
2026-07-13 12:23:59.714 +03:00 [INF] Expired 1 stale QR token(s); a replacement was pushed to the kiosk.
2026-07-13 12:24:19.699 +03:00 [INF] Expired 1 stale QR token(s); a replacement was pushed to the kiosk.
2026-07-13 12:24:34.711 +03:00 [INF] Expired 1 stale QR token(s); a replacement was pushed to the kiosk.
2026-07-13 12:24:54.698 +03:00 [INF] Expired 1 stale QR token(s); a replacement was pushed to the kiosk.
2026-07-13 12:25:05.255 +03:00 [INF] HTTP PUT /api/slots/12 responded 200 in 11.2720 ms
2026-07-13 12:25:05.510 +03:00 [INF] HTTP GET /api/slots responded 200 in 2.4063 ms
2026-07-13 12:25:09.713 +03:00 [INF] Expired 1 stale QR token(s); a replacement was pushed to the kiosk.
2026-07-13 12:25:29.706 +03:00 [INF] Expired 1 stale QR token(s); a replacement was pushed to the kiosk.
2026-07-13 12:25:49.707 +03:00 [INF] Expired 1 stale QR token(s); a replacement was pushed to the kiosk.
2026-07-13 12:26:01.163 +03:00 [INF] HTTP PUT /api/slots/12 responded 200 in 12.0188 ms
2026-07-13 12:26:01.419 +03:00 [INF] HTTP GET /api/slots responded 200 in 1.9687 ms
2026-07-13 12:26:04.725 +03:00 [INF] Expired 1 stale QR token(s); a replacement was pushed to the kiosk.
2026-07-13 12:26:24.706 +03:00 [INF] Expired 1 stale QR token(s); a replacement was pushed to the kiosk.
2026-07-13 12:26:43.749 +03:00 [INF] HTTP PUT /api/slots/12 responded 200 in 15.5960 ms
2026-07-13 12:26:44.000 +03:00 [INF] HTTP GET /api/slots responded 200 in 3.8289 ms
2026-07-13 12:26:44.723 +03:00 [INF] Expired 1 stale QR token(s); a replacement was pushed to the kiosk.
2026-07-13 12:26:58.484 +03:00 [INF] HTTP GET /api/staff responded 200 in 12.7714 ms
2026-07-13 12:27:04.711 +03:00 [INF] Expired 1 stale QR token(s); a replacement was pushed to the kiosk.
2026-07-13 12:27:24.701 +03:00 [INF] Expired 1 stale QR token(s); a replacement was pushed to the kiosk.
2026-07-13 12:27:44.701 +03:00 [INF] Expired 1 stale QR token(s); a replacement was pushed to the kiosk.
2026-07-13 12:27:59.710 +03:00 [INF] Expired 1 stale QR token(s); a replacement was pushed to the kiosk.
2026-07-13 12:28:19.718 +03:00 [INF] Expired 1 stale QR token(s); a replacement was pushed to the kiosk.
2026-07-13 12:28:39.702 +03:00 [INF] Expired 1 stale QR token(s); a replacement was pushed to the kiosk.
2026-07-13 12:28:54.714 +03:00 [INF] Expired 1 stale QR token(s); a replacement was pushed to the kiosk.
2026-07-13 12:29:14.708 +03:00 [INF] Expired 1 stale QR token(s); a replacement was pushed to the kiosk.
2026-07-13 12:29:34.709 +03:00 [INF] Expired 1 stale QR token(s); a replacement was pushed to the kiosk.
2026-07-13 12:29:54.699 +03:00 [INF] Expired 1 stale QR token(s); a replacement was pushed to the kiosk.
2026-07-13 12:30:09.714 +03:00 [INF] Expired 1 stale QR token(s); a replacement was pushed to the kiosk.
2026-07-13 12:30:29.714 +03:00 [INF] Expired 1 stale QR token(s); a replacement was pushed to the kiosk.
2026-07-13 12:30:49.719 +03:00 [INF] Expired 1 stale QR token(s); a replacement was pushed to the kiosk.
2026-07-13 12:31:09.722 +03:00 [INF] Expired 1 stale QR token(s); a replacement was pushed to the kiosk.
2026-07-13 12:31:29.703 +03:00 [INF] Expired 1 stale QR token(s); a replacement was pushed to the kiosk.
2026-07-13 12:31:40.706 +03:00 [INF] HTTP GET /api/slots responded 200 in 3.9969 ms
2026-07-13 12:31:44.708 +03:00 [INF] Expired 1 stale QR token(s); a replacement was pushed to the kiosk.
2026-07-13 12:31:51.676 +03:00 [INF] HTTP GET /api/staff responded 200 in 14.7944 ms
2026-07-13 12:32:04.704 +03:00 [INF] Expired 1 stale QR token(s); a replacement was pushed to the kiosk.
2026-07-13 12:32:10.358 +03:00 [INF] HTTP POST /api/auth/login responded 200 in 120.1297 ms
2026-07-13 12:32:16.165 +03:00 [INF] QR scan attempt: StaffId=17 Token=a191ff2d… Outcome="Success" Ip=127.0.0.1
2026-07-13 12:32:16.186 +03:00 [ERR] HTTP POST /api/attendance/scan responded 500 in 44.6922 ms
Attendance.Application.Exceptions.OutsideScheduleException: No attendance slot is open at this time.
   at Attendance.Application.Services.AttendanceService.RecordAttendanceAsync(Int32 staffId, Int32 qrSessionId) in c:\PROJECTS\employer\src\Attendance.Application\Services\AttendanceService.cs:line 60
   at Attendance.Api.Controllers.AttendanceController.Scan(ScanRequestDto request) in C:\PROJECTS\employer\src\Attendance.Api\Controllers\AttendanceController.cs:line 68
   at Microsoft.AspNetCore.Mvc.Infrastructure.ActionMethodExecutor.TaskOfIActionResultExecutor.Execute(ActionContext actionContext, IActionResultTypeMapper mapper, ObjectMethodExecutor executor, Object controller, Object[] arguments)
   at Microsoft.AspNetCore.Mvc.Infrastructure.ControllerActionInvoker.<InvokeActionMethodAsync>g__Awaited|12_0(ControllerActionInvoker invoker, ValueTask`1 actionResultValueTask)
   at Microsoft.AspNetCore.Mvc.Infrastructure.ControllerActionInvoker.<InvokeNextActionFilterAsync>g__Awaited|10_0(ControllerActionInvoker invoker, Task lastTask, State next, Scope scope, Object state, Boolean isCompleted)
   at Microsoft.AspNetCore.Mvc.Infrastructure.ControllerActionInvoker.Rethrow(ActionExecutedContextSealed context)
   at Microsoft.AspNetCore.Mvc.Infrastructure.ControllerActionInvoker.Next(State& next, Scope& scope, Object& state, Boolean& isCompleted)
   at Microsoft.AspNetCore.Mvc.Infrastructure.ControllerActionInvoker.<InvokeInnerFilterAsync>g__Awaited|13_0(ControllerActionInvoker invoker, Task lastTask, State next, Scope scope, Object state, Boolean isCompleted)
   at Microsoft.AspNetCore.Mvc.Infrastructure.ResourceInvoker.<InvokeFilterPipelineAsync>g__Awaited|20_0(ResourceInvoker invoker, Task lastTask, State next, Scope scope, Object state, Boolean isCompleted)
   at Microsoft.AspNetCore.Mvc.Infrastructure.ResourceInvoker.<InvokeAsync>g__Awaited|17_0(ResourceInvoker invoker, Task task, IDisposable scope)
   at Microsoft.AspNetCore.Mvc.Infrastructure.ResourceInvoker.<InvokeAsync>g__Awaited|17_0(ResourceInvoker invoker, Task task, IDisposable scope)
   at Microsoft.AspNetCore.Authorization.AuthorizationMiddleware.Invoke(HttpContext context)
   at Microsoft.AspNetCore.Authentication.AuthenticationMiddleware.Invoke(HttpContext context)
   at Swashbuckle.AspNetCore.SwaggerUI.SwaggerUIMiddleware.Invoke(HttpContext httpContext)
   at Swashbuckle.AspNetCore.Swagger.SwaggerMiddleware.Invoke(HttpContext httpContext, ISwaggerProvider swaggerProvider)
   at Serilog.AspNetCore.RequestLoggingMiddleware.Invoke(HttpContext httpContext)
2026-07-13 12:32:16.223 +03:00 [WRN] Request fault 422 on POST /api/attendance/scan: No attendance slot is open at this time.
2026-07-13 12:32:34.707 +03:00 [INF] Expired 1 stale QR token(s); a replacement was pushed to the kiosk.
2026-07-13 12:32:54.712 +03:00 [INF] Expired 1 stale QR token(s); a replacement was pushed to the kiosk.
2026-07-13 12:32:56.264 +03:00 [INF] HTTP POST /api/auth/login responded 200 in 285.1637 ms
2026-07-13 12:33:14.709 +03:00 [INF] Expired 1 stale QR token(s); a replacement was pushed to the kiosk.
2026-07-13 12:33:34.708 +03:00 [INF] Expired 1 stale QR token(s); a replacement was pushed to the kiosk.
2026-07-13 12:33:49.724 +03:00 [INF] Expired 1 stale QR token(s); a replacement was pushed to the kiosk.
2026-07-13 12:34:09.706 +03:00 [INF] Expired 1 stale QR token(s); a replacement was pushed to the kiosk.
2026-07-13 12:34:24.722 +03:00 [INF] Expired 1 stale QR token(s); a replacement was pushed to the kiosk.
2026-07-13 12:34:44.715 +03:00 [INF] Expired 1 stale QR token(s); a replacement was pushed to the kiosk.
2026-07-13 12:34:59.724 +03:00 [INF] Expired 1 stale QR token(s); a replacement was pushed to the kiosk.
2026-07-13 12:35:19.702 +03:00 [INF] Expired 1 stale QR token(s); a replacement was pushed to the kiosk.
2026-07-13 12:35:34.724 +03:00 [INF] Expired 1 stale QR token(s); a replacement was pushed to the kiosk.
2026-07-13 12:35:54.700 +03:00 [INF] Expired 1 stale QR token(s); a replacement was pushed to the kiosk.
2026-07-13 12:36:09.719 +03:00 [INF] Expired 1 stale QR token(s); a replacement was pushed to the kiosk.
2026-07-13 12:36:29.708 +03:00 [INF] Expired 1 stale QR token(s); a replacement was pushed to the kiosk.
2026-07-13 12:36:44.722 +03:00 [INF] Expired 1 stale QR token(s); a replacement was pushed to the kiosk.
2026-07-13 12:37:04.703 +03:00 [INF] Expired 1 stale QR token(s); a replacement was pushed to the kiosk.
2026-07-13 12:37:21.622 +03:00 [INF] HTTP GET /api/staff responded 200 in 10.5362 ms
2026-07-13 12:37:24.709 +03:00 [INF] Expired 1 stale QR token(s); a replacement was pushed to the kiosk.
2026-07-13 12:37:44.720 +03:00 [INF] Expired 1 stale QR token(s); a replacement was pushed to the kiosk.
2026-07-13 12:38:04.715 +03:00 [INF] Expired 1 stale QR token(s); a replacement was pushed to the kiosk.
2026-07-13 12:38:19.724 +03:00 [INF] Expired 1 stale QR token(s); a replacement was pushed to the kiosk.
2026-07-13 12:38:39.703 +03:00 [INF] Expired 1 stale QR token(s); a replacement was pushed to the kiosk.
2026-07-13 12:38:54.767 +03:00 [INF] Expired 1 stale QR token(s); a replacement was pushed to the kiosk.
2026-07-13 12:39:12.502 +03:00 [INF] HTTP POST /api/auth/login responded 200 in 126.3693 ms
2026-07-13 12:39:14.704 +03:00 [INF] Expired 1 stale QR token(s); a replacement was pushed to the kiosk.
2026-07-13 12:39:22.505 +03:00 [INF] HTTP GET /api/slots responded 401 in 0.3374 ms
2026-07-13 12:39:32.831 +03:00 [INF] HTTP POST /api/auth/login responded 200 in 125.2168 ms
2026-07-13 12:39:33.519 +03:00 [INF] HTTP GET /api/staff responded 200 in 8.9062 ms
2026-07-13 12:39:34.711 +03:00 [INF] Expired 1 stale QR token(s); a replacement was pushed to the kiosk.
2026-07-13 12:39:35.200 +03:00 [INF] HTTP GET /api/slots responded 200 in 5.0029 ms
2026-07-13 12:39:54.703 +03:00 [INF] Expired 1 stale QR token(s); a replacement was pushed to the kiosk.
2026-07-13 12:40:12.230 +03:00 [INF] HTTP GET /hubs/attendance responded 101 in 2984440.0067 ms
2026-07-13 12:40:12.745 +03:00 [INF] HTTP POST /hubs/attendance/negotiate responded 200 in 0.4127 ms
2026-07-13 12:40:14.702 +03:00 [INF] Expired 1 stale QR token(s); a replacement was pushed to the kiosk.
2026-07-13 12:40:17.909 +03:00 [INF] QR scan attempt: StaffId=18 Token=4dafb53f… Outcome="Success" Ip=127.0.0.1
2026-07-13 12:40:17.936 +03:00 [ERR] HTTP POST /api/attendance/scan responded 500 in 44.7332 ms
Attendance.Application.Exceptions.OutsideScheduleException: No attendance slot is open at this time.
   at Attendance.Application.Services.AttendanceService.RecordAttendanceAsync(Int32 staffId, Int32 qrSessionId) in c:\PROJECTS\employer\src\Attendance.Application\Services\AttendanceService.cs:line 60
   at Attendance.Api.Controllers.AttendanceController.Scan(ScanRequestDto request) in C:\PROJECTS\employer\src\Attendance.Api\Controllers\AttendanceController.cs:line 68
   at Microsoft.AspNetCore.Mvc.Infrastructure.ActionMethodExecutor.TaskOfIActionResultExecutor.Execute(ActionContext actionContext, IActionResultTypeMapper mapper, ObjectMethodExecutor executor, Object controller, Object[] arguments)
   at Microsoft.AspNetCore.Mvc.Infrastructure.ControllerActionInvoker.<InvokeActionMethodAsync>g__Awaited|12_0(ControllerActionInvoker invoker, ValueTask`1 actionResultValueTask)
   at Microsoft.AspNetCore.Mvc.Infrastructure.ControllerActionInvoker.<InvokeNextActionFilterAsync>g__Awaited|10_0(ControllerActionInvoker invoker, Task lastTask, State next, Scope scope, Object state, Boolean isCompleted)
   at Microsoft.AspNetCore.Mvc.Infrastructure.ControllerActionInvoker.Rethrow(ActionExecutedContextSealed context)
   at Microsoft.AspNetCore.Mvc.Infrastructure.ControllerActionInvoker.Next(State& next, Scope& scope, Object& state, Boolean& isCompleted)
   at Microsoft.AspNetCore.Mvc.Infrastructure.ControllerActionInvoker.<InvokeInnerFilterAsync>g__Awaited|13_0(ControllerActionInvoker invoker, Task lastTask, State next, Scope scope, Object state, Boolean isCompleted)
   at Microsoft.AspNetCore.Mvc.Infrastructure.ResourceInvoker.<InvokeFilterPipelineAsync>g__Awaited|20_0(ResourceInvoker invoker, Task lastTask, State next, Scope scope, Object state, Boolean isCompleted)
   at Microsoft.AspNetCore.Mvc.Infrastructure.ResourceInvoker.<InvokeAsync>g__Awaited|17_0(ResourceInvoker invoker, Task task, IDisposable scope)
   at Microsoft.AspNetCore.Mvc.Infrastructure.ResourceInvoker.<InvokeAsync>g__Awaited|17_0(ResourceInvoker invoker, Task task, IDisposable scope)
   at Microsoft.AspNetCore.Authorization.AuthorizationMiddleware.Invoke(HttpContext context)
   at Microsoft.AspNetCore.Authentication.AuthenticationMiddleware.Invoke(HttpContext context)
   at Swashbuckle.AspNetCore.SwaggerUI.SwaggerUIMiddleware.Invoke(HttpContext httpContext)
   at Swashbuckle.AspNetCore.Swagger.SwaggerMiddleware.Invoke(HttpContext httpContext, ISwaggerProvider swaggerProvider)
   at Serilog.AspNetCore.RequestLoggingMiddleware.Invoke(HttpContext httpContext)
2026-07-13 12:40:17.949 +03:00 [WRN] Request fault 422 on POST /api/attendance/scan: No attendance slot is open at this time.
2026-07-13 12:40:34.711 +03:00 [INF] Expired 1 stale QR token(s); a replacement was pushed to the kiosk.
2026-07-13 12:40:54.697 +03:00 [INF] Expired 1 stale QR token(s); a replacement was pushed to the kiosk.
2026-07-13 12:41:08.462 +03:00 [INF] HTTP PUT /api/slots/12 responded 200 in 12.0629 ms
2026-07-13 12:41:09.107 +03:00 [INF] HTTP GET /api/slots responded 200 in 1.4674 ms
2026-07-13 12:41:09.711 +03:00 [INF] Expired 1 stale QR token(s); a replacement was pushed to the kiosk.
2026-07-13 12:41:20.386 +03:00 [INF] QR scan attempt: StaffId=18 Token=492b3991… Outcome="Success" Ip=127.0.0.1
2026-07-13 12:41:20.401 +03:00 [INF] HTTP POST /api/attendance/scan responded 200 in 29.3975 ms
2026-07-13 12:41:39.722 +03:00 [INF] Expired 1 stale QR token(s); a replacement was pushed to the kiosk.
2026-07-13 12:41:59.708 +03:00 [INF] Expired 1 stale QR token(s); a replacement was pushed to the kiosk.
2026-07-13 12:42:14.727 +03:00 [INF] Expired 1 stale QR token(s); a replacement was pushed to the kiosk.
2026-07-13 12:42:34.711 +03:00 [INF] Expired 1 stale QR token(s); a replacement was pushed to the kiosk.
2026-07-13 12:42:54.709 +03:00 [INF] Expired 1 stale QR token(s); a replacement was pushed to the kiosk.
2026-07-13 12:43:14.706 +03:00 [INF] Expired 1 stale QR token(s); a replacement was pushed to the kiosk.
2026-07-13 12:43:29.716 +03:00 [INF] Expired 1 stale QR token(s); a replacement was pushed to the kiosk.
2026-07-13 12:43:49.715 +03:00 [INF] Expired 1 stale QR token(s); a replacement was pushed to the kiosk.
2026-07-13 12:44:09.706 +03:00 [INF] Expired 1 stale QR token(s); a replacement was pushed to the kiosk.
2026-07-13 12:44:29.719 +03:00 [INF] Expired 1 stale QR token(s); a replacement was pushed to the kiosk.
2026-07-13 12:44:49.703 +03:00 [INF] Expired 1 stale QR token(s); a replacement was pushed to the kiosk.
2026-07-13 12:45:09.709 +03:00 [INF] Expired 1 stale QR token(s); a replacement was pushed to the kiosk.
2026-07-13 12:45:29.716 +03:00 [INF] Expired 1 stale QR token(s); a replacement was pushed to the kiosk.
2026-07-13 12:45:49.712 +03:00 [INF] Expired 1 stale QR token(s); a replacement was pushed to the kiosk.
2026-07-13 12:46:09.711 +03:00 [INF] Expired 1 stale QR token(s); a replacement was pushed to the kiosk.
2026-07-13 12:46:17.406 +03:00 [INF] HTTP GET /hubs/attendance responded 101 in 364015.6623 ms
2026-07-13 12:46:25.181 +03:00 [INF] Expired 1 stale QR token(s); a replacement was pushed to the kiosk.
2026-07-13 12:46:28.061 +03:00 [INF] HTTP POST /hubs/attendance/negotiate responded 200 in 0.4240 ms
2026-07-13 12:46:28.847 +03:00 [INF] HTTP GET /hubs/attendance responded 101 in 146.2889 ms
2026-07-13 13:46:20.945 +03:00 [INF] Expired 1 stale QR token(s); a replacement was pushed to the kiosk.
2026-07-13 13:56:42.517 +03:00 [INF] Expired 1 stale QR token(s); a replacement was pushed to the kiosk.
2026-07-13 13:57:02.515 +03:00 [INF] Expired 1 stale QR token(s); a replacement was pushed to the kiosk.
2026-07-13 13:57:10.689 +03:00 [INF] HTTP GET /api/slots responded 401 in 0.2382 ms
2026-07-13 13:57:22.506 +03:00 [INF] Expired 1 stale QR token(s); a replacement was pushed to the kiosk.
2026-07-13 13:57:37.511 +03:00 [INF] Expired 1 stale QR token(s); a replacement was pushed to the kiosk.
2026-07-13 13:57:52.529 +03:00 [INF] Expired 1 stale QR token(s); a replacement was pushed to the kiosk.
2026-07-13 13:58:12.505 +03:00 [INF] Expired 1 stale QR token(s); a replacement was pushed to the kiosk.
2026-07-13 13:58:32.503 +03:00 [INF] Expired 1 stale QR token(s); a replacement was pushed to the kiosk.
2026-07-13 13:58:39.530 +03:00 [INF] HTTP POST /api/auth/login responded 200 in 115.6256 ms
2026-07-13 13:58:39.747 +03:00 [INF] HTTP GET /api/staff responded 200 in 10.5825 ms
2026-07-13 13:58:47.513 +03:00 [INF] Expired 1 stale QR token(s); a replacement was pushed to the kiosk.
2026-07-13 13:59:07.525 +03:00 [INF] Expired 1 stale QR token(s); a replacement was pushed to the kiosk.
2026-07-13 13:59:19.967 +03:00 [INF] HTTP GET /api/reports/daily responded 200 in 11.7866 ms
2026-07-13 13:59:27.514 +03:00 [INF] Expired 1 stale QR token(s); a replacement was pushed to the kiosk.
2026-07-13 13:59:47.519 +03:00 [INF] Expired 1 stale QR token(s); a replacement was pushed to the kiosk.
2026-07-13 14:00:07.550 +03:00 [INF] Expired 1 stale QR token(s); a replacement was pushed to the kiosk.
2026-07-13 14:00:27.503 +03:00 [INF] Expired 1 stale QR token(s); a replacement was pushed to the kiosk.
2026-07-13 14:00:42.513 +03:00 [INF] Expired 1 stale QR token(s); a replacement was pushed to the kiosk.
2026-07-13 14:01:02.505 +03:00 [INF] Expired 1 stale QR token(s); a replacement was pushed to the kiosk.
2026-07-13 14:01:17.516 +03:00 [INF] Expired 1 stale QR token(s); a replacement was pushed to the kiosk.
2026-07-13 14:01:37.516 +03:00 [INF] Expired 1 stale QR token(s); a replacement was pushed to the kiosk.
2026-07-13 14:01:57.505 +03:00 [INF] Expired 1 stale QR token(s); a replacement was pushed to the kiosk.
2026-07-13 14:02:12.519 +03:00 [INF] Expired 1 stale QR token(s); a replacement was pushed to the kiosk.
2026-07-13 14:02:32.514 +03:00 [INF] Expired 1 stale QR token(s); a replacement was pushed to the kiosk.
2026-07-13 14:02:52.505 +03:00 [INF] Expired 1 stale QR token(s); a replacement was pushed to the kiosk.
2026-07-13 14:03:07.511 +03:00 [INF] Expired 1 stale QR token(s); a replacement was pushed to the kiosk.
2026-07-13 14:03:22.522 +03:00 [INF] Expired 1 stale QR token(s); a replacement was pushed to the kiosk.
2026-07-13 14:03:42.511 +03:00 [INF] Expired 1 stale QR token(s); a replacement was pushed to the kiosk.
2026-07-13 14:04:02.511 +03:00 [INF] Expired 1 stale QR token(s); a replacement was pushed to the kiosk.
2026-07-13 14:04:22.517 +03:00 [INF] Expired 1 stale QR token(s); a replacement was pushed to the kiosk.
2026-07-13 14:04:42.506 +03:00 [INF] Expired 1 stale QR token(s); a replacement was pushed to the kiosk.
2026-07-13 14:05:02.506 +03:00 [INF] Expired 1 stale QR token(s); a replacement was pushed to the kiosk.
2026-07-13 14:05:22.505 +03:00 [INF] Expired 1 stale QR token(s); a replacement was pushed to the kiosk.
2026-07-13 14:05:37.514 +03:00 [INF] Expired 1 stale QR token(s); a replacement was pushed to the kiosk.
2026-07-13 14:05:57.508 +03:00 [INF] Expired 1 stale QR token(s); a replacement was pushed to the kiosk.
2026-07-13 14:06:12.511 +03:00 [INF] Expired 1 stale QR token(s); a replacement was pushed to the kiosk.
2026-07-13 14:06:32.503 +03:00 [INF] Expired 1 stale QR token(s); a replacement was pushed to the kiosk.
2026-07-13 14:06:47.509 +03:00 [INF] Expired 1 stale QR token(s); a replacement was pushed to the kiosk.
2026-07-13 14:07:07.512 +03:00 [INF] Expired 1 stale QR token(s); a replacement was pushed to the kiosk.
2026-07-13 14:07:27.508 +03:00 [INF] Expired 1 stale QR token(s); a replacement was pushed to the kiosk.
2026-07-13 14:07:42.521 +03:00 [INF] Expired 1 stale QR token(s); a replacement was pushed to the kiosk.
2026-07-13 14:08:02.510 +03:00 [INF] Expired 1 stale QR token(s); a replacement was pushed to the kiosk.
2026-07-13 14:08:22.513 +03:00 [INF] Expired 1 stale QR token(s); a replacement was pushed to the kiosk.
2026-07-13 14:08:42.504 +03:00 [INF] Expired 1 stale QR token(s); a replacement was pushed to the kiosk.
2026-07-13 14:09:02.508 +03:00 [INF] Expired 1 stale QR token(s); a replacement was pushed to the kiosk.
2026-07-13 14:09:22.514 +03:00 [INF] Expired 1 stale QR token(s); a replacement was pushed to the kiosk.
2026-07-13 14:09:42.510 +03:00 [INF] Expired 1 stale QR token(s); a replacement was pushed to the kiosk.
2026-07-13 14:10:02.509 +03:00 [INF] Expired 1 stale QR token(s); a replacement was pushed to the kiosk.
2026-07-13 14:10:22.503 +03:00 [INF] Expired 1 stale QR token(s); a replacement was pushed to the kiosk.
2026-07-13 14:10:42.509 +03:00 [INF] Expired 1 stale QR token(s); a replacement was pushed to the kiosk.
2026-07-13 14:11:02.525 +03:00 [INF] Expired 1 stale QR token(s); a replacement was pushed to the kiosk.
2026-07-13 14:11:22.511 +03:00 [INF] Expired 1 stale QR token(s); a replacement was pushed to the kiosk.
2026-07-13 14:11:42.506 +03:00 [INF] Expired 1 stale QR token(s); a replacement was pushed to the kiosk.
2026-07-13 14:11:57.529 +03:00 [INF] Expired 1 stale QR token(s); a replacement was pushed to the kiosk.
2026-07-13 14:12:17.527 +03:00 [INF] Expired 1 stale QR token(s); a replacement was pushed to the kiosk.
2026-07-13 14:12:37.509 +03:00 [INF] Expired 1 stale QR token(s); a replacement was pushed to the kiosk.
2026-07-13 14:12:57.500 +03:00 [INF] Expired 1 stale QR token(s); a replacement was pushed to the kiosk.
2026-07-13 14:13:12.523 +03:00 [INF] Expired 1 stale QR token(s); a replacement was pushed to the kiosk.
2026-07-13 14:13:32.516 +03:00 [INF] Expired 1 stale QR token(s); a replacement was pushed to the kiosk.
2026-07-13 14:13:52.509 +03:00 [INF] Expired 1 stale QR token(s); a replacement was pushed to the kiosk.
2026-07-13 14:14:12.504 +03:00 [INF] Expired 1 stale QR token(s); a replacement was pushed to the kiosk.
2026-07-13 14:14:27.512 +03:00 [INF] Expired 1 stale QR token(s); a replacement was pushed to the kiosk.
2026-07-13 14:14:47.500 +03:00 [INF] Expired 1 stale QR token(s); a replacement was pushed to the kiosk.
2026-07-13 14:15:07.504 +03:00 [INF] Expired 1 stale QR token(s); a replacement was pushed to the kiosk.
2026-07-13 14:15:22.524 +03:00 [INF] Expired 1 stale QR token(s); a replacement was pushed to the kiosk.
2026-07-13 14:15:42.518 +03:00 [INF] Expired 1 stale QR token(s); a replacement was pushed to the kiosk.
2026-07-13 14:16:02.514 +03:00 [INF] Expired 1 stale QR token(s); a replacement was pushed to the kiosk.
2026-07-13 14:16:17.518 +03:00 [INF] Expired 1 stale QR token(s); a replacement was pushed to the kiosk.
2026-07-13 14:16:37.538 +03:00 [INF] Expired 1 stale QR token(s); a replacement was pushed to the kiosk.
2026-07-13 14:16:57.507 +03:00 [INF] Expired 1 stale QR token(s); a replacement was pushed to the kiosk.
2026-07-13 14:17:17.511 +03:00 [INF] Expired 1 stale QR token(s); a replacement was pushed to the kiosk.
2026-07-13 14:17:32.515 +03:00 [INF] Expired 1 stale QR token(s); a replacement was pushed to the kiosk.
2026-07-13 14:17:52.510 +03:00 [INF] Expired 1 stale QR token(s); a replacement was pushed to the kiosk.
2026-07-13 14:18:12.508 +03:00 [INF] Expired 1 stale QR token(s); a replacement was pushed to the kiosk.
2026-07-13 14:18:17.107 +03:00 [INF] Application is shutting down...
