2026-07-11 00:00:05.561 +03:00 [INF] Expired 1 stale QR token(s); a replacement was pushed to the kiosk.
2026-07-11 00:00:25.548 +03:00 [INF] Expired 1 stale QR token(s); a replacement was pushed to the kiosk.
2026-07-11 00:00:45.553 +03:00 [INF] Expired 1 stale QR token(s); a replacement was pushed to the kiosk.
2026-07-11 00:01:05.558 +03:00 [INF] Expired 1 stale QR token(s); a replacement was pushed to the kiosk.
2026-07-11 00:01:25.556 +03:00 [INF] Expired 1 stale QR token(s); a replacement was pushed to the kiosk.
2026-07-11 00:01:45.545 +03:00 [INF] Expired 1 stale QR token(s); a replacement was pushed to the kiosk.
2026-07-11 00:02:00.568 +03:00 [INF] Expired 1 stale QR token(s); a replacement was pushed to the kiosk.
2026-07-11 00:02:20.550 +03:00 [INF] Expired 1 stale QR token(s); a replacement was pushed to the kiosk.
2026-07-11 00:02:40.548 +03:00 [INF] Expired 1 stale QR token(s); a replacement was pushed to the kiosk.
2026-07-11 00:03:00.546 +03:00 [INF] Expired 1 stale QR token(s); a replacement was pushed to the kiosk.
2026-07-11 00:03:15.557 +03:00 [INF] Expired 1 stale QR token(s); a replacement was pushed to the kiosk.
2026-07-11 00:03:35.548 +03:00 [INF] Expired 1 stale QR token(s); a replacement was pushed to the kiosk.
2026-07-11 00:03:55.553 +03:00 [INF] Expired 1 stale QR token(s); a replacement was pushed to the kiosk.
2026-07-11 00:04:10.563 +03:00 [INF] Expired 1 stale QR token(s); a replacement was pushed to the kiosk.
2026-07-11 00:04:30.560 +03:00 [INF] Expired 1 stale QR token(s); a replacement was pushed to the kiosk.
2026-07-11 00:04:50.546 +03:00 [INF] Expired 1 stale QR token(s); a replacement was pushed to the kiosk.
2026-07-11 00:05:05.550 +03:00 [INF] Expired 1 stale QR token(s); a replacement was pushed to the kiosk.
2026-07-11 00:05:25.554 +03:00 [INF] Expired 1 stale QR token(s); a replacement was pushed to the kiosk.
2026-07-11 00:05:45.560 +03:00 [INF] Expired 1 stale QR token(s); a replacement was pushed to the kiosk.
2026-07-11 00:06:05.547 +03:00 [INF] Expired 1 stale QR token(s); a replacement was pushed to the kiosk.
2026-07-11 00:06:20.567 +03:00 [INF] Expired 1 stale QR token(s); a replacement was pushed to the kiosk.
2026-07-11 00:06:40.548 +03:00 [INF] Expired 1 stale QR token(s); a replacement was pushed to the kiosk.
2026-07-11 00:06:55.555 +03:00 [INF] Expired 1 stale QR token(s); a replacement was pushed to the kiosk.
2026-07-11 00:07:15.555 +03:00 [INF] Expired 1 stale QR token(s); a replacement was pushed to the kiosk.
2026-07-11 00:07:35.563 +03:00 [INF] Expired 1 stale QR token(s); a replacement was pushed to the kiosk.
2026-07-11 00:07:55.547 +03:00 [INF] Expired 1 stale QR token(s); a replacement was pushed to the kiosk.
2026-07-11 00:08:10.557 +03:00 [INF] Expired 1 stale QR token(s); a replacement was pushed to the kiosk.
2026-07-11 00:08:30.549 +03:00 [INF] Expired 1 stale QR token(s); a replacement was pushed to the kiosk.
2026-07-11 00:08:50.553 +03:00 [INF] Expired 1 stale QR token(s); a replacement was pushed to the kiosk.
2026-07-11 00:09:10.550 +03:00 [INF] Expired 1 stale QR token(s); a replacement was pushed to the kiosk.
2026-07-11 00:09:30.544 +03:00 [INF] Expired 1 stale QR token(s); a replacement was pushed to the kiosk.
2026-07-11 00:09:45.554 +03:00 [INF] Expired 1 stale QR token(s); a replacement was pushed to the kiosk.
2026-07-11 00:10:05.554 +03:00 [INF] Expired 1 stale QR token(s); a replacement was pushed to the kiosk.
2026-07-11 00:10:25.557 +03:00 [INF] Expired 1 stale QR token(s); a replacement was pushed to the kiosk.
2026-07-11 00:10:45.562 +03:00 [INF] Expired 1 stale QR token(s); a replacement was pushed to the kiosk.
2026-07-11 00:11:05.557 +03:00 [INF] Expired 1 stale QR token(s); a replacement was pushed to the kiosk.
2026-07-11 00:11:25.554 +03:00 [INF] Expired 1 stale QR token(s); a replacement was pushed to the kiosk.
2026-07-11 00:11:45.554 +03:00 [INF] Expired 1 stale QR token(s); a replacement was pushed to the kiosk.
2026-07-11 00:12:05.555 +03:00 [INF] Expired 1 stale QR token(s); a replacement was pushed to the kiosk.
2026-07-11 00:12:25.554 +03:00 [INF] Expired 1 stale QR token(s); a replacement was pushed to the kiosk.
2026-07-11 00:12:45.544 +03:00 [INF] Expired 1 stale QR token(s); a replacement was pushed to the kiosk.
2026-07-11 00:13:05.555 +03:00 [INF] Expired 1 stale QR token(s); a replacement was pushed to the kiosk.
2026-07-11 00:13:25.550 +03:00 [INF] Expired 1 stale QR token(s); a replacement was pushed to the kiosk.
2026-07-11 00:13:45.548 +03:00 [INF] Expired 1 stale QR token(s); a replacement was pushed to the kiosk.
2026-07-11 00:14:05.557 +03:00 [INF] Expired 1 stale QR token(s); a replacement was pushed to the kiosk.
2026-07-11 00:14:25.548 +03:00 [INF] Expired 1 stale QR token(s); a replacement was pushed to the kiosk.
2026-07-11 00:14:40.555 +03:00 [INF] Expired 1 stale QR token(s); a replacement was pushed to the kiosk.
2026-07-11 00:15:00.555 +03:00 [INF] Expired 1 stale QR token(s); a replacement was pushed to the kiosk.
2026-07-11 00:15:20.556 +03:00 [INF] Expired 1 stale QR token(s); a replacement was pushed to the kiosk.
2026-07-11 00:15:40.553 +03:00 [INF] Expired 1 stale QR token(s); a replacement was pushed to the kiosk.
2026-07-11 00:16:00.555 +03:00 [INF] Expired 1 stale QR token(s); a replacement was pushed to the kiosk.
2026-07-11 00:16:20.557 +03:00 [INF] Expired 1 stale QR token(s); a replacement was pushed to the kiosk.
2026-07-11 00:16:40.551 +03:00 [INF] Expired 1 stale QR token(s); a replacement was pushed to the kiosk.
2026-07-11 00:16:55.558 +03:00 [INF] Expired 1 stale QR token(s); a replacement was pushed to the kiosk.
2026-07-11 00:17:15.555 +03:00 [INF] Expired 1 stale QR token(s); a replacement was pushed to the kiosk.
2026-07-11 00:17:30.564 +03:00 [INF] Expired 1 stale QR token(s); a replacement was pushed to the kiosk.
2026-07-11 00:17:50.555 +03:00 [INF] Expired 1 stale QR token(s); a replacement was pushed to the kiosk.
2026-07-11 00:18:10.553 +03:00 [INF] Expired 1 stale QR token(s); a replacement was pushed to the kiosk.
2026-07-11 00:18:30.569 +03:00 [INF] Expired 1 stale QR token(s); a replacement was pushed to the kiosk.
2026-07-11 00:18:50.554 +03:00 [INF] Expired 1 stale QR token(s); a replacement was pushed to the kiosk.
2026-07-11 00:19:10.551 +03:00 [INF] Expired 1 stale QR token(s); a replacement was pushed to the kiosk.
2026-07-11 00:19:30.555 +03:00 [INF] Expired 1 stale QR token(s); a replacement was pushed to the kiosk.
2026-07-11 00:19:50.553 +03:00 [INF] Expired 1 stale QR token(s); a replacement was pushed to the kiosk.
2026-07-11 00:20:10.551 +03:00 [INF] Expired 1 stale QR token(s); a replacement was pushed to the kiosk.
2026-07-11 00:20:30.551 +03:00 [INF] Expired 1 stale QR token(s); a replacement was pushed to the kiosk.
2026-07-11 00:20:50.558 +03:00 [INF] Expired 1 stale QR token(s); a replacement was pushed to the kiosk.
2026-07-11 00:21:10.548 +03:00 [INF] Expired 1 stale QR token(s); a replacement was pushed to the kiosk.
2026-07-11 00:21:25.556 +03:00 [INF] Expired 1 stale QR token(s); a replacement was pushed to the kiosk.
2026-07-11 00:28:27.426 +03:00 [INF] Expired 1 stale QR token(s); a replacement was pushed to the kiosk.
2026-07-11 01:21:40.171 +03:00 [INF] Expired 1 stale QR token(s); a replacement was pushed to the kiosk.
2026-07-11 08:09:59.154 +03:00 [INF] Expired 1 stale QR token(s); a replacement was pushed to the kiosk.
2026-07-11 08:10:19.141 +03:00 [INF] Expired 1 stale QR token(s); a replacement was pushed to the kiosk.
2026-07-11 08:10:39.146 +03:00 [INF] Expired 1 stale QR token(s); a replacement was pushed to the kiosk.
2026-07-11 08:10:59.138 +03:00 [INF] Expired 1 stale QR token(s); a replacement was pushed to the kiosk.
2026-07-11 08:11:19.146 +03:00 [INF] Expired 1 stale QR token(s); a replacement was pushed to the kiosk.
2026-07-11 08:11:39.139 +03:00 [INF] Expired 1 stale QR token(s); a replacement was pushed to the kiosk.
2026-07-11 08:11:59.141 +03:00 [INF] Expired 1 stale QR token(s); a replacement was pushed to the kiosk.
2026-07-11 08:12:14.163 +03:00 [INF] Expired 1 stale QR token(s); a replacement was pushed to the kiosk.
2026-07-11 08:12:34.149 +03:00 [INF] Expired 1 stale QR token(s); a replacement was pushed to the kiosk.
2026-07-11 08:12:54.143 +03:00 [INF] Expired 1 stale QR token(s); a replacement was pushed to the kiosk.
2026-07-11 08:13:14.156 +03:00 [INF] Expired 1 stale QR token(s); a replacement was pushed to the kiosk.
2026-07-11 08:13:34.154 +03:00 [INF] Expired 1 stale QR token(s); a replacement was pushed to the kiosk.
2026-07-11 08:13:54.149 +03:00 [INF] Expired 1 stale QR token(s); a replacement was pushed to the kiosk.
2026-07-11 08:14:14.148 +03:00 [INF] Expired 1 stale QR token(s); a replacement was pushed to the kiosk.
2026-07-11 08:14:34.143 +03:00 [INF] Expired 1 stale QR token(s); a replacement was pushed to the kiosk.
2026-07-11 08:14:49.151 +03:00 [INF] Expired 1 stale QR token(s); a replacement was pushed to the kiosk.
2026-07-11 08:15:04.844 +03:00 [INF] HTTP POST /api/auth/login responded 200 in 145.8685 ms
2026-07-11 08:15:05.039 +03:00 [INF] HTTP GET /api/staff responded 200 in 52.5442 ms
2026-07-11 08:15:09.145 +03:00 [INF] Expired 1 stale QR token(s); a replacement was pushed to the kiosk.
2026-07-11 08:15:19.661 +03:00 [INF] HTTP GET /api/slots responded 200 in 8.0970 ms
2026-07-11 08:15:29.151 +03:00 [INF] Expired 1 stale QR token(s); a replacement was pushed to the kiosk.
2026-07-11 08:15:49.035 +03:00 [ERR] HTTP DELETE /api/slots/3/permanent responded 500 in 7.8922 ms
Attendance.Application.Exceptions.SlotInUseException: Cannot delete 'LunchIn': 6 attendance record(s) reference this slot. Deactivate it instead.
   at Attendance.Application.Services.SlotConfigService.DeleteSlotAsync(Int32 slotId) in C:\PROJECTS\employer\src\Attendance.Application\Services\SlotConfigService.cs:line 66
   at Attendance.Api.Controllers.SlotConfigController.Delete(Int32 id) in C:\PROJECTS\employer\src\Attendance.Api\Controllers\SlotConfigController.cs:line 68
   at Microsoft.AspNetCore.Mvc.Infrastructure.ActionMethodExecutor.TaskOfIActionResultExecutor.Execute(ActionContext actionContext, IActionResultTypeMapper mapper, ObjectMethodExecutor executor, Object controller, Object[] arguments)
   at Microsoft.AspNetCore.Mvc.Infrastructure.ControllerActionInvoker.<InvokeActionMethodAsync>g__Awaited|12_0(ControllerActionInvoker invoker, ValueTask`1 actionResultValueTask)
   at Microsoft.AspNetCore.Mvc.Infrastructure.ControllerActionInvoker.<InvokeNextActionFilterAsync>g__Awaited|10_0(ControllerActionInvoker invoker, Task lastTask, State next, Scope scope, Object state, Boolean isCompleted)
   at Microsoft.AspNetCore.Mvc.Infrastructure.ControllerActionInvoker.Rethrow(ActionExecutedContextSealed context)
   at Microsoft.AspNetCore.Mvc.Infrastructure.ControllerActionInvoker.Next(State& next, Scope& scope, Object& state, Boolean& isCompleted)
   at Microsoft.AspNetCore.Mvc.Infrastructure.ControllerActionInvoker.<InvokeInnerFilterAsync>g__Awaited|13_0(ControllerActionInvoker invoker, Task lastTask, State next, Scope scope, Object state, Boolean isCompleted)
   at Microsoft.AspNetCore.Mvc.Infrastructure.ResourceInvoker.<InvokeFilterPipelineAsync>g__Awaited|20_0(ResourceInvoker invoker, Task lastTask, State next, Scope scope, Object state, Boolean isCompleted)
   at Microsoft.AspNetCore.Mvc.Infrastructure.ResourceInvoker.<InvokeAsync>g__Awaited|17_0(ResourceInvoker invoker, Task task, IDisposable scope)
   at Microsoft.AspNetCore.Mvc.Infrastructure.ResourceInvoker.<InvokeAsync>g__Awaited|17_0(ResourceInvoker invoker, Task task, IDisposable scope)
   at Microsoft.AspNetCore.Authorization.AuthorizationMiddleware.Invoke(HttpContext context)
   at Microsoft.AspNetCore.Authentication.AuthenticationMiddleware.Invoke(HttpContext context)
   at Swashbuckle.AspNetCore.SwaggerUI.SwaggerUIMiddleware.Invoke(HttpContext httpContext)
   at Swashbuckle.AspNetCore.Swagger.SwaggerMiddleware.Invoke(HttpContext httpContext, ISwaggerProvider swaggerProvider)
   at Serilog.AspNetCore.RequestLoggingMiddleware.Invoke(HttpContext httpContext)
2026-07-11 08:15:49.046 +03:00 [WRN] Request fault 409 on DELETE /api/slots/3/permanent: Cannot delete 'LunchIn': 6 attendance record(s) reference this slot. Deactivate it instead.
2026-07-11 08:15:49.139 +03:00 [INF] Expired 1 stale QR token(s); a replacement was pushed to the kiosk.
2026-07-11 08:15:49.804 +03:00 [ERR] HTTP DELETE /api/slots/3/permanent responded 500 in 2.0542 ms
Attendance.Application.Exceptions.SlotInUseException: Cannot delete 'LunchIn': 6 attendance record(s) reference this slot. Deactivate it instead.
   at Attendance.Application.Services.SlotConfigService.DeleteSlotAsync(Int32 slotId) in C:\PROJECTS\employer\src\Attendance.Application\Services\SlotConfigService.cs:line 66
   at Attendance.Api.Controllers.SlotConfigController.Delete(Int32 id) in C:\PROJECTS\employer\src\Attendance.Api\Controllers\SlotConfigController.cs:line 68
   at Microsoft.AspNetCore.Mvc.Infrastructure.ActionMethodExecutor.TaskOfIActionResultExecutor.Execute(ActionContext actionContext, IActionResultTypeMapper mapper, ObjectMethodExecutor executor, Object controller, Object[] arguments)
   at Microsoft.AspNetCore.Mvc.Infrastructure.ControllerActionInvoker.<InvokeActionMethodAsync>g__Awaited|12_0(ControllerActionInvoker invoker, ValueTask`1 actionResultValueTask)
   at Microsoft.AspNetCore.Mvc.Infrastructure.ControllerActionInvoker.<InvokeNextActionFilterAsync>g__Awaited|10_0(ControllerActionInvoker invoker, Task lastTask, State next, Scope scope, Object state, Boolean isCompleted)
   at Microsoft.AspNetCore.Mvc.Infrastructure.ControllerActionInvoker.Rethrow(ActionExecutedContextSealed context)
   at Microsoft.AspNetCore.Mvc.Infrastructure.ControllerActionInvoker.Next(State& next, Scope& scope, Object& state, Boolean& isCompleted)
   at Microsoft.AspNetCore.Mvc.Infrastructure.ControllerActionInvoker.<InvokeInnerFilterAsync>g__Awaited|13_0(ControllerActionInvoker invoker, Task lastTask, State next, Scope scope, Object state, Boolean isCompleted)
   at Microsoft.AspNetCore.Mvc.Infrastructure.ResourceInvoker.<InvokeFilterPipelineAsync>g__Awaited|20_0(ResourceInvoker invoker, Task lastTask, State next, Scope scope, Object state, Boolean isCompleted)
   at Microsoft.AspNetCore.Mvc.Infrastructure.ResourceInvoker.<InvokeAsync>g__Awaited|17_0(ResourceInvoker invoker, Task task, IDisposable scope)
   at Microsoft.AspNetCore.Mvc.Infrastructure.ResourceInvoker.<InvokeAsync>g__Awaited|17_0(ResourceInvoker invoker, Task task, IDisposable scope)
   at Microsoft.AspNetCore.Authorization.AuthorizationMiddleware.Invoke(HttpContext context)
   at Microsoft.AspNetCore.Authentication.AuthenticationMiddleware.Invoke(HttpContext context)
   at Swashbuckle.AspNetCore.SwaggerUI.SwaggerUIMiddleware.Invoke(HttpContext httpContext)
   at Swashbuckle.AspNetCore.Swagger.SwaggerMiddleware.Invoke(HttpContext httpContext, ISwaggerProvider swaggerProvider)
   at Serilog.AspNetCore.RequestLoggingMiddleware.Invoke(HttpContext httpContext)
2026-07-11 08:15:49.810 +03:00 [WRN] Request fault 409 on DELETE /api/slots/3/permanent: Cannot delete 'LunchIn': 6 attendance record(s) reference this slot. Deactivate it instead.
2026-07-11 08:15:50.021 +03:00 [ERR] HTTP DELETE /api/slots/3/permanent responded 500 in 1.9272 ms
Attendance.Application.Exceptions.SlotInUseException: Cannot delete 'LunchIn': 6 attendance record(s) reference this slot. Deactivate it instead.
   at Attendance.Application.Services.SlotConfigService.DeleteSlotAsync(Int32 slotId) in C:\PROJECTS\employer\src\Attendance.Application\Services\SlotConfigService.cs:line 66
   at Attendance.Api.Controllers.SlotConfigController.Delete(Int32 id) in C:\PROJECTS\employer\src\Attendance.Api\Controllers\SlotConfigController.cs:line 68
   at Microsoft.AspNetCore.Mvc.Infrastructure.ActionMethodExecutor.TaskOfIActionResultExecutor.Execute(ActionContext actionContext, IActionResultTypeMapper mapper, ObjectMethodExecutor executor, Object controller, Object[] arguments)
   at Microsoft.AspNetCore.Mvc.Infrastructure.ControllerActionInvoker.<InvokeActionMethodAsync>g__Awaited|12_0(ControllerActionInvoker invoker, ValueTask`1 actionResultValueTask)
   at Microsoft.AspNetCore.Mvc.Infrastructure.ControllerActionInvoker.<InvokeNextActionFilterAsync>g__Awaited|10_0(ControllerActionInvoker invoker, Task lastTask, State next, Scope scope, Object state, Boolean isCompleted)
   at Microsoft.AspNetCore.Mvc.Infrastructure.ControllerActionInvoker.Rethrow(ActionExecutedContextSealed context)
   at Microsoft.AspNetCore.Mvc.Infrastructure.ControllerActionInvoker.Next(State& next, Scope& scope, Object& state, Boolean& isCompleted)
   at Microsoft.AspNetCore.Mvc.Infrastructure.ControllerActionInvoker.<InvokeInnerFilterAsync>g__Awaited|13_0(ControllerActionInvoker invoker, Task lastTask, State next, Scope scope, Object state, Boolean isCompleted)
   at Microsoft.AspNetCore.Mvc.Infrastructure.ResourceInvoker.<InvokeFilterPipelineAsync>g__Awaited|20_0(ResourceInvoker invoker, Task lastTask, State next, Scope scope, Object state, Boolean isCompleted)
   at Microsoft.AspNetCore.Mvc.Infrastructure.ResourceInvoker.<InvokeAsync>g__Awaited|17_0(ResourceInvoker invoker, Task task, IDisposable scope)
   at Microsoft.AspNetCore.Mvc.Infrastructure.ResourceInvoker.<InvokeAsync>g__Awaited|17_0(ResourceInvoker invoker, Task task, IDisposable scope)
   at Microsoft.AspNetCore.Authorization.AuthorizationMiddleware.Invoke(HttpContext context)
   at Microsoft.AspNetCore.Authentication.AuthenticationMiddleware.Invoke(HttpContext context)
   at Swashbuckle.AspNetCore.SwaggerUI.SwaggerUIMiddleware.Invoke(HttpContext httpContext)
   at Swashbuckle.AspNetCore.Swagger.SwaggerMiddleware.Invoke(HttpContext httpContext, ISwaggerProvider swaggerProvider)
   at Serilog.AspNetCore.RequestLoggingMiddleware.Invoke(HttpContext httpContext)
2026-07-11 08:15:50.028 +03:00 [WRN] Request fault 409 on DELETE /api/slots/3/permanent: Cannot delete 'LunchIn': 6 attendance record(s) reference this slot. Deactivate it instead.
2026-07-11 08:15:56.967 +03:00 [ERR] HTTP DELETE /api/slots/3/permanent responded 500 in 2.7498 ms
Attendance.Application.Exceptions.SlotInUseException: Cannot delete 'LunchIn': 6 attendance record(s) reference this slot. Deactivate it instead.
   at Attendance.Application.Services.SlotConfigService.DeleteSlotAsync(Int32 slotId) in C:\PROJECTS\employer\src\Attendance.Application\Services\SlotConfigService.cs:line 66
   at Attendance.Api.Controllers.SlotConfigController.Delete(Int32 id) in C:\PROJECTS\employer\src\Attendance.Api\Controllers\SlotConfigController.cs:line 68
   at Microsoft.AspNetCore.Mvc.Infrastructure.ActionMethodExecutor.TaskOfIActionResultExecutor.Execute(ActionContext actionContext, IActionResultTypeMapper mapper, ObjectMethodExecutor executor, Object controller, Object[] arguments)
   at Microsoft.AspNetCore.Mvc.Infrastructure.ControllerActionInvoker.<InvokeActionMethodAsync>g__Awaited|12_0(ControllerActionInvoker invoker, ValueTask`1 actionResultValueTask)
   at Microsoft.AspNetCore.Mvc.Infrastructure.ControllerActionInvoker.<InvokeNextActionFilterAsync>g__Awaited|10_0(ControllerActionInvoker invoker, Task lastTask, State next, Scope scope, Object state, Boolean isCompleted)
   at Microsoft.AspNetCore.Mvc.Infrastructure.ControllerActionInvoker.Rethrow(ActionExecutedContextSealed context)
   at Microsoft.AspNetCore.Mvc.Infrastructure.ControllerActionInvoker.Next(State& next, Scope& scope, Object& state, Boolean& isCompleted)
   at Microsoft.AspNetCore.Mvc.Infrastructure.ControllerActionInvoker.<InvokeInnerFilterAsync>g__Awaited|13_0(ControllerActionInvoker invoker, Task lastTask, State next, Scope scope, Object state, Boolean isCompleted)
   at Microsoft.AspNetCore.Mvc.Infrastructure.ResourceInvoker.<InvokeFilterPipelineAsync>g__Awaited|20_0(ResourceInvoker invoker, Task lastTask, State next, Scope scope, Object state, Boolean isCompleted)
   at Microsoft.AspNetCore.Mvc.Infrastructure.ResourceInvoker.<InvokeAsync>g__Awaited|17_0(ResourceInvoker invoker, Task task, IDisposable scope)
   at Microsoft.AspNetCore.Mvc.Infrastructure.ResourceInvoker.<InvokeAsync>g__Awaited|17_0(ResourceInvoker invoker, Task task, IDisposable scope)
   at Microsoft.AspNetCore.Authorization.AuthorizationMiddleware.Invoke(HttpContext context)
   at Microsoft.AspNetCore.Authentication.AuthenticationMiddleware.Invoke(HttpContext context)
   at Swashbuckle.AspNetCore.SwaggerUI.SwaggerUIMiddleware.Invoke(HttpContext httpContext)
   at Swashbuckle.AspNetCore.Swagger.SwaggerMiddleware.Invoke(HttpContext httpContext, ISwaggerProvider swaggerProvider)
   at Serilog.AspNetCore.RequestLoggingMiddleware.Invoke(HttpContext httpContext)
2026-07-11 08:15:56.975 +03:00 [WRN] Request fault 409 on DELETE /api/slots/3/permanent: Cannot delete 'LunchIn': 6 attendance record(s) reference this slot. Deactivate it instead.
2026-07-11 08:16:09.141 +03:00 [INF] Expired 1 stale QR token(s); a replacement was pushed to the kiosk.
2026-07-11 08:16:24.152 +03:00 [INF] Expired 1 stale QR token(s); a replacement was pushed to the kiosk.
2026-07-11 08:16:44.163 +03:00 [INF] Expired 1 stale QR token(s); a replacement was pushed to the kiosk.
2026-07-11 08:17:04.143 +03:00 [INF] Expired 1 stale QR token(s); a replacement was pushed to the kiosk.
2026-07-11 08:17:19.154 +03:00 [INF] Expired 1 stale QR token(s); a replacement was pushed to the kiosk.
2026-07-11 08:17:39.149 +03:00 [INF] Expired 1 stale QR token(s); a replacement was pushed to the kiosk.
2026-07-11 08:17:54.257 +03:00 [INF] Expired 1 stale QR token(s); a replacement was pushed to the kiosk.
2026-07-11 08:18:14.153 +03:00 [INF] Expired 1 stale QR token(s); a replacement was pushed to the kiosk.
2026-07-11 08:18:34.143 +03:00 [INF] Expired 1 stale QR token(s); a replacement was pushed to the kiosk.
2026-07-11 08:18:54.142 +03:00 [INF] Expired 1 stale QR token(s); a replacement was pushed to the kiosk.
2026-07-11 08:19:09.148 +03:00 [INF] Expired 1 stale QR token(s); a replacement was pushed to the kiosk.
2026-07-11 08:19:29.166 +03:00 [INF] Expired 1 stale QR token(s); a replacement was pushed to the kiosk.
2026-07-11 08:19:31.156 +03:00 [INF] HTTP GET /api/staff responded 200 in 8.1919 ms
2026-07-11 08:19:49.159 +03:00 [INF] Expired 1 stale QR token(s); a replacement was pushed to the kiosk.
2026-07-11 08:20:02.684 +03:00 [INF] HTTP POST /api/auth/login responded 200 in 126.9308 ms
2026-07-11 08:20:09.156 +03:00 [INF] Expired 1 stale QR token(s); a replacement was pushed to the kiosk.
2026-07-11 08:20:16.119 +03:00 [INF] HTTP POST /hubs/attendance/negotiate responded 200 in 2.7096 ms
2026-07-11 08:20:29.152 +03:00 [INF] Expired 1 stale QR token(s); a replacement was pushed to the kiosk.
2026-07-11 08:20:32.666 +03:00 [INF] QR scan attempt: StaffId=2 Token=a38dea5b… Outcome="Success" Ip=127.0.0.1
2026-07-11 08:20:32.673 +03:00 [ERR] HTTP POST /api/attendance/scan responded 500 in 25.1835 ms
Attendance.Application.Exceptions.OutsideScheduleException: No attendance slot is open at this time.
   at Attendance.Application.Services.AttendanceService.RecordAttendanceAsync(Int32 staffId, Int32 qrSessionId) in C:\PROJECTS\employer\src\Attendance.Application\Services\AttendanceService.cs:line 58
   at Attendance.Api.Controllers.AttendanceController.Scan(ScanRequestDto request) in C:\PROJECTS\employer\src\Attendance.Api\Controllers\AttendanceController.cs:line 68
   at Microsoft.AspNetCore.Mvc.Infrastructure.ActionMethodExecutor.TaskOfIActionResultExecutor.Execute(ActionContext actionContext, IActionResultTypeMapper mapper, ObjectMethodExecutor executor, Object controller, Object[] arguments)
   at Microsoft.AspNetCore.Mvc.Infrastructure.ControllerActionInvoker.<InvokeActionMethodAsync>g__Awaited|12_0(ControllerActionInvoker invoker, ValueTask`1 actionResultValueTask)
   at Microsoft.AspNetCore.Mvc.Infrastructure.ControllerActionInvoker.<InvokeNextActionFilterAsync>g__Awaited|10_0(ControllerActionInvoker invoker, Task lastTask, State next, Scope scope, Object state, Boolean isCompleted)
   at Microsoft.AspNetCore.Mvc.Infrastructure.ControllerActionInvoker.Rethrow(ActionExecutedContextSealed context)
   at Microsoft.AspNetCore.Mvc.Infrastructure.ControllerActionInvoker.Next(State& next, Scope& scope, Object& state, Boolean& isCompleted)
   at Microsoft.AspNetCore.Mvc.Infrastructure.ControllerActionInvoker.<InvokeInnerFilterAsync>g__Awaited|13_0(ControllerActionInvoker invoker, Task lastTask, State next, Scope scope, Object state, Boolean isCompleted)
   at Microsoft.AspNetCore.Mvc.Infrastructure.ResourceInvoker.<InvokeFilterPipelineAsync>g__Awaited|20_0(ResourceInvoker invoker, Task lastTask, State next, Scope scope, Object state, Boolean isCompleted)
   at Microsoft.AspNetCore.Mvc.Infrastructure.ResourceInvoker.<InvokeAsync>g__Awaited|17_0(ResourceInvoker invoker, Task task, IDisposable scope)
   at Microsoft.AspNetCore.Mvc.Infrastructure.ResourceInvoker.<InvokeAsync>g__Awaited|17_0(ResourceInvoker invoker, Task task, IDisposable scope)
   at Microsoft.AspNetCore.Authorization.AuthorizationMiddleware.Invoke(HttpContext context)
   at Microsoft.AspNetCore.Authentication.AuthenticationMiddleware.Invoke(HttpContext context)
   at Swashbuckle.AspNetCore.SwaggerUI.SwaggerUIMiddleware.Invoke(HttpContext httpContext)
   at Swashbuckle.AspNetCore.Swagger.SwaggerMiddleware.Invoke(HttpContext httpContext, ISwaggerProvider swaggerProvider)
   at Serilog.AspNetCore.RequestLoggingMiddleware.Invoke(HttpContext httpContext)
2026-07-11 08:20:32.679 +03:00 [WRN] Request fault 422 on POST /api/attendance/scan: No attendance slot is open at this time.
2026-07-11 08:20:49.155 +03:00 [INF] Expired 1 stale QR token(s); a replacement was pushed to the kiosk.
2026-07-11 08:21:09.152 +03:00 [INF] Expired 1 stale QR token(s); a replacement was pushed to the kiosk.
2026-07-11 08:21:29.147 +03:00 [INF] Expired 1 stale QR token(s); a replacement was pushed to the kiosk.
2026-07-11 08:21:44.152 +03:00 [INF] Expired 1 stale QR token(s); a replacement was pushed to the kiosk.
2026-07-11 08:21:59.192 +03:00 [INF] Expired 1 stale QR token(s); a replacement was pushed to the kiosk.
2026-07-11 08:22:19.162 +03:00 [INF] Expired 1 stale QR token(s); a replacement was pushed to the kiosk.
2026-07-11 08:22:39.148 +03:00 [INF] Expired 1 stale QR token(s); a replacement was pushed to the kiosk.
2026-07-11 08:22:54.161 +03:00 [INF] Expired 1 stale QR token(s); a replacement was pushed to the kiosk.
2026-07-11 08:23:14.155 +03:00 [INF] Expired 1 stale QR token(s); a replacement was pushed to the kiosk.
2026-07-11 08:23:34.146 +03:00 [INF] Expired 1 stale QR token(s); a replacement was pushed to the kiosk.
2026-07-11 08:23:54.158 +03:00 [INF] Expired 1 stale QR token(s); a replacement was pushed to the kiosk.
2026-07-11 08:24:14.150 +03:00 [INF] Expired 1 stale QR token(s); a replacement was pushed to the kiosk.
2026-07-11 08:24:29.158 +03:00 [INF] Expired 1 stale QR token(s); a replacement was pushed to the kiosk.
2026-07-11 08:24:49.149 +03:00 [INF] Expired 1 stale QR token(s); a replacement was pushed to the kiosk.
2026-07-11 08:25:09.140 +03:00 [INF] Expired 1 stale QR token(s); a replacement was pushed to the kiosk.
2026-07-11 08:25:24.157 +03:00 [INF] Expired 1 stale QR token(s); a replacement was pushed to the kiosk.
2026-07-11 08:25:44.140 +03:00 [INF] Expired 1 stale QR token(s); a replacement was pushed to the kiosk.
2026-07-11 08:25:59.155 +03:00 [INF] Expired 1 stale QR token(s); a replacement was pushed to the kiosk.
2026-07-11 08:26:19.143 +03:00 [INF] Expired 1 stale QR token(s); a replacement was pushed to the kiosk.
2026-07-11 08:26:34.150 +03:00 [INF] Expired 1 stale QR token(s); a replacement was pushed to the kiosk.
2026-07-11 08:26:54.141 +03:00 [INF] Expired 1 stale QR token(s); a replacement was pushed to the kiosk.
2026-07-11 08:27:05.067 +03:00 [INF] HTTP GET /api/staff responded 200 in 10.8454 ms
2026-07-11 08:27:14.136 +03:00 [INF] Expired 1 stale QR token(s); a replacement was pushed to the kiosk.
2026-07-11 08:27:29.155 +03:00 [INF] Expired 1 stale QR token(s); a replacement was pushed to the kiosk.
2026-07-11 08:27:43.672 +03:00 [INF] HTTP GET /hubs/attendance responded 101 in 446925.6954 ms
2026-07-11 08:27:44.157 +03:00 [INF] HTTP POST /hubs/attendance/negotiate responded 200 in 1.3788 ms
2026-07-11 08:27:49.145 +03:00 [INF] Expired 1 stale QR token(s); a replacement was pushed to the kiosk.
2026-07-11 08:28:04.153 +03:00 [INF] Expired 1 stale QR token(s); a replacement was pushed to the kiosk.
2026-07-11 08:28:10.733 +03:00 [INF] HTTP POST /api/auth/login responded 200 in 133.1924 ms
2026-07-11 08:28:12.221 +03:00 [INF] QR scan attempt: StaffId=2 Token=6d5b5d2d… Outcome="Success" Ip=127.0.0.1
2026-07-11 08:28:12.229 +03:00 [ERR] HTTP POST /api/attendance/scan responded 500 in 26.0532 ms
Attendance.Application.Exceptions.OutsideScheduleException: No attendance slot is open at this time.
   at Attendance.Application.Services.AttendanceService.RecordAttendanceAsync(Int32 staffId, Int32 qrSessionId) in C:\PROJECTS\employer\src\Attendance.Application\Services\AttendanceService.cs:line 58
   at Attendance.Api.Controllers.AttendanceController.Scan(ScanRequestDto request) in C:\PROJECTS\employer\src\Attendance.Api\Controllers\AttendanceController.cs:line 68
   at Microsoft.AspNetCore.Mvc.Infrastructure.ActionMethodExecutor.TaskOfIActionResultExecutor.Execute(ActionContext actionContext, IActionResultTypeMapper mapper, ObjectMethodExecutor executor, Object controller, Object[] arguments)
   at Microsoft.AspNetCore.Mvc.Infrastructure.ControllerActionInvoker.<InvokeActionMethodAsync>g__Awaited|12_0(ControllerActionInvoker invoker, ValueTask`1 actionResultValueTask)
   at Microsoft.AspNetCore.Mvc.Infrastructure.ControllerActionInvoker.<InvokeNextActionFilterAsync>g__Awaited|10_0(ControllerActionInvoker invoker, Task lastTask, State next, Scope scope, Object state, Boolean isCompleted)
   at Microsoft.AspNetCore.Mvc.Infrastructure.ControllerActionInvoker.Rethrow(ActionExecutedContextSealed context)
   at Microsoft.AspNetCore.Mvc.Infrastructure.ControllerActionInvoker.Next(State& next, Scope& scope, Object& state, Boolean& isCompleted)
   at Microsoft.AspNetCore.Mvc.Infrastructure.ControllerActionInvoker.<InvokeInnerFilterAsync>g__Awaited|13_0(ControllerActionInvoker invoker, Task lastTask, State next, Scope scope, Object state, Boolean isCompleted)
   at Microsoft.AspNetCore.Mvc.Infrastructure.ResourceInvoker.<InvokeFilterPipelineAsync>g__Awaited|20_0(ResourceInvoker invoker, Task lastTask, State next, Scope scope, Object state, Boolean isCompleted)
   at Microsoft.AspNetCore.Mvc.Infrastructure.ResourceInvoker.<InvokeAsync>g__Awaited|17_0(ResourceInvoker invoker, Task task, IDisposable scope)
   at Microsoft.AspNetCore.Mvc.Infrastructure.ResourceInvoker.<InvokeAsync>g__Awaited|17_0(ResourceInvoker invoker, Task task, IDisposable scope)
   at Microsoft.AspNetCore.Authorization.AuthorizationMiddleware.Invoke(HttpContext context)
   at Microsoft.AspNetCore.Authentication.AuthenticationMiddleware.Invoke(HttpContext context)
   at Swashbuckle.AspNetCore.SwaggerUI.SwaggerUIMiddleware.Invoke(HttpContext httpContext)
   at Swashbuckle.AspNetCore.Swagger.SwaggerMiddleware.Invoke(HttpContext httpContext, ISwaggerProvider swaggerProvider)
   at Serilog.AspNetCore.RequestLoggingMiddleware.Invoke(HttpContext httpContext)
2026-07-11 08:28:12.243 +03:00 [WRN] Request fault 422 on POST /api/attendance/scan: No attendance slot is open at this time.
2026-07-11 08:28:29.138 +03:00 [INF] Expired 1 stale QR token(s); a replacement was pushed to the kiosk.
2026-07-11 08:28:32.059 +03:00 [INF] HTTP GET /api/slots responded 200 in 3.5847 ms
2026-07-11 08:28:49.151 +03:00 [INF] Expired 1 stale QR token(s); a replacement was pushed to the kiosk.
2026-07-11 08:29:05.933 +03:00 [INF] HTTP GET /hubs/attendance responded 101 in 81151.6788 ms
2026-07-11 08:29:09.149 +03:00 [INF] Expired 1 stale QR token(s); a replacement was pushed to the kiosk.
2026-07-11 08:29:29.146 +03:00 [INF] Expired 1 stale QR token(s); a replacement was pushed to the kiosk.
2026-07-11 08:29:49.141 +03:00 [INF] Expired 1 stale QR token(s); a replacement was pushed to the kiosk.
2026-07-11 08:30:09.144 +03:00 [INF] Expired 1 stale QR token(s); a replacement was pushed to the kiosk.
2026-07-11 08:30:19.582 +03:00 [INF] Application is shutting down...
2026-07-11 08:30:39.013 +03:00 [WRN] The 'StaffStatus' property 'Status' on entity type 'Staff' is configured with a database-generated default, but has no configured sentinel value. The database-generated default will always be used for inserts when the property has the value 'Inactive', since this is the CLR default for the 'StaffStatus' type. Consider using a nullable type, using a nullable backing field, or setting the sentinel value for the property to ensure the database default is used when, and only when, appropriate. See https://aka.ms/efcore-docs-default-values for more information.
2026-07-11 08:30:40.768 +03:00 [INF] Seeded 2 attendance slot(s): LunchOut, EveningOut
2026-07-11 08:30:40.992 +03:00 [INF] Kiosk QR deep-link base: http://192.168.1.4:4200/scan — phones must be able to reach this host.
2026-07-11 08:30:41.065 +03:00 [INF] QR token expiry sweep started (interval 5s).
2026-07-11 08:30:41.132 +03:00 [INF] Now listening on: http://0.0.0.0:5080
2026-07-11 08:30:41.133 +03:00 [INF] Application started. Press Ctrl+C to shut down.
2026-07-11 08:30:41.134 +03:00 [INF] Hosting environment: Development
2026-07-11 08:30:41.134 +03:00 [INF] Content root path: C:\PROJECTS\employer\src\Attendance.Api
2026-07-11 08:30:46.852 +03:00 [INF] Expired 1 stale QR token(s); a replacement was pushed to the kiosk.
2026-07-11 08:31:06.118 +03:00 [INF] Expired 1 stale QR token(s); a replacement was pushed to the kiosk.
2026-07-11 08:31:21.101 +03:00 [INF] Expired 1 stale QR token(s); a replacement was pushed to the kiosk.
2026-07-11 08:31:41.090 +03:00 [INF] Expired 1 stale QR token(s); a replacement was pushed to the kiosk.
2026-07-11 08:32:01.093 +03:00 [INF] Expired 1 stale QR token(s); a replacement was pushed to the kiosk.
2026-07-11 08:32:21.103 +03:00 [INF] Expired 1 stale QR token(s); a replacement was pushed to the kiosk.
2026-07-11 08:32:36.113 +03:00 [INF] Expired 1 stale QR token(s); a replacement was pushed to the kiosk.
2026-07-11 08:32:56.095 +03:00 [INF] Expired 1 stale QR token(s); a replacement was pushed to the kiosk.
2026-07-11 08:33:01.788 +03:00 [WRN] Failed to determine the https port for redirect.
2026-07-11 08:33:01.846 +03:00 [INF] HTTP POST /hubs/attendance/negotiate responded 200 in 125.8906 ms
2026-07-11 08:33:11.148 +03:00 [INF] Expired 1 stale QR token(s); a replacement was pushed to the kiosk.
2026-07-11 08:33:31.090 +03:00 [INF] Expired 1 stale QR token(s); a replacement was pushed to the kiosk.
2026-07-11 08:33:51.097 +03:00 [INF] Expired 1 stale QR token(s); a replacement was pushed to the kiosk.
2026-07-11 08:34:06.105 +03:00 [INF] Expired 1 stale QR token(s); a replacement was pushed to the kiosk.
2026-07-11 08:34:08.401 +03:00 [INF] HTTP POST /api/auth/login responded 200 in 392.7094 ms
2026-07-11 08:34:11.367 +03:00 [INF] QR scan attempt: StaffId=2 Token=1f1a890b… Outcome="Success" Ip=127.0.0.1
2026-07-11 08:34:11.576 +03:00 [INF] HTTP POST /api/attendance/scan responded 200 in 319.6281 ms
2026-07-11 08:34:31.097 +03:00 [INF] Expired 1 stale QR token(s); a replacement was pushed to the kiosk.
2026-07-11 08:34:44.578 +03:00 [INF] HTTP POST /api/auth/login responded 200 in 141.9734 ms
2026-07-11 08:34:44.891 +03:00 [INF] HTTP GET /api/staff responded 200 in 128.3899 ms
2026-07-11 08:34:51.197 +03:00 [INF] Expired 1 stale QR token(s); a replacement was pushed to the kiosk.
2026-07-11 08:34:51.217 +03:00 [INF] HTTP GET /api/slots responded 200 in 139.9257 ms
2026-07-11 08:35:11.097 +03:00 [INF] Expired 1 stale QR token(s); a replacement was pushed to the kiosk.
2026-07-11 08:35:31.087 +03:00 [INF] Expired 1 stale QR token(s); a replacement was pushed to the kiosk.
2026-07-11 08:35:35.960 +03:00 [ERR] HTTP DELETE /api/slots/3/permanent responded 500 in 38.8292 ms
Attendance.Application.Exceptions.SlotInUseException: Cannot delete 'LunchIn': 6 attendance record(s) reference this slot. Deactivate it instead.
   at Attendance.Application.Services.SlotConfigService.DeleteSlotAsync(Int32 slotId) in C:\PROJECTS\employer\src\Attendance.Application\Services\SlotConfigService.cs:line 66
   at Attendance.Api.Controllers.SlotConfigController.Delete(Int32 id) in C:\PROJECTS\employer\src\Attendance.Api\Controllers\SlotConfigController.cs:line 68
   at Microsoft.AspNetCore.Mvc.Infrastructure.ActionMethodExecutor.TaskOfIActionResultExecutor.Execute(ActionContext actionContext, IActionResultTypeMapper mapper, ObjectMethodExecutor executor, Object controller, Object[] arguments)
   at Microsoft.AspNetCore.Mvc.Infrastructure.ControllerActionInvoker.<InvokeActionMethodAsync>g__Awaited|12_0(ControllerActionInvoker invoker, ValueTask`1 actionResultValueTask)
   at Microsoft.AspNetCore.Mvc.Infrastructure.ControllerActionInvoker.<InvokeNextActionFilterAsync>g__Awaited|10_0(ControllerActionInvoker invoker, Task lastTask, State next, Scope scope, Object state, Boolean isCompleted)
   at Microsoft.AspNetCore.Mvc.Infrastructure.ControllerActionInvoker.Rethrow(ActionExecutedContextSealed context)
   at Microsoft.AspNetCore.Mvc.Infrastructure.ControllerActionInvoker.Next(State& next, Scope& scope, Object& state, Boolean& isCompleted)
   at Microsoft.AspNetCore.Mvc.Infrastructure.ControllerActionInvoker.<InvokeInnerFilterAsync>g__Awaited|13_0(ControllerActionInvoker invoker, Task lastTask, State next, Scope scope, Object state, Boolean isCompleted)
   at Microsoft.AspNetCore.Mvc.Infrastructure.ResourceInvoker.<InvokeFilterPipelineAsync>g__Awaited|20_0(ResourceInvoker invoker, Task lastTask, State next, Scope scope, Object state, Boolean isCompleted)
   at Microsoft.AspNetCore.Mvc.Infrastructure.ResourceInvoker.<InvokeAsync>g__Awaited|17_0(ResourceInvoker invoker, Task task, IDisposable scope)
   at Microsoft.AspNetCore.Mvc.Infrastructure.ResourceInvoker.<InvokeAsync>g__Awaited|17_0(ResourceInvoker invoker, Task task, IDisposable scope)
   at Microsoft.AspNetCore.Authorization.AuthorizationMiddleware.Invoke(HttpContext context)
   at Microsoft.AspNetCore.Authentication.AuthenticationMiddleware.Invoke(HttpContext context)
   at Swashbuckle.AspNetCore.SwaggerUI.SwaggerUIMiddleware.Invoke(HttpContext httpContext)
   at Swashbuckle.AspNetCore.Swagger.SwaggerMiddleware.Invoke(HttpContext httpContext, ISwaggerProvider swaggerProvider)
   at Serilog.AspNetCore.RequestLoggingMiddleware.Invoke(HttpContext httpContext)
2026-07-11 08:35:36.185 +03:00 [WRN] Request fault 409 on DELETE /api/slots/3/permanent: Cannot delete 'LunchIn': 6 attendance record(s) reference this slot. Deactivate it instead.
2026-07-11 08:35:51.087 +03:00 [INF] Expired 1 stale QR token(s); a replacement was pushed to the kiosk.
2026-07-11 08:35:58.438 +03:00 [INF] HTTP GET /api/staff responded 200 in 18.9210 ms
2026-07-11 08:36:06.097 +03:00 [INF] Expired 1 stale QR token(s); a replacement was pushed to the kiosk.
2026-07-11 08:36:17.321 +03:00 [INF] HTTP GET /api/staff/2 responded 200 in 34.9895 ms
2026-07-11 08:36:17.988 +03:00 [INF] HTTP GET /staff-photos/EMP-0002/EMP-0002.png responded 200 in 26.8445 ms
2026-07-11 08:36:26.088 +03:00 [INF] Expired 1 stale QR token(s); a replacement was pushed to the kiosk.
2026-07-11 08:36:34.601 +03:00 [INF] HTTP GET /api/staff responded 200 in 16.2274 ms
2026-07-11 08:36:42.229 +03:00 [INF] HTTP GET /api/staff responded 200 in 13.6424 ms
2026-07-11 08:36:46.088 +03:00 [INF] Expired 1 stale QR token(s); a replacement was pushed to the kiosk.
2026-07-11 08:37:06.092 +03:00 [INF] Expired 1 stale QR token(s); a replacement was pushed to the kiosk.
2026-07-11 08:37:26.097 +03:00 [INF] Expired 1 stale QR token(s); a replacement was pushed to the kiosk.
2026-07-11 08:37:46.080 +03:00 [INF] Expired 1 stale QR token(s); a replacement was pushed to the kiosk.
2026-07-11 08:37:47.375 +03:00 [INF] HTTP GET /api/slots responded 200 in 6.2814 ms
2026-07-11 08:38:06.084 +03:00 [INF] Expired 1 stale QR token(s); a replacement was pushed to the kiosk.
2026-07-11 08:38:26.087 +03:00 [INF] Expired 1 stale QR token(s); a replacement was pushed to the kiosk.
2026-07-11 08:38:46.084 +03:00 [INF] Expired 1 stale QR token(s); a replacement was pushed to the kiosk.
2026-07-11 08:39:06.086 +03:00 [INF] Expired 1 stale QR token(s); a replacement was pushed to the kiosk.
2026-07-11 08:39:26.090 +03:00 [INF] Expired 1 stale QR token(s); a replacement was pushed to the kiosk.
2026-07-11 08:39:44.784 +03:00 [INF] HTTP GET /hubs/attendance responded 101 in 402310.9192 ms
2026-07-11 08:39:46.091 +03:00 [INF] Expired 1 stale QR token(s); a replacement was pushed to the kiosk.
2026-07-11 08:40:06.079 +03:00 [INF] Expired 1 stale QR token(s); a replacement was pushed to the kiosk.
2026-07-11 08:40:21.109 +03:00 [INF] Expired 1 stale QR token(s); a replacement was pushed to the kiosk.
2026-07-11 08:40:36.107 +03:00 [INF] Expired 1 stale QR token(s); a replacement was pushed to the kiosk.
2026-07-11 08:40:56.090 +03:00 [INF] Expired 1 stale QR token(s); a replacement was pushed to the kiosk.
2026-07-11 08:41:16.089 +03:00 [INF] Expired 1 stale QR token(s); a replacement was pushed to the kiosk.
2026-07-11 08:41:36.091 +03:00 [INF] Expired 1 stale QR token(s); a replacement was pushed to the kiosk.
2026-07-11 08:41:56.084 +03:00 [INF] Expired 1 stale QR token(s); a replacement was pushed to the kiosk.
2026-07-11 08:42:16.120 +03:00 [INF] Expired 1 stale QR token(s); a replacement was pushed to the kiosk.
2026-07-11 08:42:36.094 +03:00 [INF] Expired 1 stale QR token(s); a replacement was pushed to the kiosk.
2026-07-11 08:42:56.093 +03:00 [INF] Expired 1 stale QR token(s); a replacement was pushed to the kiosk.
2026-07-11 08:43:16.080 +03:00 [INF] Expired 1 stale QR token(s); a replacement was pushed to the kiosk.
2026-07-11 08:43:31.090 +03:00 [INF] Expired 1 stale QR token(s); a replacement was pushed to the kiosk.
2026-07-11 08:43:51.077 +03:00 [INF] Expired 1 stale QR token(s); a replacement was pushed to the kiosk.
2026-07-11 08:44:11.087 +03:00 [INF] Expired 1 stale QR token(s); a replacement was pushed to the kiosk.
2026-07-11 08:44:31.077 +03:00 [INF] Expired 1 stale QR token(s); a replacement was pushed to the kiosk.
2026-07-11 08:44:46.094 +03:00 [INF] Expired 1 stale QR token(s); a replacement was pushed to the kiosk.
2026-07-11 08:45:06.089 +03:00 [INF] Expired 1 stale QR token(s); a replacement was pushed to the kiosk.
2026-07-11 08:45:26.084 +03:00 [INF] Expired 1 stale QR token(s); a replacement was pushed to the kiosk.
2026-07-11 08:45:46.082 +03:00 [INF] Expired 1 stale QR token(s); a replacement was pushed to the kiosk.
2026-07-11 08:46:06.085 +03:00 [INF] Expired 1 stale QR token(s); a replacement was pushed to the kiosk.
2026-07-11 08:46:26.088 +03:00 [INF] Expired 1 stale QR token(s); a replacement was pushed to the kiosk.
2026-07-11 08:46:46.083 +03:00 [INF] Expired 1 stale QR token(s); a replacement was pushed to the kiosk.
2026-07-11 08:47:06.073 +03:00 [INF] Expired 1 stale QR token(s); a replacement was pushed to the kiosk.
2026-07-11 08:47:21.098 +03:00 [INF] Expired 1 stale QR token(s); a replacement was pushed to the kiosk.
2026-07-11 08:47:41.076 +03:00 [INF] Expired 1 stale QR token(s); a replacement was pushed to the kiosk.
2026-07-11 08:48:01.079 +03:00 [INF] Expired 1 stale QR token(s); a replacement was pushed to the kiosk.
2026-07-11 08:48:21.085 +03:00 [INF] Expired 1 stale QR token(s); a replacement was pushed to the kiosk.
2026-07-11 08:48:36.088 +03:00 [INF] Expired 1 stale QR token(s); a replacement was pushed to the kiosk.
2026-07-11 08:48:56.088 +03:00 [INF] Expired 1 stale QR token(s); a replacement was pushed to the kiosk.
2026-07-11 08:49:16.089 +03:00 [INF] Expired 1 stale QR token(s); a replacement was pushed to the kiosk.
2026-07-11 08:49:36.081 +03:00 [INF] Expired 1 stale QR token(s); a replacement was pushed to the kiosk.
2026-07-11 08:49:56.084 +03:00 [INF] Expired 1 stale QR token(s); a replacement was pushed to the kiosk.
2026-07-11 08:50:16.081 +03:00 [INF] Expired 1 stale QR token(s); a replacement was pushed to the kiosk.
2026-07-11 08:50:31.092 +03:00 [INF] Expired 1 stale QR token(s); a replacement was pushed to the kiosk.
2026-07-11 08:50:51.079 +03:00 [INF] Expired 1 stale QR token(s); a replacement was pushed to the kiosk.
2026-07-11 08:51:06.087 +03:00 [INF] Expired 1 stale QR token(s); a replacement was pushed to the kiosk.
2026-07-11 08:51:26.077 +03:00 [INF] Expired 1 stale QR token(s); a replacement was pushed to the kiosk.
2026-07-11 08:51:46.076 +03:00 [INF] Expired 1 stale QR token(s); a replacement was pushed to the kiosk.
2026-07-11 08:52:01.087 +03:00 [INF] Expired 1 stale QR token(s); a replacement was pushed to the kiosk.
2026-07-11 08:52:21.073 +03:00 [INF] Expired 1 stale QR token(s); a replacement was pushed to the kiosk.
2026-07-11 08:52:36.086 +03:00 [INF] Expired 1 stale QR token(s); a replacement was pushed to the kiosk.
2026-07-11 08:52:56.078 +03:00 [INF] Expired 1 stale QR token(s); a replacement was pushed to the kiosk.
2026-07-11 08:53:11.081 +03:00 [INF] Expired 1 stale QR token(s); a replacement was pushed to the kiosk.
2026-07-11 08:53:31.083 +03:00 [INF] Expired 1 stale QR token(s); a replacement was pushed to the kiosk.
2026-07-11 08:53:45.123 +03:00 [INF] HTTP GET /api/slots responded 401 in 7.0343 ms
2026-07-11 08:53:51.090 +03:00 [INF] Expired 1 stale QR token(s); a replacement was pushed to the kiosk.
2026-07-11 08:54:01.250 +03:00 [INF] HTTP POST /api/auth/login responded 200 in 101.5552 ms
2026-07-11 08:54:01.481 +03:00 [INF] HTTP GET /api/staff responded 200 in 13.8739 ms
2026-07-11 08:54:11.082 +03:00 [INF] Expired 1 stale QR token(s); a replacement was pushed to the kiosk.
2026-07-11 08:54:31.074 +03:00 [INF] Expired 1 stale QR token(s); a replacement was pushed to the kiosk.
2026-07-11 08:54:51.091 +03:00 [INF] Expired 1 stale QR token(s); a replacement was pushed to the kiosk.
2026-07-11 08:55:11.091 +03:00 [INF] Expired 1 stale QR token(s); a replacement was pushed to the kiosk.
2026-07-11 08:55:31.076 +03:00 [INF] Expired 1 stale QR token(s); a replacement was pushed to the kiosk.
2026-07-11 08:55:46.081 +03:00 [INF] Expired 1 stale QR token(s); a replacement was pushed to the kiosk.
2026-07-11 08:56:06.090 +03:00 [INF] Expired 1 stale QR token(s); a replacement was pushed to the kiosk.
2026-07-11 08:56:26.085 +03:00 [INF] Expired 1 stale QR token(s); a replacement was pushed to the kiosk.
2026-07-11 08:56:27.171 +03:00 [INF] HTTP POST /hubs/attendance/negotiate responded 200 in 0.7321 ms
2026-07-11 08:56:46.073 +03:00 [INF] Expired 1 stale QR token(s); a replacement was pushed to the kiosk.
2026-07-11 08:57:06.087 +03:00 [INF] Expired 1 stale QR token(s); a replacement was pushed to the kiosk.
2026-07-11 08:57:26.089 +03:00 [INF] Expired 1 stale QR token(s); a replacement was pushed to the kiosk.
2026-07-11 08:57:46.082 +03:00 [INF] Expired 1 stale QR token(s); a replacement was pushed to the kiosk.
2026-07-11 08:58:01.089 +03:00 [INF] Expired 1 stale QR token(s); a replacement was pushed to the kiosk.
2026-07-11 08:58:16.098 +03:00 [INF] Expired 1 stale QR token(s); a replacement was pushed to the kiosk.
2026-07-11 08:58:36.085 +03:00 [INF] Expired 1 stale QR token(s); a replacement was pushed to the kiosk.
2026-07-11 08:58:52.042 +03:00 [INF] HTTP POST /api/attendance/scan responded 401 in 0.7937 ms
2026-07-11 08:58:56.074 +03:00 [INF] Expired 1 stale QR token(s); a replacement was pushed to the kiosk.
2026-07-11 08:59:11.078 +03:00 [INF] Expired 1 stale QR token(s); a replacement was pushed to the kiosk.
2026-07-11 08:59:13.847 +03:00 [INF] HTTP POST /api/auth/login responded 200 in 105.6595 ms
2026-07-11 08:59:15.516 +03:00 [INF] QR scan attempt: StaffId=2 Token=0905ed10… Outcome="Success" Ip=127.0.0.1
2026-07-11 08:59:15.530 +03:00 [ERR] HTTP POST /api/attendance/scan responded 500 in 34.4171 ms
Attendance.Application.Exceptions.DuplicateAttendanceException: You have already checked in for this slot today.
   at Attendance.Application.Services.AttendanceService.RecordAttendanceAsync(Int32 staffId, Int32 qrSessionId) in C:\PROJECTS\employer\src\Attendance.Application\Services\AttendanceService.cs:line 67
   at Attendance.Api.Controllers.AttendanceController.Scan(ScanRequestDto request) in C:\PROJECTS\employer\src\Attendance.Api\Controllers\AttendanceController.cs:line 68
   at Microsoft.AspNetCore.Mvc.Infrastructure.ActionMethodExecutor.TaskOfIActionResultExecutor.Execute(ActionContext actionContext, IActionResultTypeMapper mapper, ObjectMethodExecutor executor, Object controller, Object[] arguments)
   at Microsoft.AspNetCore.Mvc.Infrastructure.ControllerActionInvoker.<InvokeActionMethodAsync>g__Awaited|12_0(ControllerActionInvoker invoker, ValueTask`1 actionResultValueTask)
   at Microsoft.AspNetCore.Mvc.Infrastructure.ControllerActionInvoker.<InvokeNextActionFilterAsync>g__Awaited|10_0(ControllerActionInvoker invoker, Task lastTask, State next, Scope scope, Object state, Boolean isCompleted)
   at Microsoft.AspNetCore.Mvc.Infrastructure.ControllerActionInvoker.Rethrow(ActionExecutedContextSealed context)
   at Microsoft.AspNetCore.Mvc.Infrastructure.ControllerActionInvoker.Next(State& next, Scope& scope, Object& state, Boolean& isCompleted)
   at Microsoft.AspNetCore.Mvc.Infrastructure.ControllerActionInvoker.<InvokeInnerFilterAsync>g__Awaited|13_0(ControllerActionInvoker invoker, Task lastTask, State next, Scope scope, Object state, Boolean isCompleted)
   at Microsoft.AspNetCore.Mvc.Infrastructure.ResourceInvoker.<InvokeFilterPipelineAsync>g__Awaited|20_0(ResourceInvoker invoker, Task lastTask, State next, Scope scope, Object state, Boolean isCompleted)
   at Microsoft.AspNetCore.Mvc.Infrastructure.ResourceInvoker.<InvokeAsync>g__Awaited|17_0(ResourceInvoker invoker, Task task, IDisposable scope)
   at Microsoft.AspNetCore.Mvc.Infrastructure.ResourceInvoker.<InvokeAsync>g__Awaited|17_0(ResourceInvoker invoker, Task task, IDisposable scope)
   at Microsoft.AspNetCore.Authorization.AuthorizationMiddleware.Invoke(HttpContext context)
   at Microsoft.AspNetCore.Authentication.AuthenticationMiddleware.Invoke(HttpContext context)
   at Swashbuckle.AspNetCore.SwaggerUI.SwaggerUIMiddleware.Invoke(HttpContext httpContext)
   at Swashbuckle.AspNetCore.Swagger.SwaggerMiddleware.Invoke(HttpContext httpContext, ISwaggerProvider swaggerProvider)
   at Serilog.AspNetCore.RequestLoggingMiddleware.Invoke(HttpContext httpContext)
2026-07-11 08:59:15.538 +03:00 [WRN] Request fault 409 on POST /api/attendance/scan: You have already checked in for this slot today.
2026-07-11 08:59:31.079 +03:00 [INF] Expired 1 stale QR token(s); a replacement was pushed to the kiosk.
2026-07-11 08:59:42.260 +03:00 [INF] HTTP POST /api/auth/login responded 200 in 106.5691 ms
2026-07-11 08:59:43.500 +03:00 [INF] QR scan attempt: StaffId=1 Token=8acbee51… Outcome="Success" Ip=127.0.0.1
2026-07-11 08:59:43.527 +03:00 [INF] HTTP POST /api/attendance/scan responded 200 in 44.6534 ms
2026-07-11 09:00:01.081 +03:00 [INF] Expired 1 stale QR token(s); a replacement was pushed to the kiosk.
2026-07-11 09:00:21.098 +03:00 [INF] Expired 1 stale QR token(s); a replacement was pushed to the kiosk.
2026-07-11 09:00:41.093 +03:00 [INF] Expired 1 stale QR token(s); a replacement was pushed to the kiosk.
2026-07-11 09:01:01.092 +03:00 [INF] Expired 1 stale QR token(s); a replacement was pushed to the kiosk.
2026-07-11 09:01:12.108 +03:00 [INF] HTTP GET /api/reports/daily responded 200 in 76.1378 ms
2026-07-11 09:01:20.187 +03:00 [INF] HTTP GET /api/staff responded 200 in 14.3402 ms
2026-07-11 09:01:21.079 +03:00 [INF] Expired 1 stale QR token(s); a replacement was pushed to the kiosk.
2026-07-11 09:01:33.138 +03:00 [INF] HTTP GET /api/slots responded 200 in 3.2769 ms
2026-07-11 09:01:36.089 +03:00 [INF] Expired 1 stale QR token(s); a replacement was pushed to the kiosk.
2026-07-11 09:01:56.077 +03:00 [INF] Expired 1 stale QR token(s); a replacement was pushed to the kiosk.
2026-07-11 09:02:00.262 +03:00 [INF] HTTP GET /api/reports/daily responded 200 in 10.7961 ms
2026-07-11 09:02:16.076 +03:00 [INF] Expired 1 stale QR token(s); a replacement was pushed to the kiosk.
2026-07-11 09:02:31.086 +03:00 [INF] Expired 1 stale QR token(s); a replacement was pushed to the kiosk.
2026-07-11 09:02:35.838 +03:00 [INF] HTTP GET /api/staff responded 200 in 17.8118 ms
2026-07-11 09:02:51.081 +03:00 [INF] Expired 1 stale QR token(s); a replacement was pushed to the kiosk.
2026-07-11 09:02:56.688 +03:00 [INF] HTTP GET /api/reports/daily responded 200 in 14.0583 ms
2026-07-11 09:03:00.214 +03:00 [INF] HTTP GET /api/staff responded 200 in 13.3366 ms
2026-07-11 09:03:06.086 +03:00 [INF] Expired 1 stale QR token(s); a replacement was pushed to the kiosk.
2026-07-11 09:03:12.595 +03:00 [INF] HTTP GET /api/staff/16 responded 200 in 7.1210 ms
2026-07-11 09:03:13.259 +03:00 [INF] HTTP GET /staff-photos/EMP-0016/EMP-0016.png responded 200 in 14.5226 ms
2026-07-11 09:03:26.078 +03:00 [INF] Expired 1 stale QR token(s); a replacement was pushed to the kiosk.
2026-07-11 09:03:28.047 +03:00 [INF] HTTP GET /api/staff responded 200 in 3.7436 ms
2026-07-11 09:03:40.685 +03:00 [INF] HTTP GET /api/departments responded 200 in 26.5104 ms
2026-07-11 09:03:41.100 +03:00 [INF] Expired 1 stale QR token(s); a replacement was pushed to the kiosk.
2026-07-11 09:04:01.091 +03:00 [INF] Expired 1 stale QR token(s); a replacement was pushed to the kiosk.
2026-07-11 09:04:21.078 +03:00 [INF] Expired 1 stale QR token(s); a replacement was pushed to the kiosk.
2026-07-11 09:04:41.082 +03:00 [INF] Expired 1 stale QR token(s); a replacement was pushed to the kiosk.
2026-07-11 09:04:56.091 +03:00 [INF] Expired 1 stale QR token(s); a replacement was pushed to the kiosk.
2026-07-11 09:05:16.081 +03:00 [INF] Expired 1 stale QR token(s); a replacement was pushed to the kiosk.
2026-07-11 09:05:31.088 +03:00 [INF] Expired 1 stale QR token(s); a replacement was pushed to the kiosk.
2026-07-11 09:05:51.080 +03:00 [INF] Expired 1 stale QR token(s); a replacement was pushed to the kiosk.
2026-07-11 09:06:06.089 +03:00 [INF] Expired 1 stale QR token(s); a replacement was pushed to the kiosk.
2026-07-11 09:06:23.166 +03:00 [INF] HTTP GET /api/reports/daily responded 200 in 18.8921 ms
2026-07-11 09:06:26.086 +03:00 [INF] Expired 1 stale QR token(s); a replacement was pushed to the kiosk.
2026-07-11 09:06:29.877 +03:00 [INF] HTTP GET /api/slots responded 200 in 3.5672 ms
2026-07-11 09:06:32.960 +03:00 [INF] HTTP GET /api/staff responded 200 in 11.6166 ms
2026-07-11 09:06:34.131 +03:00 [INF] HTTP GET /api/departments responded 200 in 5.7512 ms
2026-07-11 09:06:46.075 +03:00 [INF] Expired 1 stale QR token(s); a replacement was pushed to the kiosk.
2026-07-11 09:07:01.082 +03:00 [INF] Expired 1 stale QR token(s); a replacement was pushed to the kiosk.
2026-07-11 09:07:21.083 +03:00 [INF] Expired 1 stale QR token(s); a replacement was pushed to the kiosk.
2026-07-11 09:07:41.074 +03:00 [INF] Expired 1 stale QR token(s); a replacement was pushed to the kiosk.
2026-07-11 09:07:43.140 +03:00 [WRN] Savepoints are disabled because Multiple Active Result Sets (MARS) is enabled. If 'SaveChanges' fails, then the transaction cannot be automatically rolled back to a known clean state. Instead, the transaction should be rolled back by the application before retrying 'SaveChanges'. See https://go.microsoft.com/fwlink/?linkid=2149338 for more information and examples. To identify the code which triggers this warning, call 'ConfigureWarnings(w => w.Throw(SqlServerEventId.SavepointsDisabledBecauseOfMARS))'.
2026-07-11 09:07:43.291 +03:00 [WRN] Savepoints are disabled because Multiple Active Result Sets (MARS) is enabled. If 'SaveChanges' fails, then the transaction cannot be automatically rolled back to a known clean state. Instead, the transaction should be rolled back by the application before retrying 'SaveChanges'. See https://go.microsoft.com/fwlink/?linkid=2149338 for more information and examples. To identify the code which triggers this warning, call 'ConfigureWarnings(w => w.Throw(SqlServerEventId.SavepointsDisabledBecauseOfMARS))'.
2026-07-11 09:07:43.378 +03:00 [WRN] Savepoints are disabled because Multiple Active Result Sets (MARS) is enabled. If 'SaveChanges' fails, then the transaction cannot be automatically rolled back to a known clean state. Instead, the transaction should be rolled back by the application before retrying 'SaveChanges'. See https://go.microsoft.com/fwlink/?linkid=2149338 for more information and examples. To identify the code which triggers this warning, call 'ConfigureWarnings(w => w.Throw(SqlServerEventId.SavepointsDisabledBecauseOfMARS))'.
2026-07-11 09:07:43.431 +03:00 [INF] HTTP POST /api/staff responded 201 in 501.0246 ms
2026-07-11 09:07:43.473 +03:00 [INF] HTTP GET /api/staff/17 responded 200 in 8.6404 ms
2026-07-11 09:07:44.121 +03:00 [INF] HTTP GET /staff-photos/EMP-0017/EMP-0017.png responded 200 in 8.0611 ms
2026-07-11 09:07:56.080 +03:00 [INF] Expired 1 stale QR token(s); a replacement was pushed to the kiosk.
2026-07-11 09:08:12.285 +03:00 [INF] HTTP GET /api/slots responded 200 in 4.7568 ms
2026-07-11 09:08:16.083 +03:00 [INF] Expired 1 stale QR token(s); a replacement was pushed to the kiosk.
2026-07-11 09:08:27.105 +03:00 [INF] QR scan attempt: StaffId=1 Token=22aec1ef… Outcome="Success" Ip=127.0.0.1
2026-07-11 09:08:27.116 +03:00 [ERR] HTTP POST /api/attendance/scan responded 500 in 21.5118 ms
Attendance.Application.Exceptions.DuplicateAttendanceException: You have already checked in for this slot today.
   at Attendance.Application.Services.AttendanceService.RecordAttendanceAsync(Int32 staffId, Int32 qrSessionId) in C:\PROJECTS\employer\src\Attendance.Application\Services\AttendanceService.cs:line 67
   at Attendance.Api.Controllers.AttendanceController.Scan(ScanRequestDto request) in C:\PROJECTS\employer\src\Attendance.Api\Controllers\AttendanceController.cs:line 68
   at Microsoft.AspNetCore.Mvc.Infrastructure.ActionMethodExecutor.TaskOfIActionResultExecutor.Execute(ActionContext actionContext, IActionResultTypeMapper mapper, ObjectMethodExecutor executor, Object controller, Object[] arguments)
   at Microsoft.AspNetCore.Mvc.Infrastructure.ControllerActionInvoker.<InvokeActionMethodAsync>g__Awaited|12_0(ControllerActionInvoker invoker, ValueTask`1 actionResultValueTask)
   at Microsoft.AspNetCore.Mvc.Infrastructure.ControllerActionInvoker.<InvokeNextActionFilterAsync>g__Awaited|10_0(ControllerActionInvoker invoker, Task lastTask, State next, Scope scope, Object state, Boolean isCompleted)
   at Microsoft.AspNetCore.Mvc.Infrastructure.ControllerActionInvoker.Rethrow(ActionExecutedContextSealed context)
   at Microsoft.AspNetCore.Mvc.Infrastructure.ControllerActionInvoker.Next(State& next, Scope& scope, Object& state, Boolean& isCompleted)
   at Microsoft.AspNetCore.Mvc.Infrastructure.ControllerActionInvoker.<InvokeInnerFilterAsync>g__Awaited|13_0(ControllerActionInvoker invoker, Task lastTask, State next, Scope scope, Object state, Boolean isCompleted)
   at Microsoft.AspNetCore.Mvc.Infrastructure.ResourceInvoker.<InvokeFilterPipelineAsync>g__Awaited|20_0(ResourceInvoker invoker, Task lastTask, State next, Scope scope, Object state, Boolean isCompleted)
   at Microsoft.AspNetCore.Mvc.Infrastructure.ResourceInvoker.<InvokeAsync>g__Awaited|17_0(ResourceInvoker invoker, Task task, IDisposable scope)
   at Microsoft.AspNetCore.Mvc.Infrastructure.ResourceInvoker.<InvokeAsync>g__Awaited|17_0(ResourceInvoker invoker, Task task, IDisposable scope)
   at Microsoft.AspNetCore.Authorization.AuthorizationMiddleware.Invoke(HttpContext context)
   at Microsoft.AspNetCore.Authentication.AuthenticationMiddleware.Invoke(HttpContext context)
   at Swashbuckle.AspNetCore.SwaggerUI.SwaggerUIMiddleware.Invoke(HttpContext httpContext)
   at Swashbuckle.AspNetCore.Swagger.SwaggerMiddleware.Invoke(HttpContext httpContext, ISwaggerProvider swaggerProvider)
   at Serilog.AspNetCore.RequestLoggingMiddleware.Invoke(HttpContext httpContext)
2026-07-11 09:08:27.123 +03:00 [WRN] Request fault 409 on POST /api/attendance/scan: You have already checked in for this slot today.
2026-07-11 09:08:37.301 +03:00 [INF] HTTP GET /api/reports/daily responded 200 in 10.9792 ms
2026-07-11 09:08:40.873 +03:00 [INF] HTTP GET /api/slots responded 200 in 2.5383 ms
2026-07-11 09:08:44.430 +03:00 [INF] HTTP GET /api/staff responded 200 in 11.5331 ms
2026-07-11 09:08:46.081 +03:00 [INF] Expired 1 stale QR token(s); a replacement was pushed to the kiosk.
2026-07-11 09:09:06.083 +03:00 [INF] Expired 1 stale QR token(s); a replacement was pushed to the kiosk.
2026-07-11 09:09:11.925 +03:00 [WRN] Failed login attempt for user 'EMP-0017' from 127.0.0.1.
2026-07-11 09:09:11.929 +03:00 [INF] HTTP POST /api/auth/login responded 401 in 106.1124 ms
2026-07-11 09:09:26.085 +03:00 [INF] Expired 1 stale QR token(s); a replacement was pushed to the kiosk.
2026-07-11 09:09:30.697 +03:00 [INF] HTTP POST /api/auth/login responded 200 in 121.5515 ms
2026-07-11 09:09:35.095 +03:00 [INF] QR scan attempt: StaffId=17 Token=6c811163… Outcome="Success" Ip=127.0.0.1
2026-07-11 09:09:35.128 +03:00 [INF] HTTP POST /api/attendance/scan responded 200 in 44.8284 ms
2026-07-11 09:09:51.080 +03:00 [INF] Expired 1 stale QR token(s); a replacement was pushed to the kiosk.
2026-07-11 09:10:06.086 +03:00 [INF] Expired 1 stale QR token(s); a replacement was pushed to the kiosk.
2026-07-11 09:10:14.061 +03:00 [INF] HTTP GET /api/slots responded 401 in 0.7988 ms
2026-07-11 09:10:21.095 +03:00 [INF] Expired 1 stale QR token(s); a replacement was pushed to the kiosk.
2026-07-11 09:10:26.334 +03:00 [INF] HTTP POST /api/auth/login responded 200 in 110.4091 ms
2026-07-11 09:10:27.000 +03:00 [INF] HTTP GET /api/staff responded 200 in 12.3022 ms
2026-07-11 09:10:29.342 +03:00 [INF] HTTP GET /api/slots responded 200 in 4.9845 ms
2026-07-11 09:10:41.078 +03:00 [INF] Expired 1 stale QR token(s); a replacement was pushed to the kiosk.
2026-07-11 09:10:56.080 +03:00 [INF] Expired 1 stale QR token(s); a replacement was pushed to the kiosk.
2026-07-11 09:11:16.090 +03:00 [INF] Expired 1 stale QR token(s); a replacement was pushed to the kiosk.
2026-07-11 09:11:36.076 +03:00 [INF] Expired 1 stale QR token(s); a replacement was pushed to the kiosk.
2026-07-11 09:11:56.074 +03:00 [INF] Expired 1 stale QR token(s); a replacement was pushed to the kiosk.
2026-07-11 09:12:11.086 +03:00 [INF] Expired 1 stale QR token(s); a replacement was pushed to the kiosk.
2026-07-11 09:12:26.101 +03:00 [INF] Expired 1 stale QR token(s); a replacement was pushed to the kiosk.
2026-07-11 09:12:46.086 +03:00 [INF] Expired 1 stale QR token(s); a replacement was pushed to the kiosk.
2026-07-11 09:13:01.088 +03:00 [INF] Expired 1 stale QR token(s); a replacement was pushed to the kiosk.
2026-07-11 09:13:21.076 +03:00 [INF] Expired 1 stale QR token(s); a replacement was pushed to the kiosk.
2026-07-11 09:13:36.082 +03:00 [INF] Expired 1 stale QR token(s); a replacement was pushed to the kiosk.
2026-07-11 09:13:51.088 +03:00 [INF] Expired 1 stale QR token(s); a replacement was pushed to the kiosk.
2026-07-11 09:14:06.093 +03:00 [INF] Expired 1 stale QR token(s); a replacement was pushed to the kiosk.
2026-07-11 09:14:26.074 +03:00 [INF] Expired 1 stale QR token(s); a replacement was pushed to the kiosk.
2026-07-11 09:14:41.099 +03:00 [INF] Expired 1 stale QR token(s); a replacement was pushed to the kiosk.
2026-07-11 09:15:01.079 +03:00 [INF] Expired 1 stale QR token(s); a replacement was pushed to the kiosk.
2026-07-11 09:15:21.073 +03:00 [INF] Expired 1 stale QR token(s); a replacement was pushed to the kiosk.
2026-07-11 09:15:41.075 +03:00 [INF] Expired 1 stale QR token(s); a replacement was pushed to the kiosk.
2026-07-11 09:15:56.084 +03:00 [INF] Expired 1 stale QR token(s); a replacement was pushed to the kiosk.
2026-07-11 09:16:16.082 +03:00 [INF] Expired 1 stale QR token(s); a replacement was pushed to the kiosk.
2026-07-11 09:16:36.085 +03:00 [INF] Expired 1 stale QR token(s); a replacement was pushed to the kiosk.
2026-07-11 09:16:51.092 +03:00 [INF] Expired 1 stale QR token(s); a replacement was pushed to the kiosk.
2026-07-11 09:17:11.093 +03:00 [INF] Expired 1 stale QR token(s); a replacement was pushed to the kiosk.
2026-07-11 09:17:31.076 +03:00 [INF] Expired 1 stale QR token(s); a replacement was pushed to the kiosk.
2026-07-11 09:17:51.074 +03:00 [INF] Expired 1 stale QR token(s); a replacement was pushed to the kiosk.
2026-07-11 09:18:06.104 +03:00 [INF] Expired 1 stale QR token(s); a replacement was pushed to the kiosk.
2026-07-11 09:18:21.087 +03:00 [INF] Expired 1 stale QR token(s); a replacement was pushed to the kiosk.
2026-07-11 09:18:41.088 +03:00 [INF] Expired 1 stale QR token(s); a replacement was pushed to the kiosk.
2026-07-11 09:19:01.097 +03:00 [INF] Expired 1 stale QR token(s); a replacement was pushed to the kiosk.
2026-07-11 09:19:21.080 +03:00 [INF] Expired 1 stale QR token(s); a replacement was pushed to the kiosk.
2026-07-11 09:19:36.081 +03:00 [INF] Expired 1 stale QR token(s); a replacement was pushed to the kiosk.
2026-07-11 09:19:56.073 +03:00 [INF] Expired 1 stale QR token(s); a replacement was pushed to the kiosk.
2026-07-11 09:20:11.100 +03:00 [INF] Expired 1 stale QR token(s); a replacement was pushed to the kiosk.
2026-07-11 09:20:31.075 +03:00 [INF] Expired 1 stale QR token(s); a replacement was pushed to the kiosk.
2026-07-11 09:20:46.086 +03:00 [INF] Expired 1 stale QR token(s); a replacement was pushed to the kiosk.
2026-07-11 09:21:06.076 +03:00 [INF] Expired 1 stale QR token(s); a replacement was pushed to the kiosk.
2026-07-11 09:21:21.099 +03:00 [INF] Expired 1 stale QR token(s); a replacement was pushed to the kiosk.
2026-07-11 09:21:41.077 +03:00 [INF] Expired 1 stale QR token(s); a replacement was pushed to the kiosk.
2026-07-11 09:22:01.088 +03:00 [INF] Expired 1 stale QR token(s); a replacement was pushed to the kiosk.
2026-07-11 09:22:21.092 +03:00 [INF] Expired 1 stale QR token(s); a replacement was pushed to the kiosk.
2026-07-11 09:22:41.084 +03:00 [INF] Expired 1 stale QR token(s); a replacement was pushed to the kiosk.
2026-07-11 09:23:01.081 +03:00 [INF] Expired 1 stale QR token(s); a replacement was pushed to the kiosk.
2026-07-11 09:23:16.087 +03:00 [INF] Expired 1 stale QR token(s); a replacement was pushed to the kiosk.
2026-07-11 09:23:36.074 +03:00 [INF] Expired 1 stale QR token(s); a replacement was pushed to the kiosk.
2026-07-11 09:23:51.090 +03:00 [INF] Expired 1 stale QR token(s); a replacement was pushed to the kiosk.
2026-07-11 09:23:56.044 +03:00 [INF] Application is shutting down...
2026-07-11 09:23:56.060 +03:00 [INF] HTTP GET /hubs/attendance responded 101 in 1648252.6917 ms
2026-07-11 09:24:27.638 +03:00 [WRN] The 'StaffStatus' property 'Status' on entity type 'Staff' is configured with a database-generated default, but has no configured sentinel value. The database-generated default will always be used for inserts when the property has the value 'Inactive', since this is the CLR default for the 'StaffStatus' type. Consider using a nullable type, using a nullable backing field, or setting the sentinel value for the property to ensure the database default is used when, and only when, appropriate. See https://aka.ms/efcore-docs-default-values for more information.
2026-07-11 09:24:29.382 +03:00 [INF] Kiosk QR deep-link base: http://192.168.1.4:4200/scan — phones must be able to reach this host.
2026-07-11 09:24:29.433 +03:00 [INF] QR token expiry sweep started (interval 5s).
2026-07-11 09:24:29.494 +03:00 [INF] Now listening on: http://0.0.0.0:5080
2026-07-11 09:24:29.495 +03:00 [INF] Application started. Press Ctrl+C to shut down.
2026-07-11 09:24:29.496 +03:00 [INF] Hosting environment: Development
2026-07-11 09:24:29.497 +03:00 [INF] Content root path: C:\PROJECTS\employer\src\Attendance.Api
2026-07-11 09:24:34.886 +03:00 [INF] Expired 1 stale QR token(s); a replacement was pushed to the kiosk.
2026-07-11 09:24:43.651 +03:00 [WRN] Failed to determine the https port for redirect.
2026-07-11 09:24:43.709 +03:00 [INF] HTTP POST /hubs/attendance/negotiate responded 200 in 114.5111 ms
2026-07-11 09:24:47.416 +03:00 [INF] HTTP GET /api/slots responded 200 in 187.5204 ms
2026-07-11 09:24:50.324 +03:00 [INF] HTTP GET /hubs/attendance responded 101 in 5975.8827 ms
2026-07-11 09:24:50.838 +03:00 [INF] HTTP POST /hubs/attendance/negotiate responded 200 in 0.7111 ms
2026-07-11 09:24:54.487 +03:00 [INF] Expired 1 stale QR token(s); a replacement was pushed to the kiosk.
2026-07-11 09:25:09.458 +03:00 [INF] Expired 1 stale QR token(s); a replacement was pushed to the kiosk.
2026-07-11 09:25:19.714 +03:00 [INF] HTTP POST /api/attendance/scan responded 401 in 14.3690 ms
2026-07-11 09:25:29.019 +03:00 [INF] HTTP GET /api/staff responded 200 in 244.8863 ms
2026-07-11 09:25:29.455 +03:00 [INF] Expired 1 stale QR token(s); a replacement was pushed to the kiosk.
2026-07-11 09:25:44.067 +03:00 [INF] HTTP GET /api/slots responded 200 in 8.1204 ms
2026-07-11 09:25:44.474 +03:00 [INF] Expired 1 stale QR token(s); a replacement was pushed to the kiosk.
2026-07-11 09:26:04.475 +03:00 [INF] Expired 1 stale QR token(s); a replacement was pushed to the kiosk.
2026-07-11 09:26:24.470 +03:00 [INF] Expired 1 stale QR token(s); a replacement was pushed to the kiosk.
2026-07-11 09:26:30.808 +03:00 [INF] HTTP POST /api/auth/login responded 200 in 189.6878 ms
2026-07-11 09:26:44.383 +03:00 [INF] QR scan attempt: StaffId=17 Token=1d634ebb… Outcome="TokenExpired" Ip=127.0.0.1
2026-07-11 09:26:44.387 +03:00 [INF] HTTP POST /api/attendance/scan responded 410 in 55.0512 ms
2026-07-11 09:26:44.467 +03:00 [INF] Expired 1 stale QR token(s); a replacement was pushed to the kiosk.
2026-07-11 09:27:04.463 +03:00 [INF] Expired 1 stale QR token(s); a replacement was pushed to the kiosk.
2026-07-11 09:27:10.418 +03:00 [INF] QR scan attempt: StaffId=17 Token=76e7ef7c… Outcome="Success" Ip=127.0.0.1
2026-07-11 09:27:10.446 +03:00 [ERR] HTTP POST /api/attendance/scan responded 500 in 42.0520 ms
Attendance.Application.Exceptions.OutsideScheduleException: No attendance slot is open at this time.
   at Attendance.Application.Services.AttendanceService.RecordAttendanceAsync(Int32 staffId, Int32 qrSessionId) in C:\PROJECTS\employer\src\Attendance.Application\Services\AttendanceService.cs:line 60
   at Attendance.Api.Controllers.AttendanceController.Scan(ScanRequestDto request) in C:\PROJECTS\employer\src\Attendance.Api\Controllers\AttendanceController.cs:line 68
   at Microsoft.AspNetCore.Mvc.Infrastructure.ActionMethodExecutor.TaskOfIActionResultExecutor.Execute(ActionContext actionContext, IActionResultTypeMapper mapper, ObjectMethodExecutor executor, Object controller, Object[] arguments)
   at Microsoft.AspNetCore.Mvc.Infrastructure.ControllerActionInvoker.<InvokeActionMethodAsync>g__Awaited|12_0(ControllerActionInvoker invoker, ValueTask`1 actionResultValueTask)
   at Microsoft.AspNetCore.Mvc.Infrastructure.ControllerActionInvoker.<InvokeNextActionFilterAsync>g__Awaited|10_0(ControllerActionInvoker invoker, Task lastTask, State next, Scope scope, Object state, Boolean isCompleted)
   at Microsoft.AspNetCore.Mvc.Infrastructure.ControllerActionInvoker.Rethrow(ActionExecutedContextSealed context)
   at Microsoft.AspNetCore.Mvc.Infrastructure.ControllerActionInvoker.Next(State& next, Scope& scope, Object& state, Boolean& isCompleted)
   at Microsoft.AspNetCore.Mvc.Infrastructure.ControllerActionInvoker.<InvokeInnerFilterAsync>g__Awaited|13_0(ControllerActionInvoker invoker, Task lastTask, State next, Scope scope, Object state, Boolean isCompleted)
   at Microsoft.AspNetCore.Mvc.Infrastructure.ResourceInvoker.<InvokeFilterPipelineAsync>g__Awaited|20_0(ResourceInvoker invoker, Task lastTask, State next, Scope scope, Object state, Boolean isCompleted)
   at Microsoft.AspNetCore.Mvc.Infrastructure.ResourceInvoker.<InvokeAsync>g__Awaited|17_0(ResourceInvoker invoker, Task task, IDisposable scope)
   at Microsoft.AspNetCore.Mvc.Infrastructure.ResourceInvoker.<InvokeAsync>g__Awaited|17_0(ResourceInvoker invoker, Task task, IDisposable scope)
   at Microsoft.AspNetCore.Authorization.AuthorizationMiddleware.Invoke(HttpContext context)
   at Microsoft.AspNetCore.Authentication.AuthenticationMiddleware.Invoke(HttpContext context)
   at Swashbuckle.AspNetCore.SwaggerUI.SwaggerUIMiddleware.Invoke(HttpContext httpContext)
   at Swashbuckle.AspNetCore.Swagger.SwaggerMiddleware.Invoke(HttpContext httpContext, ISwaggerProvider swaggerProvider)
   at Serilog.AspNetCore.RequestLoggingMiddleware.Invoke(HttpContext httpContext)
2026-07-11 09:27:10.494 +03:00 [WRN] Request fault 422 on POST /api/attendance/scan: No attendance slot is open at this time.
2026-07-11 09:27:29.453 +03:00 [INF] Expired 1 stale QR token(s); a replacement was pushed to the kiosk.
2026-07-11 09:27:49.469 +03:00 [INF] Expired 1 stale QR token(s); a replacement was pushed to the kiosk.
2026-07-11 09:28:09.452 +03:00 [INF] Expired 1 stale QR token(s); a replacement was pushed to the kiosk.
2026-07-11 09:28:24.459 +03:00 [INF] Expired 1 stale QR token(s); a replacement was pushed to the kiosk.
2026-07-11 09:28:38.664 +03:00 [INF] HTTP PUT /api/slots/1 responded 401 in 0.7527 ms
2026-07-11 09:28:44.464 +03:00 [INF] Expired 1 stale QR token(s); a replacement was pushed to the kiosk.
2026-07-11 09:28:59.635 +03:00 [INF] HTTP POST /api/auth/login responded 200 in 122.8512 ms
2026-07-11 09:29:00.310 +03:00 [INF] HTTP GET /api/staff responded 200 in 13.8289 ms
2026-07-11 09:29:02.316 +03:00 [INF] HTTP GET /api/slots responded 200 in 9.3252 ms
2026-07-11 09:29:04.472 +03:00 [INF] Expired 1 stale QR token(s); a replacement was pushed to the kiosk.
2026-07-11 09:29:24.459 +03:00 [INF] Expired 1 stale QR token(s); a replacement was pushed to the kiosk.
2026-07-11 09:29:39.430 +03:00 [INF] HTTP PUT /api/slots/1 responded 200 in 85.4391 ms
2026-07-11 09:29:39.594 +03:00 [INF] HTTP GET /api/slots responded 200 in 1.8176 ms
2026-07-11 09:29:44.458 +03:00 [INF] Expired 1 stale QR token(s); a replacement was pushed to the kiosk.
2026-07-11 09:29:47.457 +03:00 [INF] HTTP GET /api/slots responded 200 in 2.4235 ms
2026-07-11 09:30:04.456 +03:00 [INF] Expired 1 stale QR token(s); a replacement was pushed to the kiosk.
2026-07-11 09:30:04.836 +03:00 [INF] QR scan attempt: StaffId=17 Token=5413f2a1… Outcome="Success" Ip=127.0.0.1
2026-07-11 09:30:04.846 +03:00 [ERR] HTTP POST /api/attendance/scan responded 500 in 25.0630 ms
Attendance.Application.Exceptions.OutsideScheduleException: No attendance slot is open at this time.
   at Attendance.Application.Services.AttendanceService.RecordAttendanceAsync(Int32 staffId, Int32 qrSessionId) in C:\PROJECTS\employer\src\Attendance.Application\Services\AttendanceService.cs:line 60
   at Attendance.Api.Controllers.AttendanceController.Scan(ScanRequestDto request) in C:\PROJECTS\employer\src\Attendance.Api\Controllers\AttendanceController.cs:line 68
   at Microsoft.AspNetCore.Mvc.Infrastructure.ActionMethodExecutor.TaskOfIActionResultExecutor.Execute(ActionContext actionContext, IActionResultTypeMapper mapper, ObjectMethodExecutor executor, Object controller, Object[] arguments)
   at Microsoft.AspNetCore.Mvc.Infrastructure.ControllerActionInvoker.<InvokeActionMethodAsync>g__Awaited|12_0(ControllerActionInvoker invoker, ValueTask`1 actionResultValueTask)
   at Microsoft.AspNetCore.Mvc.Infrastructure.ControllerActionInvoker.<InvokeNextActionFilterAsync>g__Awaited|10_0(ControllerActionInvoker invoker, Task lastTask, State next, Scope scope, Object state, Boolean isCompleted)
   at Microsoft.AspNetCore.Mvc.Infrastructure.ControllerActionInvoker.Rethrow(ActionExecutedContextSealed context)
   at Microsoft.AspNetCore.Mvc.Infrastructure.ControllerActionInvoker.Next(State& next, Scope& scope, Object& state, Boolean& isCompleted)
   at Microsoft.AspNetCore.Mvc.Infrastructure.ControllerActionInvoker.<InvokeInnerFilterAsync>g__Awaited|13_0(ControllerActionInvoker invoker, Task lastTask, State next, Scope scope, Object state, Boolean isCompleted)
   at Microsoft.AspNetCore.Mvc.Infrastructure.ResourceInvoker.<InvokeFilterPipelineAsync>g__Awaited|20_0(ResourceInvoker invoker, Task lastTask, State next, Scope scope, Object state, Boolean isCompleted)
   at Microsoft.AspNetCore.Mvc.Infrastructure.ResourceInvoker.<InvokeAsync>g__Awaited|17_0(ResourceInvoker invoker, Task task, IDisposable scope)
   at Microsoft.AspNetCore.Mvc.Infrastructure.ResourceInvoker.<InvokeAsync>g__Awaited|17_0(ResourceInvoker invoker, Task task, IDisposable scope)
   at Microsoft.AspNetCore.Authorization.AuthorizationMiddleware.Invoke(HttpContext context)
   at Microsoft.AspNetCore.Authentication.AuthenticationMiddleware.Invoke(HttpContext context)
   at Swashbuckle.AspNetCore.SwaggerUI.SwaggerUIMiddleware.Invoke(HttpContext httpContext)
   at Swashbuckle.AspNetCore.Swagger.SwaggerMiddleware.Invoke(HttpContext httpContext, ISwaggerProvider swaggerProvider)
   at Serilog.AspNetCore.RequestLoggingMiddleware.Invoke(HttpContext httpContext)
2026-07-11 09:30:04.854 +03:00 [WRN] Request fault 422 on POST /api/attendance/scan: No attendance slot is open at this time.
2026-07-11 09:30:14.553 +03:00 [INF] QR scan attempt: StaffId=17 Token=838144e1… Outcome="Success" Ip=127.0.0.1
2026-07-11 09:30:14.560 +03:00 [ERR] HTTP POST /api/attendance/scan responded 500 in 20.5229 ms
Attendance.Application.Exceptions.OutsideScheduleException: No attendance slot is open at this time.
   at Attendance.Application.Services.AttendanceService.RecordAttendanceAsync(Int32 staffId, Int32 qrSessionId) in C:\PROJECTS\employer\src\Attendance.Application\Services\AttendanceService.cs:line 60
   at Attendance.Api.Controllers.AttendanceController.Scan(ScanRequestDto request) in C:\PROJECTS\employer\src\Attendance.Api\Controllers\AttendanceController.cs:line 68
   at Microsoft.AspNetCore.Mvc.Infrastructure.ActionMethodExecutor.TaskOfIActionResultExecutor.Execute(ActionContext actionContext, IActionResultTypeMapper mapper, ObjectMethodExecutor executor, Object controller, Object[] arguments)
   at Microsoft.AspNetCore.Mvc.Infrastructure.ControllerActionInvoker.<InvokeActionMethodAsync>g__Awaited|12_0(ControllerActionInvoker invoker, ValueTask`1 actionResultValueTask)
   at Microsoft.AspNetCore.Mvc.Infrastructure.ControllerActionInvoker.<InvokeNextActionFilterAsync>g__Awaited|10_0(ControllerActionInvoker invoker, Task lastTask, State next, Scope scope, Object state, Boolean isCompleted)
   at Microsoft.AspNetCore.Mvc.Infrastructure.ControllerActionInvoker.Rethrow(ActionExecutedContextSealed context)
   at Microsoft.AspNetCore.Mvc.Infrastructure.ControllerActionInvoker.Next(State& next, Scope& scope, Object& state, Boolean& isCompleted)
   at Microsoft.AspNetCore.Mvc.Infrastructure.ControllerActionInvoker.<InvokeInnerFilterAsync>g__Awaited|13_0(ControllerActionInvoker invoker, Task lastTask, State next, Scope scope, Object state, Boolean isCompleted)
   at Microsoft.AspNetCore.Mvc.Infrastructure.ResourceInvoker.<InvokeFilterPipelineAsync>g__Awaited|20_0(ResourceInvoker invoker, Task lastTask, State next, Scope scope, Object state, Boolean isCompleted)
   at Microsoft.AspNetCore.Mvc.Infrastructure.ResourceInvoker.<InvokeAsync>g__Awaited|17_0(ResourceInvoker invoker, Task task, IDisposable scope)
   at Microsoft.AspNetCore.Mvc.Infrastructure.ResourceInvoker.<InvokeAsync>g__Awaited|17_0(ResourceInvoker invoker, Task task, IDisposable scope)
   at Microsoft.AspNetCore.Authorization.AuthorizationMiddleware.Invoke(HttpContext context)
   at Microsoft.AspNetCore.Authentication.AuthenticationMiddleware.Invoke(HttpContext context)
   at Swashbuckle.AspNetCore.SwaggerUI.SwaggerUIMiddleware.Invoke(HttpContext httpContext)
   at Swashbuckle.AspNetCore.Swagger.SwaggerMiddleware.Invoke(HttpContext httpContext, ISwaggerProvider swaggerProvider)
   at Serilog.AspNetCore.RequestLoggingMiddleware.Invoke(HttpContext httpContext)
2026-07-11 09:30:14.567 +03:00 [WRN] Request fault 422 on POST /api/attendance/scan: No attendance slot is open at this time.
2026-07-11 09:30:19.619 +03:00 [INF] QR scan attempt: StaffId=17 Token=4b0b6168… Outcome="Success" Ip=127.0.0.1
2026-07-11 09:30:19.625 +03:00 [ERR] HTTP POST /api/attendance/scan responded 500 in 20.9509 ms
Attendance.Application.Exceptions.OutsideScheduleException: No attendance slot is open at this time.
   at Attendance.Application.Services.AttendanceService.RecordAttendanceAsync(Int32 staffId, Int32 qrSessionId) in C:\PROJECTS\employer\src\Attendance.Application\Services\AttendanceService.cs:line 60
   at Attendance.Api.Controllers.AttendanceController.Scan(ScanRequestDto request) in C:\PROJECTS\employer\src\Attendance.Api\Controllers\AttendanceController.cs:line 68
   at Microsoft.AspNetCore.Mvc.Infrastructure.ActionMethodExecutor.TaskOfIActionResultExecutor.Execute(ActionContext actionContext, IActionResultTypeMapper mapper, ObjectMethodExecutor executor, Object controller, Object[] arguments)
   at Microsoft.AspNetCore.Mvc.Infrastructure.ControllerActionInvoker.<InvokeActionMethodAsync>g__Awaited|12_0(ControllerActionInvoker invoker, ValueTask`1 actionResultValueTask)
   at Microsoft.AspNetCore.Mvc.Infrastructure.ControllerActionInvoker.<InvokeNextActionFilterAsync>g__Awaited|10_0(ControllerActionInvoker invoker, Task lastTask, State next, Scope scope, Object state, Boolean isCompleted)
   at Microsoft.AspNetCore.Mvc.Infrastructure.ControllerActionInvoker.Rethrow(ActionExecutedContextSealed context)
   at Microsoft.AspNetCore.Mvc.Infrastructure.ControllerActionInvoker.Next(State& next, Scope& scope, Object& state, Boolean& isCompleted)
   at Microsoft.AspNetCore.Mvc.Infrastructure.ControllerActionInvoker.<InvokeInnerFilterAsync>g__Awaited|13_0(ControllerActionInvoker invoker, Task lastTask, State next, Scope scope, Object state, Boolean isCompleted)
   at Microsoft.AspNetCore.Mvc.Infrastructure.ResourceInvoker.<InvokeFilterPipelineAsync>g__Awaited|20_0(ResourceInvoker invoker, Task lastTask, State next, Scope scope, Object state, Boolean isCompleted)
   at Microsoft.AspNetCore.Mvc.Infrastructure.ResourceInvoker.<InvokeAsync>g__Awaited|17_0(ResourceInvoker invoker, Task task, IDisposable scope)
   at Microsoft.AspNetCore.Mvc.Infrastructure.ResourceInvoker.<InvokeAsync>g__Awaited|17_0(ResourceInvoker invoker, Task task, IDisposable scope)
   at Microsoft.AspNetCore.Authorization.AuthorizationMiddleware.Invoke(HttpContext context)
   at Microsoft.AspNetCore.Authentication.AuthenticationMiddleware.Invoke(HttpContext context)
   at Swashbuckle.AspNetCore.SwaggerUI.SwaggerUIMiddleware.Invoke(HttpContext httpContext)
   at Swashbuckle.AspNetCore.Swagger.SwaggerMiddleware.Invoke(HttpContext httpContext, ISwaggerProvider swaggerProvider)
   at Serilog.AspNetCore.RequestLoggingMiddleware.Invoke(HttpContext httpContext)
2026-07-11 09:30:19.631 +03:00 [WRN] Request fault 422 on POST /api/attendance/scan: No attendance slot is open at this time.
2026-07-11 09:30:39.446 +03:00 [INF] Expired 1 stale QR token(s); a replacement was pushed to the kiosk.
2026-07-11 09:30:43.109 +03:00 [INF] HTTP PUT /api/slots/1 responded 200 in 10.2609 ms
2026-07-11 09:30:43.371 +03:00 [INF] HTTP GET /api/slots responded 200 in 2.9140 ms
2026-07-11 09:30:54.453 +03:00 [INF] Expired 1 stale QR token(s); a replacement was pushed to the kiosk.
2026-07-11 09:31:09.465 +03:00 [INF] Expired 1 stale QR token(s); a replacement was pushed to the kiosk.
2026-07-11 09:31:21.540 +03:00 [INF] QR scan attempt: StaffId=17 Token=8b9b3dc5… Outcome="Success" Ip=127.0.0.1
2026-07-11 09:31:21.557 +03:00 [ERR] HTTP POST /api/attendance/scan responded 500 in 35.3078 ms
Attendance.Application.Exceptions.OutsideScheduleException: No attendance slot is open at this time.
   at Attendance.Application.Services.AttendanceService.RecordAttendanceAsync(Int32 staffId, Int32 qrSessionId) in C:\PROJECTS\employer\src\Attendance.Application\Services\AttendanceService.cs:line 60
   at Attendance.Api.Controllers.AttendanceController.Scan(ScanRequestDto request) in C:\PROJECTS\employer\src\Attendance.Api\Controllers\AttendanceController.cs:line 68
   at Microsoft.AspNetCore.Mvc.Infrastructure.ActionMethodExecutor.TaskOfIActionResultExecutor.Execute(ActionContext actionContext, IActionResultTypeMapper mapper, ObjectMethodExecutor executor, Object controller, Object[] arguments)
   at Microsoft.AspNetCore.Mvc.Infrastructure.ControllerActionInvoker.<InvokeActionMethodAsync>g__Awaited|12_0(ControllerActionInvoker invoker, ValueTask`1 actionResultValueTask)
   at Microsoft.AspNetCore.Mvc.Infrastructure.ControllerActionInvoker.<InvokeNextActionFilterAsync>g__Awaited|10_0(ControllerActionInvoker invoker, Task lastTask, State next, Scope scope, Object state, Boolean isCompleted)
   at Microsoft.AspNetCore.Mvc.Infrastructure.ControllerActionInvoker.Rethrow(ActionExecutedContextSealed context)
   at Microsoft.AspNetCore.Mvc.Infrastructure.ControllerActionInvoker.Next(State& next, Scope& scope, Object& state, Boolean& isCompleted)
   at Microsoft.AspNetCore.Mvc.Infrastructure.ControllerActionInvoker.<InvokeInnerFilterAsync>g__Awaited|13_0(ControllerActionInvoker invoker, Task lastTask, State next, Scope scope, Object state, Boolean isCompleted)
   at Microsoft.AspNetCore.Mvc.Infrastructure.ResourceInvoker.<InvokeFilterPipelineAsync>g__Awaited|20_0(ResourceInvoker invoker, Task lastTask, State next, Scope scope, Object state, Boolean isCompleted)
   at Microsoft.AspNetCore.Mvc.Infrastructure.ResourceInvoker.<InvokeAsync>g__Awaited|17_0(ResourceInvoker invoker, Task task, IDisposable scope)
   at Microsoft.AspNetCore.Mvc.Infrastructure.ResourceInvoker.<InvokeAsync>g__Awaited|17_0(ResourceInvoker invoker, Task task, IDisposable scope)
   at Microsoft.AspNetCore.Authorization.AuthorizationMiddleware.Invoke(HttpContext context)
   at Microsoft.AspNetCore.Authentication.AuthenticationMiddleware.Invoke(HttpContext context)
   at Swashbuckle.AspNetCore.SwaggerUI.SwaggerUIMiddleware.Invoke(HttpContext httpContext)
   at Swashbuckle.AspNetCore.Swagger.SwaggerMiddleware.Invoke(HttpContext httpContext, ISwaggerProvider swaggerProvider)
   at Serilog.AspNetCore.RequestLoggingMiddleware.Invoke(HttpContext httpContext)
2026-07-11 09:31:21.567 +03:00 [WRN] Request fault 422 on POST /api/attendance/scan: No attendance slot is open at this time.
2026-07-11 09:31:37.410 +03:00 [INF] HTTP GET /api/reports/daily responded 200 in 80.4009 ms
2026-07-11 09:31:39.452 +03:00 [INF] Expired 1 stale QR token(s); a replacement was pushed to the kiosk.
2026-07-11 09:31:57.180 +03:00 [INF] QR scan attempt: StaffId=17 Token=810415d5… Outcome="TokenExpired" Ip=127.0.0.1
2026-07-11 09:31:57.182 +03:00 [INF] HTTP POST /api/attendance/scan responded 410 in 4.9028 ms
2026-07-11 09:31:59.448 +03:00 [INF] Expired 1 stale QR token(s); a replacement was pushed to the kiosk.
2026-07-11 09:32:07.568 +03:00 [INF] QR scan attempt: StaffId=17 Token=43191ec4… Outcome="Success" Ip=127.0.0.1
2026-07-11 09:32:07.573 +03:00 [ERR] HTTP POST /api/attendance/scan responded 500 in 12.8994 ms
Attendance.Application.Exceptions.OutsideScheduleException: No attendance slot is open at this time.
   at Attendance.Application.Services.AttendanceService.RecordAttendanceAsync(Int32 staffId, Int32 qrSessionId) in C:\PROJECTS\employer\src\Attendance.Application\Services\AttendanceService.cs:line 60
   at Attendance.Api.Controllers.AttendanceController.Scan(ScanRequestDto request) in C:\PROJECTS\employer\src\Attendance.Api\Controllers\AttendanceController.cs:line 68
   at Microsoft.AspNetCore.Mvc.Infrastructure.ActionMethodExecutor.TaskOfIActionResultExecutor.Execute(ActionContext actionContext, IActionResultTypeMapper mapper, ObjectMethodExecutor executor, Object controller, Object[] arguments)
   at Microsoft.AspNetCore.Mvc.Infrastructure.ControllerActionInvoker.<InvokeActionMethodAsync>g__Awaited|12_0(ControllerActionInvoker invoker, ValueTask`1 actionResultValueTask)
   at Microsoft.AspNetCore.Mvc.Infrastructure.ControllerActionInvoker.<InvokeNextActionFilterAsync>g__Awaited|10_0(ControllerActionInvoker invoker, Task lastTask, State next, Scope scope, Object state, Boolean isCompleted)
   at Microsoft.AspNetCore.Mvc.Infrastructure.ControllerActionInvoker.Rethrow(ActionExecutedContextSealed context)
   at Microsoft.AspNetCore.Mvc.Infrastructure.ControllerActionInvoker.Next(State& next, Scope& scope, Object& state, Boolean& isCompleted)
   at Microsoft.AspNetCore.Mvc.Infrastructure.ControllerActionInvoker.<InvokeInnerFilterAsync>g__Awaited|13_0(ControllerActionInvoker invoker, Task lastTask, State next, Scope scope, Object state, Boolean isCompleted)
   at Microsoft.AspNetCore.Mvc.Infrastructure.ResourceInvoker.<InvokeFilterPipelineAsync>g__Awaited|20_0(ResourceInvoker invoker, Task lastTask, State next, Scope scope, Object state, Boolean isCompleted)
   at Microsoft.AspNetCore.Mvc.Infrastructure.ResourceInvoker.<InvokeAsync>g__Awaited|17_0(ResourceInvoker invoker, Task task, IDisposable scope)
   at Microsoft.AspNetCore.Mvc.Infrastructure.ResourceInvoker.<InvokeAsync>g__Awaited|17_0(ResourceInvoker invoker, Task task, IDisposable scope)
   at Microsoft.AspNetCore.Authorization.AuthorizationMiddleware.Invoke(HttpContext context)
   at Microsoft.AspNetCore.Authentication.AuthenticationMiddleware.Invoke(HttpContext context)
   at Swashbuckle.AspNetCore.SwaggerUI.SwaggerUIMiddleware.Invoke(HttpContext httpContext)
   at Swashbuckle.AspNetCore.Swagger.SwaggerMiddleware.Invoke(HttpContext httpContext, ISwaggerProvider swaggerProvider)
   at Serilog.AspNetCore.RequestLoggingMiddleware.Invoke(HttpContext httpContext)
2026-07-11 09:32:07.582 +03:00 [WRN] Request fault 422 on POST /api/attendance/scan: No attendance slot is open at this time.
2026-07-11 09:32:24.450 +03:00 [INF] Expired 1 stale QR token(s); a replacement was pushed to the kiosk.
2026-07-11 09:32:29.267 +03:00 [INF] HTTP GET /api/slots responded 200 in 6.5064 ms
2026-07-11 09:32:44.448 +03:00 [INF] Expired 1 stale QR token(s); a replacement was pushed to the kiosk.
2026-07-11 09:32:59.474 +03:00 [INF] Expired 1 stale QR token(s); a replacement was pushed to the kiosk.
2026-07-11 09:33:19.461 +03:00 [INF] Expired 1 stale QR token(s); a replacement was pushed to the kiosk.
2026-07-11 09:33:39.462 +03:00 [INF] Expired 1 stale QR token(s); a replacement was pushed to the kiosk.
2026-07-11 09:33:59.460 +03:00 [INF] Expired 1 stale QR token(s); a replacement was pushed to the kiosk.
2026-07-11 09:34:19.457 +03:00 [INF] Expired 1 stale QR token(s); a replacement was pushed to the kiosk.
2026-07-11 09:34:39.455 +03:00 [INF] Expired 1 stale QR token(s); a replacement was pushed to the kiosk.
2026-07-11 09:34:54.462 +03:00 [INF] Expired 1 stale QR token(s); a replacement was pushed to the kiosk.
2026-07-11 09:35:14.453 +03:00 [INF] Expired 1 stale QR token(s); a replacement was pushed to the kiosk.
2026-07-11 09:35:20.763 +03:00 [INF] HTTP GET /api/staff responded 200 in 12.7135 ms
2026-07-11 09:35:34.471 +03:00 [INF] Expired 1 stale QR token(s); a replacement was pushed to the kiosk.
2026-07-11 09:35:42.806 +03:00 [INF] HTTP GET /api/departments responded 200 in 21.6838 ms
2026-07-11 09:35:54.447 +03:00 [INF] Expired 1 stale QR token(s); a replacement was pushed to the kiosk.
2026-07-11 09:36:09.452 +03:00 [INF] Expired 1 stale QR token(s); a replacement was pushed to the kiosk.
2026-07-11 09:36:24.462 +03:00 [INF] Expired 1 stale QR token(s); a replacement was pushed to the kiosk.
2026-07-11 09:36:28.217 +03:00 [WRN] Savepoints are disabled because Multiple Active Result Sets (MARS) is enabled. If 'SaveChanges' fails, then the transaction cannot be automatically rolled back to a known clean state. Instead, the transaction should be rolled back by the application before retrying 'SaveChanges'. See https://go.microsoft.com/fwlink/?linkid=2149338 for more information and examples. To identify the code which triggers this warning, call 'ConfigureWarnings(w => w.Throw(SqlServerEventId.SavepointsDisabledBecauseOfMARS))'.
2026-07-11 09:36:28.372 +03:00 [WRN] Savepoints are disabled because Multiple Active Result Sets (MARS) is enabled. If 'SaveChanges' fails, then the transaction cannot be automatically rolled back to a known clean state. Instead, the transaction should be rolled back by the application before retrying 'SaveChanges'. See https://go.microsoft.com/fwlink/?linkid=2149338 for more information and examples. To identify the code which triggers this warning, call 'ConfigureWarnings(w => w.Throw(SqlServerEventId.SavepointsDisabledBecauseOfMARS))'.
2026-07-11 09:36:28.455 +03:00 [WRN] Savepoints are disabled because Multiple Active Result Sets (MARS) is enabled. If 'SaveChanges' fails, then the transaction cannot be automatically rolled back to a known clean state. Instead, the transaction should be rolled back by the application before retrying 'SaveChanges'. See https://go.microsoft.com/fwlink/?linkid=2149338 for more information and examples. To identify the code which triggers this warning, call 'ConfigureWarnings(w => w.Throw(SqlServerEventId.SavepointsDisabledBecauseOfMARS))'.
2026-07-11 09:36:28.497 +03:00 [INF] HTTP POST /api/staff responded 201 in 495.3657 ms
2026-07-11 09:36:28.550 +03:00 [INF] HTTP GET /api/staff/18 responded 200 in 25.7492 ms
2026-07-11 09:36:29.217 +03:00 [INF] HTTP GET /staff-photos/EMP-0018/EMP-0018.png responded 200 in 29.7373 ms
2026-07-11 09:36:44.469 +03:00 [INF] Expired 1 stale QR token(s); a replacement was pushed to the kiosk.
2026-07-11 09:36:51.198 +03:00 [INF] QR scan attempt: StaffId=17 Token=404d138b… Outcome="Success" Ip=127.0.0.1
2026-07-11 09:36:51.210 +03:00 [ERR] HTTP POST /api/attendance/scan responded 500 in 23.6626 ms
Attendance.Application.Exceptions.OutsideScheduleException: No attendance slot is open at this time.
   at Attendance.Application.Services.AttendanceService.RecordAttendanceAsync(Int32 staffId, Int32 qrSessionId) in C:\PROJECTS\employer\src\Attendance.Application\Services\AttendanceService.cs:line 60
   at Attendance.Api.Controllers.AttendanceController.Scan(ScanRequestDto request) in C:\PROJECTS\employer\src\Attendance.Api\Controllers\AttendanceController.cs:line 68
   at Microsoft.AspNetCore.Mvc.Infrastructure.ActionMethodExecutor.TaskOfIActionResultExecutor.Execute(ActionContext actionContext, IActionResultTypeMapper mapper, ObjectMethodExecutor executor, Object controller, Object[] arguments)
   at Microsoft.AspNetCore.Mvc.Infrastructure.ControllerActionInvoker.<InvokeActionMethodAsync>g__Awaited|12_0(ControllerActionInvoker invoker, ValueTask`1 actionResultValueTask)
   at Microsoft.AspNetCore.Mvc.Infrastructure.ControllerActionInvoker.<InvokeNextActionFilterAsync>g__Awaited|10_0(ControllerActionInvoker invoker, Task lastTask, State next, Scope scope, Object state, Boolean isCompleted)
   at Microsoft.AspNetCore.Mvc.Infrastructure.ControllerActionInvoker.Rethrow(ActionExecutedContextSealed context)
   at Microsoft.AspNetCore.Mvc.Infrastructure.ControllerActionInvoker.Next(State& next, Scope& scope, Object& state, Boolean& isCompleted)
   at Microsoft.AspNetCore.Mvc.Infrastructure.ControllerActionInvoker.<InvokeInnerFilterAsync>g__Awaited|13_0(ControllerActionInvoker invoker, Task lastTask, State next, Scope scope, Object state, Boolean isCompleted)
   at Microsoft.AspNetCore.Mvc.Infrastructure.ResourceInvoker.<InvokeFilterPipelineAsync>g__Awaited|20_0(ResourceInvoker invoker, Task lastTask, State next, Scope scope, Object state, Boolean isCompleted)
   at Microsoft.AspNetCore.Mvc.Infrastructure.ResourceInvoker.<InvokeAsync>g__Awaited|17_0(ResourceInvoker invoker, Task task, IDisposable scope)
   at Microsoft.AspNetCore.Mvc.Infrastructure.ResourceInvoker.<InvokeAsync>g__Awaited|17_0(ResourceInvoker invoker, Task task, IDisposable scope)
   at Microsoft.AspNetCore.Authorization.AuthorizationMiddleware.Invoke(HttpContext context)
   at Microsoft.AspNetCore.Authentication.AuthenticationMiddleware.Invoke(HttpContext context)
   at Swashbuckle.AspNetCore.SwaggerUI.SwaggerUIMiddleware.Invoke(HttpContext httpContext)
   at Swashbuckle.AspNetCore.Swagger.SwaggerMiddleware.Invoke(HttpContext httpContext, ISwaggerProvider swaggerProvider)
   at Serilog.AspNetCore.RequestLoggingMiddleware.Invoke(HttpContext httpContext)
2026-07-11 09:36:51.219 +03:00 [WRN] Request fault 422 on POST /api/attendance/scan: No attendance slot is open at this time.
2026-07-11 09:37:09.450 +03:00 [INF] Expired 1 stale QR token(s); a replacement was pushed to the kiosk.
2026-07-11 09:37:24.458 +03:00 [INF] Expired 1 stale QR token(s); a replacement was pushed to the kiosk.
2026-07-11 09:37:24.476 +03:00 [INF] HTTP POST /api/auth/login responded 200 in 103.5538 ms
2026-07-11 09:37:28.285 +03:00 [INF] QR scan attempt: StaffId=18 Token=806bbe8b… Outcome="Success" Ip=127.0.0.1
2026-07-11 09:37:28.290 +03:00 [ERR] HTTP POST /api/attendance/scan responded 500 in 10.2076 ms
Attendance.Application.Exceptions.OutsideScheduleException: No attendance slot is open at this time.
   at Attendance.Application.Services.AttendanceService.RecordAttendanceAsync(Int32 staffId, Int32 qrSessionId) in C:\PROJECTS\employer\src\Attendance.Application\Services\AttendanceService.cs:line 60
   at Attendance.Api.Controllers.AttendanceController.Scan(ScanRequestDto request) in C:\PROJECTS\employer\src\Attendance.Api\Controllers\AttendanceController.cs:line 68
   at Microsoft.AspNetCore.Mvc.Infrastructure.ActionMethodExecutor.TaskOfIActionResultExecutor.Execute(ActionContext actionContext, IActionResultTypeMapper mapper, ObjectMethodExecutor executor, Object controller, Object[] arguments)
   at Microsoft.AspNetCore.Mvc.Infrastructure.ControllerActionInvoker.<InvokeActionMethodAsync>g__Awaited|12_0(ControllerActionInvoker invoker, ValueTask`1 actionResultValueTask)
   at Microsoft.AspNetCore.Mvc.Infrastructure.ControllerActionInvoker.<InvokeNextActionFilterAsync>g__Awaited|10_0(ControllerActionInvoker invoker, Task lastTask, State next, Scope scope, Object state, Boolean isCompleted)
   at Microsoft.AspNetCore.Mvc.Infrastructure.ControllerActionInvoker.Rethrow(ActionExecutedContextSealed context)
   at Microsoft.AspNetCore.Mvc.Infrastructure.ControllerActionInvoker.Next(State& next, Scope& scope, Object& state, Boolean& isCompleted)
   at Microsoft.AspNetCore.Mvc.Infrastructure.ControllerActionInvoker.<InvokeInnerFilterAsync>g__Awaited|13_0(ControllerActionInvoker invoker, Task lastTask, State next, Scope scope, Object state, Boolean isCompleted)
   at Microsoft.AspNetCore.Mvc.Infrastructure.ResourceInvoker.<InvokeFilterPipelineAsync>g__Awaited|20_0(ResourceInvoker invoker, Task lastTask, State next, Scope scope, Object state, Boolean isCompleted)
   at Microsoft.AspNetCore.Mvc.Infrastructure.ResourceInvoker.<InvokeAsync>g__Awaited|17_0(ResourceInvoker invoker, Task task, IDisposable scope)
   at Microsoft.AspNetCore.Mvc.Infrastructure.ResourceInvoker.<InvokeAsync>g__Awaited|17_0(ResourceInvoker invoker, Task task, IDisposable scope)
   at Microsoft.AspNetCore.Authorization.AuthorizationMiddleware.Invoke(HttpContext context)
   at Microsoft.AspNetCore.Authentication.AuthenticationMiddleware.Invoke(HttpContext context)
   at Swashbuckle.AspNetCore.SwaggerUI.SwaggerUIMiddleware.Invoke(HttpContext httpContext)
   at Swashbuckle.AspNetCore.Swagger.SwaggerMiddleware.Invoke(HttpContext httpContext, ISwaggerProvider swaggerProvider)
   at Serilog.AspNetCore.RequestLoggingMiddleware.Invoke(HttpContext httpContext)
2026-07-11 09:37:28.302 +03:00 [WRN] Request fault 422 on POST /api/attendance/scan: No attendance slot is open at this time.
2026-07-11 09:37:43.520 +03:00 [INF] HTTP GET /api/slots responded 200 in 7.8432 ms
2026-07-11 09:37:44.458 +03:00 [INF] Expired 1 stale QR token(s); a replacement was pushed to the kiosk.
2026-07-11 09:37:59.466 +03:00 [INF] Expired 1 stale QR token(s); a replacement was pushed to the kiosk.
2026-07-11 09:38:19.448 +03:00 [INF] Expired 1 stale QR token(s); a replacement was pushed to the kiosk.
2026-07-11 09:38:34.455 +03:00 [INF] Expired 1 stale QR token(s); a replacement was pushed to the kiosk.
2026-07-11 09:38:44.586 +03:00 [INF] HTTP GET /api/reports/daily responded 200 in 20.2522 ms
2026-07-11 09:38:49.469 +03:00 [INF] Expired 1 stale QR token(s); a replacement was pushed to the kiosk.
2026-07-11 09:39:09.459 +03:00 [INF] Expired 1 stale QR token(s); a replacement was pushed to the kiosk.
2026-07-11 09:39:17.293 +03:00 [INF] HTTP GET /api/slots responded 200 in 4.5393 ms
2026-07-11 09:39:29.453 +03:00 [INF] Expired 1 stale QR token(s); a replacement was pushed to the kiosk.
2026-07-11 09:39:44.461 +03:00 [INF] Expired 1 stale QR token(s); a replacement was pushed to the kiosk.
2026-07-11 09:40:04.450 +03:00 [INF] Expired 1 stale QR token(s); a replacement was pushed to the kiosk.
2026-07-11 09:40:08.243 +03:00 [INF] HTTP POST /api/slots responded 201 in 44.7488 ms
2026-07-11 09:40:08.465 +03:00 [INF] HTTP GET /api/slots responded 200 in 2.0480 ms
2026-07-11 09:40:24.453 +03:00 [INF] Expired 1 stale QR token(s); a replacement was pushed to the kiosk.
2026-07-11 09:40:28.699 +03:00 [INF] QR scan attempt: StaffId=18 Token=e67c452c… Outcome="Success" Ip=127.0.0.1
2026-07-11 09:40:28.803 +03:00 [INF] HTTP POST /api/attendance/scan responded 200 in 119.4027 ms
2026-07-11 09:40:44.459 +03:00 [INF] Expired 1 stale QR token(s); a replacement was pushed to the kiosk.
2026-07-11 09:41:04.458 +03:00 [INF] Expired 1 stale QR token(s); a replacement was pushed to the kiosk.
2026-07-11 09:41:06.741 +03:00 [INF] HTTP GET /api/staff responded 200 in 11.9618 ms
2026-07-11 09:41:13.240 +03:00 [INF] HTTP GET /api/slots responded 200 in 3.6914 ms
2026-07-11 09:41:20.548 +03:00 [ERR] HTTP DELETE /api/slots/1/permanent responded 500 in 27.1412 ms
Attendance.Application.Exceptions.SlotInUseException: Cannot delete 'MorningIn': 5 attendance record(s) reference this slot. Deactivate it instead.
   at Attendance.Application.Services.SlotConfigService.DeleteSlotAsync(Int32 slotId) in C:\PROJECTS\employer\src\Attendance.Application\Services\SlotConfigService.cs:line 66
   at Attendance.Api.Controllers.SlotConfigController.Delete(Int32 id) in C:\PROJECTS\employer\src\Attendance.Api\Controllers\SlotConfigController.cs:line 68
   at Microsoft.AspNetCore.Mvc.Infrastructure.ActionMethodExecutor.TaskOfIActionResultExecutor.Execute(ActionContext actionContext, IActionResultTypeMapper mapper, ObjectMethodExecutor executor, Object controller, Object[] arguments)
   at Microsoft.AspNetCore.Mvc.Infrastructure.ControllerActionInvoker.<InvokeActionMethodAsync>g__Awaited|12_0(ControllerActionInvoker invoker, ValueTask`1 actionResultValueTask)
   at Microsoft.AspNetCore.Mvc.Infrastructure.ControllerActionInvoker.<InvokeNextActionFilterAsync>g__Awaited|10_0(ControllerActionInvoker invoker, Task lastTask, State next, Scope scope, Object state, Boolean isCompleted)
   at Microsoft.AspNetCore.Mvc.Infrastructure.ControllerActionInvoker.Rethrow(ActionExecutedContextSealed context)
   at Microsoft.AspNetCore.Mvc.Infrastructure.ControllerActionInvoker.Next(State& next, Scope& scope, Object& state, Boolean& isCompleted)
   at Microsoft.AspNetCore.Mvc.Infrastructure.ControllerActionInvoker.<InvokeInnerFilterAsync>g__Awaited|13_0(ControllerActionInvoker invoker, Task lastTask, State next, Scope scope, Object state, Boolean isCompleted)
   at Microsoft.AspNetCore.Mvc.Infrastructure.ResourceInvoker.<InvokeFilterPipelineAsync>g__Awaited|20_0(ResourceInvoker invoker, Task lastTask, State next, Scope scope, Object state, Boolean isCompleted)
   at Microsoft.AspNetCore.Mvc.Infrastructure.ResourceInvoker.<InvokeAsync>g__Awaited|17_0(ResourceInvoker invoker, Task task, IDisposable scope)
   at Microsoft.AspNetCore.Mvc.Infrastructure.ResourceInvoker.<InvokeAsync>g__Awaited|17_0(ResourceInvoker invoker, Task task, IDisposable scope)
   at Microsoft.AspNetCore.Authorization.AuthorizationMiddleware.Invoke(HttpContext context)
   at Microsoft.AspNetCore.Authentication.AuthenticationMiddleware.Invoke(HttpContext context)
   at Swashbuckle.AspNetCore.SwaggerUI.SwaggerUIMiddleware.Invoke(HttpContext httpContext)
   at Swashbuckle.AspNetCore.Swagger.SwaggerMiddleware.Invoke(HttpContext httpContext, ISwaggerProvider swaggerProvider)
   at Serilog.AspNetCore.RequestLoggingMiddleware.Invoke(HttpContext httpContext)
2026-07-11 09:41:20.554 +03:00 [WRN] Request fault 409 on DELETE /api/slots/1/permanent: Cannot delete 'MorningIn': 5 attendance record(s) reference this slot. Deactivate it instead.
2026-07-11 09:41:24.452 +03:00 [INF] Expired 1 stale QR token(s); a replacement was pushed to the kiosk.
2026-07-11 09:41:27.427 +03:00 [ERR] HTTP DELETE /api/slots/1/permanent responded 500 in 2.7923 ms
Attendance.Application.Exceptions.SlotInUseException: Cannot delete 'MorningIn': 5 attendance record(s) reference this slot. Deactivate it instead.
   at Attendance.Application.Services.SlotConfigService.DeleteSlotAsync(Int32 slotId) in C:\PROJECTS\employer\src\Attendance.Application\Services\SlotConfigService.cs:line 66
   at Attendance.Api.Controllers.SlotConfigController.Delete(Int32 id) in C:\PROJECTS\employer\src\Attendance.Api\Controllers\SlotConfigController.cs:line 68
   at Microsoft.AspNetCore.Mvc.Infrastructure.ActionMethodExecutor.TaskOfIActionResultExecutor.Execute(ActionContext actionContext, IActionResultTypeMapper mapper, ObjectMethodExecutor executor, Object controller, Object[] arguments)
   at Microsoft.AspNetCore.Mvc.Infrastructure.ControllerActionInvoker.<InvokeActionMethodAsync>g__Awaited|12_0(ControllerActionInvoker invoker, ValueTask`1 actionResultValueTask)
   at Microsoft.AspNetCore.Mvc.Infrastructure.ControllerActionInvoker.<InvokeNextActionFilterAsync>g__Awaited|10_0(ControllerActionInvoker invoker, Task lastTask, State next, Scope scope, Object state, Boolean isCompleted)
   at Microsoft.AspNetCore.Mvc.Infrastructure.ControllerActionInvoker.Rethrow(ActionExecutedContextSealed context)
   at Microsoft.AspNetCore.Mvc.Infrastructure.ControllerActionInvoker.Next(State& next, Scope& scope, Object& state, Boolean& isCompleted)
   at Microsoft.AspNetCore.Mvc.Infrastructure.ControllerActionInvoker.<InvokeInnerFilterAsync>g__Awaited|13_0(ControllerActionInvoker invoker, Task lastTask, State next, Scope scope, Object state, Boolean isCompleted)
   at Microsoft.AspNetCore.Mvc.Infrastructure.ResourceInvoker.<InvokeFilterPipelineAsync>g__Awaited|20_0(ResourceInvoker invoker, Task lastTask, State next, Scope scope, Object state, Boolean isCompleted)
   at Microsoft.AspNetCore.Mvc.Infrastructure.ResourceInvoker.<InvokeAsync>g__Awaited|17_0(ResourceInvoker invoker, Task task, IDisposable scope)
   at Microsoft.AspNetCore.Mvc.Infrastructure.ResourceInvoker.<InvokeAsync>g__Awaited|17_0(ResourceInvoker invoker, Task task, IDisposable scope)
   at Microsoft.AspNetCore.Authorization.AuthorizationMiddleware.Invoke(HttpContext context)
   at Microsoft.AspNetCore.Authentication.AuthenticationMiddleware.Invoke(HttpContext context)
   at Swashbuckle.AspNetCore.SwaggerUI.SwaggerUIMiddleware.Invoke(HttpContext httpContext)
   at Swashbuckle.AspNetCore.Swagger.SwaggerMiddleware.Invoke(HttpContext httpContext, ISwaggerProvider swaggerProvider)
   at Serilog.AspNetCore.RequestLoggingMiddleware.Invoke(HttpContext httpContext)
2026-07-11 09:41:27.433 +03:00 [WRN] Request fault 409 on DELETE /api/slots/1/permanent: Cannot delete 'MorningIn': 5 attendance record(s) reference this slot. Deactivate it instead.
2026-07-11 09:41:44.448 +03:00 [INF] Expired 1 stale QR token(s); a replacement was pushed to the kiosk.
2026-07-11 09:42:04.465 +03:00 [INF] Expired 1 stale QR token(s); a replacement was pushed to the kiosk.
2026-07-11 09:42:24.464 +03:00 [INF] Expired 1 stale QR token(s); a replacement was pushed to the kiosk.
2026-07-11 09:42:44.447 +03:00 [INF] Expired 1 stale QR token(s); a replacement was pushed to the kiosk.
2026-07-11 09:42:59.458 +03:00 [INF] Expired 1 stale QR token(s); a replacement was pushed to the kiosk.
2026-07-11 09:43:19.468 +03:00 [INF] Expired 1 stale QR token(s); a replacement was pushed to the kiosk.
2026-07-11 09:43:29.128 +03:00 [INF] HTTP GET /api/staff responded 200 in 9.3925 ms
2026-07-11 09:43:39.456 +03:00 [INF] Expired 1 stale QR token(s); a replacement was pushed to the kiosk.
2026-07-11 09:43:54.463 +03:00 [INF] Expired 1 stale QR token(s); a replacement was pushed to the kiosk.
2026-07-11 09:44:14.448 +03:00 [INF] Expired 1 stale QR token(s); a replacement was pushed to the kiosk.
2026-07-11 09:44:34.457 +03:00 [INF] Expired 1 stale QR token(s); a replacement was pushed to the kiosk.
2026-07-11 09:44:54.448 +03:00 [INF] Expired 1 stale QR token(s); a replacement was pushed to the kiosk.
2026-07-11 09:45:09.460 +03:00 [INF] Expired 1 stale QR token(s); a replacement was pushed to the kiosk.
2026-07-11 09:45:29.467 +03:00 [INF] Expired 1 stale QR token(s); a replacement was pushed to the kiosk.
2026-07-11 09:45:49.457 +03:00 [INF] Expired 1 stale QR token(s); a replacement was pushed to the kiosk.
2026-07-11 09:46:09.449 +03:00 [INF] Expired 1 stale QR token(s); a replacement was pushed to the kiosk.
2026-07-11 09:46:24.461 +03:00 [INF] Expired 1 stale QR token(s); a replacement was pushed to the kiosk.
2026-07-11 09:46:44.453 +03:00 [INF] Expired 1 stale QR token(s); a replacement was pushed to the kiosk.
2026-07-11 09:47:04.453 +03:00 [INF] Expired 1 stale QR token(s); a replacement was pushed to the kiosk.
2026-07-11 09:47:24.444 +03:00 [INF] Expired 1 stale QR token(s); a replacement was pushed to the kiosk.
2026-07-11 09:47:39.465 +03:00 [INF] Expired 1 stale QR token(s); a replacement was pushed to the kiosk.
2026-07-11 09:47:59.447 +03:00 [INF] Expired 1 stale QR token(s); a replacement was pushed to the kiosk.
2026-07-11 09:48:14.455 +03:00 [INF] Expired 1 stale QR token(s); a replacement was pushed to the kiosk.
2026-07-11 09:48:34.453 +03:00 [INF] Expired 1 stale QR token(s); a replacement was pushed to the kiosk.
2026-07-11 09:48:45.560 +03:00 [INF] HTTP GET /hubs/attendance responded 101 in 1434090.7656 ms
2026-07-11 09:48:46.375 +03:00 [INF] HTTP POST /hubs/attendance/negotiate responded 200 in 0.3180 ms
2026-07-11 09:48:46.375 +03:00 [INF] HTTP GET /api/staff responded 401 in 0.7710 ms
2026-07-11 09:48:49.471 +03:00 [INF] Expired 1 stale QR token(s); a replacement was pushed to the kiosk.
2026-07-11 09:48:56.546 +03:00 [INF] HTTP GET /hubs/attendance responded 101 in 9537.2037 ms
2026-07-11 09:48:57.323 +03:00 [INF] HTTP POST /hubs/attendance/negotiate responded 200 in 0.2577 ms
2026-07-11 09:49:09.461 +03:00 [INF] Expired 1 stale QR token(s); a replacement was pushed to the kiosk.
2026-07-11 09:49:09.579 +03:00 [INF] HTTP GET /hubs/attendance responded 101 in 11626.3903 ms
2026-07-11 09:49:10.215 +03:00 [INF] HTTP POST /hubs/attendance/negotiate responded 200 in 0.3220 ms
2026-07-11 09:49:29.448 +03:00 [INF] Expired 1 stale QR token(s); a replacement was pushed to the kiosk.
2026-07-11 09:49:30.962 +03:00 [INF] HTTP GET /hubs/attendance responded 101 in 20117.1854 ms
2026-07-11 09:49:31.864 +03:00 [INF] HTTP POST /hubs/attendance/negotiate responded 200 in 0.2463 ms
2026-07-11 09:49:38.957 +03:00 [INF] HTTP GET /hubs/attendance responded 101 in 6457.9635 ms
2026-07-11 09:49:39.621 +03:00 [INF] HTTP POST /hubs/attendance/negotiate responded 200 in 0.2401 ms
2026-07-11 09:49:44.465 +03:00 [INF] Expired 1 stale QR token(s); a replacement was pushed to the kiosk.
2026-07-11 09:49:49.926 +03:00 [INF] HTTP GET /hubs/attendance responded 101 in 9680.3345 ms
2026-07-11 09:49:50.256 +03:00 [INF] HTTP POST /hubs/attendance/negotiate responded 200 in 0.2707 ms
2026-07-11 09:50:04.461 +03:00 [INF] Expired 1 stale QR token(s); a replacement was pushed to the kiosk.
2026-07-11 09:50:24.471 +03:00 [INF] Expired 1 stale QR token(s); a replacement was pushed to the kiosk.
2026-07-11 09:50:37.498 +03:00 [INF] HTTP GET /hubs/attendance responded 101 in 46617.7699 ms
2026-07-11 09:50:44.464 +03:00 [INF] Expired 1 stale QR token(s); a replacement was pushed to the kiosk.
2026-07-11 09:51:04.455 +03:00 [INF] Expired 1 stale QR token(s); a replacement was pushed to the kiosk.
2026-07-11 09:51:19.471 +03:00 [INF] Expired 1 stale QR token(s); a replacement was pushed to the kiosk.
2026-07-11 09:51:39.461 +03:00 [INF] Expired 1 stale QR token(s); a replacement was pushed to the kiosk.
2026-07-11 09:51:59.462 +03:00 [INF] Expired 1 stale QR token(s); a replacement was pushed to the kiosk.
2026-07-11 09:52:19.462 +03:00 [INF] Expired 1 stale QR token(s); a replacement was pushed to the kiosk.
2026-07-11 09:52:39.458 +03:00 [INF] Expired 1 stale QR token(s); a replacement was pushed to the kiosk.
2026-07-11 09:52:59.457 +03:00 [INF] Expired 1 stale QR token(s); a replacement was pushed to the kiosk.
2026-07-11 09:53:19.459 +03:00 [INF] Expired 1 stale QR token(s); a replacement was pushed to the kiosk.
2026-07-11 09:53:39.462 +03:00 [INF] Expired 1 stale QR token(s); a replacement was pushed to the kiosk.
2026-07-11 09:53:59.470 +03:00 [INF] Expired 1 stale QR token(s); a replacement was pushed to the kiosk.
2026-07-11 09:54:19.462 +03:00 [INF] Expired 1 stale QR token(s); a replacement was pushed to the kiosk.
2026-07-11 09:54:39.470 +03:00 [INF] Expired 1 stale QR token(s); a replacement was pushed to the kiosk.
2026-07-11 09:54:59.460 +03:00 [INF] Expired 1 stale QR token(s); a replacement was pushed to the kiosk.
2026-07-11 09:55:19.469 +03:00 [INF] Expired 1 stale QR token(s); a replacement was pushed to the kiosk.
2026-07-11 09:55:26.657 +03:00 [INF] HTTP POST /api/auth/login responded 200 in 118.7531 ms
2026-07-11 09:55:26.888 +03:00 [INF] HTTP GET /api/staff responded 200 in 19.8264 ms
2026-07-11 09:55:38.929 +03:00 [INF] HTTP DELETE /api/staff/1 responded 405 in 0.6089 ms
2026-07-11 09:55:39.464 +03:00 [INF] Expired 1 stale QR token(s); a replacement was pushed to the kiosk.
2026-07-11 09:55:41.886 +03:00 [INF] HTTP DELETE /api/staff/1 responded 405 in 0.4073 ms
2026-07-11 09:55:45.023 +03:00 [INF] HTTP DELETE /api/staff/1 responded 405 in 0.2246 ms
2026-07-11 09:55:46.773 +03:00 [INF] HTTP DELETE /api/staff/1 responded 405 in 0.2293 ms
2026-07-11 09:55:54.478 +03:00 [INF] Expired 1 stale QR token(s); a replacement was pushed to the kiosk.
2026-07-11 09:56:14.471 +03:00 [INF] Expired 1 stale QR token(s); a replacement was pushed to the kiosk.
2026-07-11 09:56:34.474 +03:00 [INF] Expired 1 stale QR token(s); a replacement was pushed to the kiosk.
2026-07-11 09:56:39.031 +03:00 [INF] HTTP DELETE /api/staff/1 responded 405 in 0.3789 ms
2026-07-11 09:56:43.956 +03:00 [INF] HTTP DELETE /api/staff/1 responded 405 in 0.5418 ms
2026-07-11 09:56:54.472 +03:00 [INF] Expired 1 stale QR token(s); a replacement was pushed to the kiosk.
2026-07-11 09:57:14.455 +03:00 [INF] Expired 1 stale QR token(s); a replacement was pushed to the kiosk.
2026-07-11 09:57:23.129 +03:00 [INF] Application is shutting down...
2026-07-11 09:57:45.820 +03:00 [WRN] The 'StaffStatus' property 'Status' on entity type 'Staff' is configured with a database-generated default, but has no configured sentinel value. The database-generated default will always be used for inserts when the property has the value 'Inactive', since this is the CLR default for the 'StaffStatus' type. Consider using a nullable type, using a nullable backing field, or setting the sentinel value for the property to ensure the database default is used when, and only when, appropriate. See https://aka.ms/efcore-docs-default-values for more information.
2026-07-11 09:57:47.369 +03:00 [INF] Kiosk QR deep-link base: http://192.168.1.4:4200/scan — phones must be able to reach this host.
2026-07-11 09:57:47.414 +03:00 [INF] QR token expiry sweep started (interval 5s).
2026-07-11 09:57:47.475 +03:00 [INF] Now listening on: http://0.0.0.0:5080
2026-07-11 09:57:47.477 +03:00 [INF] Application started. Press Ctrl+C to shut down.
2026-07-11 09:57:47.478 +03:00 [INF] Hosting environment: Development
2026-07-11 09:57:47.479 +03:00 [INF] Content root path: C:\PROJECTS\employer\src\Attendance.Api
2026-07-11 09:57:52.837 +03:00 [INF] Expired 1 stale QR token(s); a replacement was pushed to the kiosk.
2026-07-11 09:58:04.095 +03:00 [WRN] Failed to determine the https port for redirect.
2026-07-11 09:58:04.571 +03:00 [WRN] Savepoints are disabled because Multiple Active Result Sets (MARS) is enabled. If 'SaveChanges' fails, then the transaction cannot be automatically rolled back to a known clean state. Instead, the transaction should be rolled back by the application before retrying 'SaveChanges'. See https://go.microsoft.com/fwlink/?linkid=2149338 for more information and examples. To identify the code which triggers this warning, call 'ConfigureWarnings(w => w.Throw(SqlServerEventId.SavepointsDisabledBecauseOfMARS))'.
2026-07-11 09:58:04.628 +03:00 [INF] HTTP DELETE /api/staff/1 responded 204 in 588.8937 ms
2026-07-11 09:58:04.870 +03:00 [INF] HTTP GET /api/staff responded 200 in 207.5960 ms
2026-07-11 09:58:10.910 +03:00 [WRN] Savepoints are disabled because Multiple Active Result Sets (MARS) is enabled. If 'SaveChanges' fails, then the transaction cannot be automatically rolled back to a known clean state. Instead, the transaction should be rolled back by the application before retrying 'SaveChanges'. See https://go.microsoft.com/fwlink/?linkid=2149338 for more information and examples. To identify the code which triggers this warning, call 'ConfigureWarnings(w => w.Throw(SqlServerEventId.SavepointsDisabledBecauseOfMARS))'.
2026-07-11 09:58:10.924 +03:00 [INF] HTTP DELETE /api/staff/2 responded 204 in 67.3321 ms
2026-07-11 09:58:10.971 +03:00 [INF] HTTP GET /api/staff responded 200 in 23.5757 ms
2026-07-11 09:58:12.479 +03:00 [INF] Expired 1 stale QR token(s); a replacement was pushed to the kiosk.
2026-07-11 09:58:19.096 +03:00 [WRN] Savepoints are disabled because Multiple Active Result Sets (MARS) is enabled. If 'SaveChanges' fails, then the transaction cannot be automatically rolled back to a known clean state. Instead, the transaction should be rolled back by the application before retrying 'SaveChanges'. See https://go.microsoft.com/fwlink/?linkid=2149338 for more information and examples. To identify the code which triggers this warning, call 'ConfigureWarnings(w => w.Throw(SqlServerEventId.SavepointsDisabledBecauseOfMARS))'.
2026-07-11 09:58:19.112 +03:00 [INF] HTTP DELETE /api/staff/3 responded 204 in 43.3882 ms
2026-07-11 09:58:19.765 +03:00 [INF] HTTP GET /api/staff responded 200 in 13.3734 ms
2026-07-11 09:58:22.765 +03:00 [WRN] Savepoints are disabled because Multiple Active Result Sets (MARS) is enabled. If 'SaveChanges' fails, then the transaction cannot be automatically rolled back to a known clean state. Instead, the transaction should be rolled back by the application before retrying 'SaveChanges'. See https://go.microsoft.com/fwlink/?linkid=2149338 for more information and examples. To identify the code which triggers this warning, call 'ConfigureWarnings(w => w.Throw(SqlServerEventId.SavepointsDisabledBecauseOfMARS))'.
2026-07-11 09:58:22.771 +03:00 [INF] HTTP DELETE /api/staff/4 responded 204 in 13.7521 ms
2026-07-11 09:58:23.420 +03:00 [INF] HTTP GET /api/staff responded 200 in 4.8978 ms
2026-07-11 09:58:26.149 +03:00 [WRN] Savepoints are disabled because Multiple Active Result Sets (MARS) is enabled. If 'SaveChanges' fails, then the transaction cannot be automatically rolled back to a known clean state. Instead, the transaction should be rolled back by the application before retrying 'SaveChanges'. See https://go.microsoft.com/fwlink/?linkid=2149338 for more information and examples. To identify the code which triggers this warning, call 'ConfigureWarnings(w => w.Throw(SqlServerEventId.SavepointsDisabledBecauseOfMARS))'.
2026-07-11 09:58:26.154 +03:00 [INF] HTTP DELETE /api/staff/5 responded 204 in 13.8967 ms
2026-07-11 09:58:26.793 +03:00 [INF] HTTP GET /api/staff responded 200 in 4.4381 ms
2026-07-11 09:58:29.573 +03:00 [WRN] Savepoints are disabled because Multiple Active Result Sets (MARS) is enabled. If 'SaveChanges' fails, then the transaction cannot be automatically rolled back to a known clean state. Instead, the transaction should be rolled back by the application before retrying 'SaveChanges'. See https://go.microsoft.com/fwlink/?linkid=2149338 for more information and examples. To identify the code which triggers this warning, call 'ConfigureWarnings(w => w.Throw(SqlServerEventId.SavepointsDisabledBecauseOfMARS))'.
2026-07-11 09:58:29.586 +03:00 [INF] HTTP DELETE /api/staff/6 responded 204 in 33.5190 ms
2026-07-11 09:58:30.239 +03:00 [INF] HTTP GET /api/staff responded 200 in 10.5550 ms
2026-07-11 09:58:32.443 +03:00 [INF] Expired 1 stale QR token(s); a replacement was pushed to the kiosk.
2026-07-11 09:58:32.878 +03:00 [WRN] Savepoints are disabled because Multiple Active Result Sets (MARS) is enabled. If 'SaveChanges' fails, then the transaction cannot be automatically rolled back to a known clean state. Instead, the transaction should be rolled back by the application before retrying 'SaveChanges'. See https://go.microsoft.com/fwlink/?linkid=2149338 for more information and examples. To identify the code which triggers this warning, call 'ConfigureWarnings(w => w.Throw(SqlServerEventId.SavepointsDisabledBecauseOfMARS))'.
2026-07-11 09:58:32.883 +03:00 [INF] HTTP DELETE /api/staff/7 responded 204 in 10.4732 ms
2026-07-11 09:58:33.535 +03:00 [INF] HTTP GET /api/staff responded 200 in 4.1264 ms
2026-07-11 09:58:35.938 +03:00 [WRN] Savepoints are disabled because Multiple Active Result Sets (MARS) is enabled. If 'SaveChanges' fails, then the transaction cannot be automatically rolled back to a known clean state. Instead, the transaction should be rolled back by the application before retrying 'SaveChanges'. See https://go.microsoft.com/fwlink/?linkid=2149338 for more information and examples. To identify the code which triggers this warning, call 'ConfigureWarnings(w => w.Throw(SqlServerEventId.SavepointsDisabledBecauseOfMARS))'.
2026-07-11 09:58:35.954 +03:00 [INF] HTTP DELETE /api/staff/8 responded 204 in 39.6176 ms
2026-07-11 09:58:36.602 +03:00 [INF] HTTP GET /api/staff responded 200 in 12.9556 ms
2026-07-11 09:58:39.364 +03:00 [WRN] Savepoints are disabled because Multiple Active Result Sets (MARS) is enabled. If 'SaveChanges' fails, then the transaction cannot be automatically rolled back to a known clean state. Instead, the transaction should be rolled back by the application before retrying 'SaveChanges'. See https://go.microsoft.com/fwlink/?linkid=2149338 for more information and examples. To identify the code which triggers this warning, call 'ConfigureWarnings(w => w.Throw(SqlServerEventId.SavepointsDisabledBecauseOfMARS))'.
2026-07-11 09:58:39.379 +03:00 [INF] HTTP DELETE /api/staff/9 responded 204 in 35.9366 ms
2026-07-11 09:58:40.041 +03:00 [INF] HTTP GET /api/staff responded 200 in 13.4232 ms
2026-07-11 09:58:42.285 +03:00 [WRN] Savepoints are disabled because Multiple Active Result Sets (MARS) is enabled. If 'SaveChanges' fails, then the transaction cannot be automatically rolled back to a known clean state. Instead, the transaction should be rolled back by the application before retrying 'SaveChanges'. See https://go.microsoft.com/fwlink/?linkid=2149338 for more information and examples. To identify the code which triggers this warning, call 'ConfigureWarnings(w => w.Throw(SqlServerEventId.SavepointsDisabledBecauseOfMARS))'.
2026-07-11 09:58:42.316 +03:00 [INF] HTTP DELETE /api/staff/10 responded 204 in 60.4582 ms
2026-07-11 09:58:42.974 +03:00 [INF] HTTP GET /api/staff responded 200 in 13.6535 ms
2026-07-11 09:58:45.341 +03:00 [WRN] Savepoints are disabled because Multiple Active Result Sets (MARS) is enabled. If 'SaveChanges' fails, then the transaction cannot be automatically rolled back to a known clean state. Instead, the transaction should be rolled back by the application before retrying 'SaveChanges'. See https://go.microsoft.com/fwlink/?linkid=2149338 for more information and examples. To identify the code which triggers this warning, call 'ConfigureWarnings(w => w.Throw(SqlServerEventId.SavepointsDisabledBecauseOfMARS))'.
2026-07-11 09:58:45.357 +03:00 [INF] HTTP DELETE /api/staff/11 responded 204 in 38.0079 ms
2026-07-11 09:58:46.015 +03:00 [INF] HTTP GET /api/staff responded 200 in 16.5286 ms
2026-07-11 09:58:47.468 +03:00 [INF] Expired 1 stale QR token(s); a replacement was pushed to the kiosk.
2026-07-11 09:58:48.357 +03:00 [WRN] Savepoints are disabled because Multiple Active Result Sets (MARS) is enabled. If 'SaveChanges' fails, then the transaction cannot be automatically rolled back to a known clean state. Instead, the transaction should be rolled back by the application before retrying 'SaveChanges'. See https://go.microsoft.com/fwlink/?linkid=2149338 for more information and examples. To identify the code which triggers this warning, call 'ConfigureWarnings(w => w.Throw(SqlServerEventId.SavepointsDisabledBecauseOfMARS))'.
2026-07-11 09:58:48.408 +03:00 [INF] HTTP DELETE /api/staff/12 responded 204 in 143.5363 ms
2026-07-11 09:58:49.067 +03:00 [INF] HTTP GET /api/staff responded 200 in 11.7207 ms
2026-07-11 09:58:51.401 +03:00 [WRN] Savepoints are disabled because Multiple Active Result Sets (MARS) is enabled. If 'SaveChanges' fails, then the transaction cannot be automatically rolled back to a known clean state. Instead, the transaction should be rolled back by the application before retrying 'SaveChanges'. See https://go.microsoft.com/fwlink/?linkid=2149338 for more information and examples. To identify the code which triggers this warning, call 'ConfigureWarnings(w => w.Throw(SqlServerEventId.SavepointsDisabledBecauseOfMARS))'.
2026-07-11 09:58:51.418 +03:00 [INF] HTTP DELETE /api/staff/13 responded 204 in 41.2741 ms
2026-07-11 09:58:52.068 +03:00 [INF] HTTP GET /api/staff responded 200 in 11.7013 ms
2026-07-11 09:58:55.062 +03:00 [WRN] Savepoints are disabled because Multiple Active Result Sets (MARS) is enabled. If 'SaveChanges' fails, then the transaction cannot be automatically rolled back to a known clean state. Instead, the transaction should be rolled back by the application before retrying 'SaveChanges'. See https://go.microsoft.com/fwlink/?linkid=2149338 for more information and examples. To identify the code which triggers this warning, call 'ConfigureWarnings(w => w.Throw(SqlServerEventId.SavepointsDisabledBecauseOfMARS))'.
2026-07-11 09:58:55.094 +03:00 [INF] HTTP DELETE /api/staff/14 responded 204 in 77.5099 ms
2026-07-11 09:58:55.743 +03:00 [INF] HTTP GET /api/staff responded 200 in 10.2237 ms
2026-07-11 09:58:59.311 +03:00 [WRN] Savepoints are disabled because Multiple Active Result Sets (MARS) is enabled. If 'SaveChanges' fails, then the transaction cannot be automatically rolled back to a known clean state. Instead, the transaction should be rolled back by the application before retrying 'SaveChanges'. See https://go.microsoft.com/fwlink/?linkid=2149338 for more information and examples. To identify the code which triggers this warning, call 'ConfigureWarnings(w => w.Throw(SqlServerEventId.SavepointsDisabledBecauseOfMARS))'.
2026-07-11 09:58:59.325 +03:00 [INF] HTTP DELETE /api/staff/15 responded 204 in 38.8280 ms
2026-07-11 09:58:59.967 +03:00 [INF] HTTP GET /api/staff responded 200 in 10.5868 ms
2026-07-11 09:59:07.443 +03:00 [INF] Expired 1 stale QR token(s); a replacement was pushed to the kiosk.
2026-07-11 09:59:08.821 +03:00 [INF] HTTP GET /api/slots responded 200 in 52.9268 ms
2026-07-11 09:59:15.389 +03:00 [INF] HTTP DELETE /api/slots/1/permanent responded 204 in 78.1386 ms
2026-07-11 09:59:15.581 +03:00 [INF] HTTP GET /api/slots responded 200 in 4.5732 ms
2026-07-11 09:59:19.836 +03:00 [INF] HTTP DELETE /api/slots/3/permanent responded 204 in 12.3505 ms
2026-07-11 09:59:20.089 +03:00 [INF] HTTP GET /api/slots responded 200 in 3.0575 ms
2026-07-11 09:59:22.499 +03:00 [INF] Expired 1 stale QR token(s); a replacement was pushed to the kiosk.
2026-07-11 09:59:42.458 +03:00 [INF] Expired 1 stale QR token(s); a replacement was pushed to the kiosk.
2026-07-11 10:00:02.450 +03:00 [INF] Expired 1 stale QR token(s); a replacement was pushed to the kiosk.
2026-07-11 10:00:22.432 +03:00 [INF] Expired 1 stale QR token(s); a replacement was pushed to the kiosk.
2026-07-11 10:00:42.430 +03:00 [INF] Expired 1 stale QR token(s); a replacement was pushed to the kiosk.
2026-07-11 10:00:48.878 +03:00 [INF] HTTP GET /api/reports/daily responded 200 in 89.9141 ms
2026-07-11 10:00:57.465 +03:00 [INF] Expired 1 stale QR token(s); a replacement was pushed to the kiosk.
2026-07-11 10:01:17.449 +03:00 [INF] Expired 1 stale QR token(s); a replacement was pushed to the kiosk.
2026-07-11 10:01:30.115 +03:00 [INF] HTTP GET /api/slots responded 200 in 4.7503 ms
2026-07-11 10:01:37.445 +03:00 [INF] Expired 1 stale QR token(s); a replacement was pushed to the kiosk.
2026-07-11 10:01:57.432 +03:00 [INF] Expired 1 stale QR token(s); a replacement was pushed to the kiosk.
2026-07-11 10:01:58.422 +03:00 [INF] HTTP GET /api/reports/daily responded 200 in 14.1892 ms
2026-07-11 10:02:12.447 +03:00 [INF] Expired 1 stale QR token(s); a replacement was pushed to the kiosk.
2026-07-11 10:02:28.128 +03:00 [INF] HTTP GET /api/slots responded 200 in 3.7617 ms
2026-07-11 10:02:32.439 +03:00 [INF] Expired 1 stale QR token(s); a replacement was pushed to the kiosk.
2026-07-11 10:02:52.437 +03:00 [INF] Expired 1 stale QR token(s); a replacement was pushed to the kiosk.
2026-07-11 10:03:07.455 +03:00 [INF] Expired 1 stale QR token(s); a replacement was pushed to the kiosk.
2026-07-11 10:03:27.434 +03:00 [INF] Expired 1 stale QR token(s); a replacement was pushed to the kiosk.
2026-07-11 10:03:33.544 +03:00 [INF] HTTP GET /api/reports/daily responded 200 in 13.7900 ms
2026-07-11 10:03:38.779 +03:00 [INF] HTTP GET /api/slots responded 200 in 3.1550 ms
2026-07-11 10:03:42.442 +03:00 [INF] Expired 1 stale QR token(s); a replacement was pushed to the kiosk.
2026-07-11 10:04:02.448 +03:00 [INF] Expired 1 stale QR token(s); a replacement was pushed to the kiosk.
2026-07-11 10:04:10.074 +03:00 [INF] HTTP GET /api/reports/daily responded 200 in 4.1605 ms
2026-07-11 10:04:13.169 +03:00 [INF] HTTP GET /api/slots responded 200 in 3.9906 ms
2026-07-11 10:04:22.447 +03:00 [INF] Expired 1 stale QR token(s); a replacement was pushed to the kiosk.
2026-07-11 10:04:42.443 +03:00 [INF] Expired 1 stale QR token(s); a replacement was pushed to the kiosk.
2026-07-11 10:05:02.441 +03:00 [INF] Expired 1 stale QR token(s); a replacement was pushed to the kiosk.
2026-07-11 10:05:10.773 +03:00 [INF] HTTP PUT /api/slots/12 responded 200 in 55.6091 ms
2026-07-11 10:05:10.980 +03:00 [INF] HTTP GET /api/slots responded 200 in 1.6206 ms
2026-07-11 10:05:17.455 +03:00 [INF] Expired 1 stale QR token(s); a replacement was pushed to the kiosk.
2026-07-11 10:05:18.671 +03:00 [INF] HTTP POST /hubs/attendance/negotiate responded 200 in 3.0029 ms
2026-07-11 10:05:20.850 +03:00 [INF] HTTP POST /api/attendance/scan responded 401 in 10.6659 ms
2026-07-11 10:05:31.536 +03:00 [INF] HTTP GET /api/staff responded 200 in 12.0777 ms
2026-07-11 10:05:37.474 +03:00 [INF] Expired 1 stale QR token(s); a replacement was pushed to the kiosk.
2026-07-11 10:05:55.587 +03:00 [INF] HTTP POST /api/auth/login responded 200 in 170.1184 ms
2026-07-11 10:05:57.438 +03:00 [INF] Expired 1 stale QR token(s); a replacement was pushed to the kiosk.
2026-07-11 10:06:00.064 +03:00 [INF] QR scan attempt: StaffId=18 Token=42f92220… Outcome="Success" Ip=127.0.0.1
2026-07-11 10:06:00.193 +03:00 [INF] HTTP POST /api/attendance/scan responded 200 in 189.3776 ms
2026-07-11 10:06:08.374 +03:00 [INF] HTTP GET /api/reports/daily responded 200 in 10.6424 ms
2026-07-11 10:06:17.429 +03:00 [INF] Expired 1 stale QR token(s); a replacement was pushed to the kiosk.
2026-07-11 10:06:32.443 +03:00 [INF] Expired 1 stale QR token(s); a replacement was pushed to the kiosk.
2026-07-11 10:06:52.444 +03:00 [INF] Expired 1 stale QR token(s); a replacement was pushed to the kiosk.
2026-07-11 10:07:12.450 +03:00 [INF] Expired 1 stale QR token(s); a replacement was pushed to the kiosk.
2026-07-11 10:07:27.442 +03:00 [INF] Expired 1 stale QR token(s); a replacement was pushed to the kiosk.
2026-07-11 10:07:47.439 +03:00 [INF] Expired 1 stale QR token(s); a replacement was pushed to the kiosk.
2026-07-11 10:08:02.445 +03:00 [INF] Expired 1 stale QR token(s); a replacement was pushed to the kiosk.
2026-07-11 10:08:22.434 +03:00 [INF] Expired 1 stale QR token(s); a replacement was pushed to the kiosk.
2026-07-11 10:08:37.448 +03:00 [INF] Expired 1 stale QR token(s); a replacement was pushed to the kiosk.
